fixture_id,ts,price,label_future_bbo_move,abs_mid_change_5s,abs_mid_change_10s,update_rate_5s,update_rate_10s,spread_shock,depth_drop_frac,abs_spread,depth,imbalance
18746260,2026-05-28 00:46:43+00:00,0.295,1,,,16.0,16.0,0.0,0.0,0.010000000000000009,1242.0,0.07407407407407407
18746260,2026-05-28 00:46:44+00:00,0.3,1,,,45.0,45.0,0.0,0.1817316841103711,0.010000000000000009,860.0,-0.3372093023255814
18746260,2026-05-28 00:46:45+00:00,0.345,1,,,90.0,90.0,0.08000000000000002,0.3023255813953488,0.09000000000000002,600.0,-0.9166666666666666
18746260,2026-05-28 00:46:46+00:00,0.345,0,,,102.0,102.0,0.04000000000000001,0.17808219178082196,0.09000000000000002,600.0,-0.9166666666666666
18746260,2026-05-28 00:46:47+00:00,0.495,0,,,123.0,123.0,0.29999999999999993,-1.3569767441860465,0.38999999999999996,2027.0,0.4326591021213616
18746260,2026-05-28 00:46:48+00:00,0.495,0,0.2,,136.0,152.0,0.29999999999999993,-0.8981921979067555,0.38999999999999996,1995.0,0.42355889724310775
18746260,2026-05-28 00:46:49+00:00,0.495,0,0.195,,140.0,185.0,0.29999999999999993,-0.606280193236715,0.38999999999999996,1995.0,0.42355889724310775
18746260,2026-05-28 00:46:50+00:00,0.495,0,0.15000000000000002,,125.0,215.0,0.14999999999999997,-0.014676715589051925,0.38999999999999996,1279.0,0.10086004691164972
18746260,2026-05-28 00:46:51+00:00,0.495,0,0.15000000000000002,,157.0,259.0,0.0,0.0,0.38999999999999996,1279.0,0.10086004691164972
18746260,2026-05-28 00:46:52+00:00,0.375,0,0.12,,169.0,292.0,0.0,0.2876477588258627,0.38999999999999996,897.9200000000001,-0.28073770491803274
18746260,2026-05-28 00:46:53+00:00,0.4349999999999999,0,0.06000000000000011,0.1399999999999999,196.0,332.0,-0.12,0.4671370560241075,0.26999999999999996,580.0,-0.9827586206896551
18746260,2026-05-28 00:46:54+00:00,0.5,0,0.0050000000000000044,0.2,278.0,418.0,-0.3499999999999999,0.9797879572974661,0.040000000000000036,22.0,0.0
18746260,2026-05-28 00:46:55+00:00,0.505,0,0.010000000000000009,0.16000000000000003,362.0,487.0,-0.25999999999999995,0.08780240949509466,0.13,1072.53,-0.9813525029602902
18746260,2026-05-28 00:46:56+00:00,0.4649999999999999,0,0.030000000000000082,0.11999999999999994,387.0,544.0,-0.35,0.9411276913328769,0.03999999999999998,69.22,0.7688529326784166
18746260,2026-05-28 00:46:57+00:00,0.4649999999999999,0,0.08999999999999991,0.030000000000000082,394.0,563.0,-0.27999999999999997,0.9297419371209622,0.04999999999999999,69.22,0.7688529326784166
18746260,2026-05-28 00:46:58+00:00,0.4649999999999999,0,0.030000000000000027,0.030000000000000082,402.0,598.0,-0.15,0.9063278120601928,0.04999999999999999,69.22,0.7688529326784166
18746260,2026-05-28 00:46:59+00:00,0.4649999999999999,0,0.03500000000000009,0.030000000000000082,287.0,565.0,-0.04000000000000001,0.7867594960105974,0.04999999999999999,69.22,0.7688529326784166
18746260,2026-05-28 00:47:00+00:00,0.4649999999999999,0,0.04000000000000009,0.030000000000000082,173.0,535.0,0.0,0.0,0.04999999999999999,69.22,0.7688529326784166
18746260,2026-05-28 00:47:01+00:00,0.4649999999999999,0,0.0,0.030000000000000082,104.0,491.0,0.0,0.0,0.04999999999999999,69.22,0.7688529326784166
18746260,2026-05-28 00:47:02+00:00,0.4649999999999999,0,0.0,0.08999999999999991,64.0,458.0,0.0,0.0,0.04999999999999999,69.22,0.7688529326784166
18746260,2026-05-28 00:47:03+00:00,0.4649999999999999,0,0.0,0.030000000000000027,0.0,402.0,0.0,0.0,0.04999999999999999,69.22,0.7688529326784166
18746260,2026-05-28 00:47:04+00:00,0.4649999999999999,0,0.0,0.03500000000000009,0.0,287.0,0.0,0.0,0.04999999999999999,69.22,0.7688529326784166
18746260,2026-05-28 00:47:05+00:00,0.4649999999999999,0,0.0,0.04000000000000009,0.0,173.0,0.0,0.0,0.04999999999999999,69.22,0.7688529326784166
18746260,2026-05-28 00:47:06+00:00,0.4649999999999999,0,0.0,0.0,0.0,104.0,0.0,0.0,0.04999999999999999,69.22,0.7688529326784166
18746260,2026-05-28 00:47:07+00:00,0.4649999999999999,0,0.0,0.0,0.0,64.0,0.0,0.0,0.04999999999999999,69.22,0.7688529326784166
18746260,2026-05-28 00:47:08+00:00,0.4649999999999999,0,0.0,0.0,0.0,0.0,0.0,0.0,0.04999999999999999,69.22,0.7688529326784166
18746260,2026-05-28 00:47:09+00:00,0.4649999999999999,0,0.0,0.0,0.0,0.0,0.0,0.0,0.04999999999999999,69.22,0.7688529326784166
18746260,2026-05-28 00:47:10+00:00,0.4649999999999999,0,0.0,0.0,0.0,0.0,0.0,0.0,0.04999999999999999,69.22,0.7688529326784166
18746260,2026-05-28 00:47:11+00:00,0.4649999999999999,0,0.0,0.0,0.0,0.0,0.0,0.0,0.04999999999999999,69.22,0.7688529326784166
18746260,2026-05-28 00:47:12+00:00,0.4649999999999999,0,0.0,0.0,0.0,0.0,0.0,0.0,0.04999999999999999,69.22,0.7688529326784166
18746260,2026-05-28 00:47:13+00:00,0.4649999999999999,0,0.0,0.0,0.0,0.0,0.0,0.0,0.04999999999999999,69.22,0.7688529326784166
18746260,2026-05-28 00:47:14+00:00,0.4649999999999999,0,0.0,0.0,0.0,0.0,0.0,0.0,0.04999999999999999,69.22,0.7688529326784166
18746260,2026-05-28 00:47:15+00:00,0.4649999999999999,0,0.0,0.0,0.0,0.0,0.0,0.0,0.04999999999999999,69.22,0.7688529326784166
18746260,2026-05-28 00:47:16+00:00,0.4649999999999999,0,0.0,0.0,0.0,0.0,0.0,0.0,0.04999999999999999,69.22,0.7688529326784166
18746260,2026-05-28 00:47:17+00:00,0.4649999999999999,0,0.0,0.0,0.0,0.0,0.0,0.0,0.04999999999999999,69.22,0.7688529326784166
18746260,2026-05-28 00:47:18+00:00,0.4649999999999999,0,0.0,0.0,0.0,0.0,0.0,0.0,0.04999999999999999,69.22,0.7688529326784166
18746260,2026-05-28 00:47:19+00:00,0.4649999999999999,0,0.0,0.0,0.0,0.0,0.0,0.0,0.04999999999999999,69.22,0.7688529326784166
18746260,2026-05-28 00:47:20+00:00,0.4649999999999999,0,0.0,0.0,0.0,0.0,0.0,0.0,0.04999999999999999,69.22,0.7688529326784166
18746260,2026-05-28 00:47:21+00:00,0.4649999999999999,0,0.0,0.0,0.0,0.0,0.0,0.0,0.04999999999999999,69.22,0.7688529326784166
18746260,2026-05-28 00:47:22+00:00,0.4649999999999999,0,0.0,0.0,0.0,0.0,0.0,0.0,0.04999999999999999,69.22,0.7688529326784166
18746260,2026-05-28 00:47:23+00:00,0.4649999999999999,0,0.0,0.0,0.0,0.0,0.0,0.0,0.04999999999999999,69.22,0.7688529326784166
18746260,2026-05-28 00:47:24+00:00,0.4649999999999999,0,0.0,0.0,0.0,0.0,0.0,0.0,0.04999999999999999,69.22,0.7688529326784166
18746260,2026-05-28 00:47:25+00:00,0.4649999999999999,0,0.0,0.0,0.0,0.0,0.0,0.0,0.04999999999999999,69.22,0.7688529326784166
18746260,2026-05-28 00:47:26+00:00,0.4649999999999999,0,0.0,0.0,0.0,0.0,0.0,0.0,0.04999999999999999,69.22,0.7688529326784166
18746260,2026-05-28 00:47:27+00:00,0.4649999999999999,0,0.0,0.0,0.0,0.0,0.0,0.0,0.04999999999999999,69.22,0.7688529326784166
18746260,2026-05-28 00:47:28+00:00,0.4649999999999999,0,0.0,0.0,0.0,0.0,0.0,0.0,0.04999999999999999,69.22,0.7688529326784166
18746260,2026-05-28 00:47:29+00:00,0.4649999999999999,0,0.0,0.0,0.0,0.0,0.0,0.0,0.04999999999999999,69.22,0.7688529326784166
18746260,2026-05-28 00:47:30+00:00,0.4649999999999999,0,0.0,0.0,0.0,0.0,0.0,0.0,0.04999999999999999,69.22,0.7688529326784166
18746260,2026-05-28 00:47:31+00:00,0.4649999999999999,0,0.0,0.0,0.0,0.0,0.0,0.0,0.04999999999999999,69.22,0.7688529326784166
18746260,2026-05-28 00:47:32+00:00,0.4649999999999999,0,0.0,0.0,0.0,0.0,0.0,0.0,0.04999999999999999,69.22,0.7688529326784166
18746260,2026-05-28 00:47:33+00:00,0.4649999999999999,0,0.0,0.0,0.0,0.0,0.0,0.0,0.04999999999999999,69.22,0.7688529326784166
18746260,2026-05-28 00:47:34+00:00,0.4649999999999999,0,0.0,0.0,0.0,0.0,0.0,0.0,0.04999999999999999,69.22,0.7688529326784166
18746260,2026-05-28 00:47:35+00:00,0.4649999999999999,0,0.0,0.0,0.0,0.0,0.0,0.0,0.04999999999999999,69.22,0.7688529326784166
18746260,2026-05-28 00:47:36+00:00,0.4649999999999999,0,0.0,0.0,0.0,0.0,0.0,0.0,0.04999999999999999,69.22,0.7688529326784166
18746260,2026-05-28 00:47:37+00:00,0.4649999999999999,0,0.0,0.0,0.0,0.0,0.0,0.0,0.04999999999999999,69.22,0.7688529326784166
18746260,2026-05-28 00:47:38+00:00,0.4649999999999999,0,0.0,0.0,0.0,0.0,0.0,0.0,0.04999999999999999,69.22,0.7688529326784166
18746260,2026-05-28 00:47:39+00:00,0.4649999999999999,0,0.0,0.0,0.0,0.0,0.0,0.0,0.04999999999999999,69.22,0.7688529326784166
18746260,2026-05-28 00:47:40+00:00,0.4649999999999999,0,0.0,0.0,0.0,0.0,0.0,0.0,0.04999999999999999,69.22,0.7688529326784166
18746260,2026-05-28 00:47:41+00:00,0.4649999999999999,0,0.0,0.0,0.0,0.0,0.0,0.0,0.04999999999999999,69.22,0.7688529326784166
18746260,2026-05-28 00:47:42+00:00,0.4649999999999999,0,0.0,0.0,0.0,0.0,0.0,0.0,0.04999999999999999,69.22,0.7688529326784166
18746260,2026-05-28 00:47:43+00:00,0.4649999999999999,0,0.0,0.0,0.0,0.0,0.0,0.0,0.04999999999999999,69.22,0.7688529326784166
18746260,2026-05-28 00:47:44+00:00,0.4649999999999999,0,0.0,0.0,0.0,0.0,0.0,0.0,0.04999999999999999,69.22,0.7688529326784166
18746260,2026-05-28 00:47:45+00:00,0.4649999999999999,0,0.0,0.0,0.0,0.0,0.0,0.0,0.04999999999999999,69.22,0.7688529326784166
18746260,2026-05-28 00:47:46+00:00,0.4649999999999999,0,0.0,0.0,0.0,0.0,0.0,0.0,0.04999999999999999,69.22,0.7688529326784166
18746260,2026-05-28 00:47:47+00:00,0.4649999999999999,0,0.0,0.0,0.0,0.0,0.0,0.0,0.04999999999999999,69.22,0.7688529326784166
18746260,2026-05-28 00:47:48+00:00,0.4649999999999999,0,0.0,0.0,0.0,0.0,0.0,0.0,0.04999999999999999,69.22,0.7688529326784166
18746260,2026-05-28 00:47:49+00:00,0.4649999999999999,0,0.0,0.0,0.0,0.0,0.0,0.0,0.04999999999999999,69.22,0.7688529326784166
18746260,2026-05-28 00:47:50+00:00,0.4649999999999999,0,0.0,0.0,0.0,0.0,0.0,0.0,0.04999999999999999,69.22,0.7688529326784166
18746260,2026-05-28 00:47:51+00:00,0.4649999999999999,0,0.0,0.0,0.0,0.0,0.0,0.0,0.04999999999999999,69.22,0.7688529326784166
18746260,2026-05-28 00:47:52+00:00,0.4649999999999999,0,0.0,0.0,0.0,0.0,0.0,0.0,0.04999999999999999,69.22,0.7688529326784166
18746260,2026-05-28 00:47:53+00:00,0.4649999999999999,0,0.0,0.0,0.0,0.0,0.0,0.0,0.04999999999999999,69.22,0.7688529326784166
18746260,2026-05-28 00:47:54+00:00,0.4649999999999999,0,0.0,0.0,0.0,0.0,0.0,0.0,0.04999999999999999,69.22,0.7688529326784166
18746260,2026-05-28 00:47:55+00:00,0.4649999999999999,0,0.0,0.0,0.0,0.0,0.0,0.0,0.04999999999999999,69.22,0.7688529326784166
18746260,2026-05-28 00:47:56+00:00,0.4649999999999999,0,0.0,0.0,0.0,0.0,0.0,0.0,0.04999999999999999,69.22,0.7688529326784166
18746260,2026-05-28 00:47:57+00:00,0.4649999999999999,0,0.0,0.0,0.0,0.0,0.0,0.0,0.04999999999999999,69.22,0.7688529326784166
18746260,2026-05-28 00:47:58+00:00,0.4649999999999999,0,0.0,0.0,0.0,0.0,0.0,0.0,0.04999999999999999,69.22,0.7688529326784166
18746260,2026-05-28 00:47:59+00:00,0.4649999999999999,0,0.0,0.0,0.0,0.0,0.0,0.0,0.04999999999999999,69.22,0.7688529326784166
18746260,2026-05-28 00:48:00+00:00,0.4649999999999999,0,0.0,0.0,0.0,0.0,0.0,0.0,0.04999999999999999,69.22,0.7688529326784166
18746260,2026-05-28 00:48:01+00:00,0.4649999999999999,0,0.0,0.0,0.0,0.0,0.0,0.0,0.04999999999999999,69.22,0.7688529326784166
18746260,2026-05-28 00:48:02+00:00,0.4649999999999999,0,0.0,0.0,0.0,0.0,0.0,0.0,0.04999999999999999,69.22,0.7688529326784166
18746260,2026-05-28 00:48:03+00:00,0.4649999999999999,0,0.0,0.0,0.0,0.0,0.0,0.0,0.04999999999999999,69.22,0.7688529326784166
18746260,2026-05-28 00:48:04+00:00,0.4649999999999999,0,0.0,0.0,0.0,0.0,0.0,0.0,0.04999999999999999,69.22,0.7688529326784166
18746260,2026-05-28 00:48:05+00:00,0.4649999999999999,0,0.0,0.0,0.0,0.0,0.0,0.0,0.04999999999999999,69.22,0.7688529326784166
18746260,2026-05-28 00:48:06+00:00,0.4649999999999999,0,0.0,0.0,0.0,0.0,0.0,0.0,0.04999999999999999,69.22,0.7688529326784166
18746260,2026-05-28 00:48:07+00:00,0.4649999999999999,0,0.0,0.0,0.0,0.0,0.0,0.0,0.04999999999999999,69.22,0.7688529326784166
18746260,2026-05-28 00:48:08+00:00,0.4649999999999999,0,0.0,0.0,0.0,0.0,0.0,0.0,0.04999999999999999,69.22,0.7688529326784166
18746260,2026-05-28 00:48:09+00:00,0.4649999999999999,0,0.0,0.0,0.0,0.0,0.0,0.0,0.04999999999999999,69.22,0.7688529326784166
18746260,2026-05-28 00:48:10+00:00,0.4649999999999999,0,0.0,0.0,0.0,0.0,0.0,0.0,0.04999999999999999,69.22,0.7688529326784166
18746260,2026-05-28 00:48:11+00:00,0.4649999999999999,0,0.0,0.0,0.0,0.0,0.0,0.0,0.04999999999999999,69.22,0.7688529326784166
18746260,2026-05-28 00:48:12+00:00,0.4649999999999999,0,0.0,0.0,0.0,0.0,0.0,0.0,0.04999999999999999,69.22,0.7688529326784166
18746260,2026-05-28 00:48:13+00:00,0.4649999999999999,0,0.0,0.0,0.0,0.0,0.0,0.0,0.04999999999999999,69.22,0.7688529326784166
18746260,2026-05-28 00:48:14+00:00,0.4649999999999999,0,0.0,0.0,0.0,0.0,0.0,0.0,0.04999999999999999,69.22,0.7688529326784166
18746260,2026-05-28 00:48:15+00:00,0.4649999999999999,0,0.0,0.0,0.0,0.0,0.0,0.0,0.04999999999999999,69.22,0.7688529326784166
18746260,2026-05-28 00:48:16+00:00,0.4649999999999999,0,0.0,0.0,0.0,0.0,0.0,0.0,0.04999999999999999,69.22,0.7688529326784166
18746260,2026-05-28 00:48:17+00:00,0.4649999999999999,0,0.0,0.0,0.0,0.0,0.0,0.0,0.04999999999999999,69.22,0.7688529326784166
18746260,2026-05-28 00:48:18+00:00,0.4649999999999999,0,0.0,0.0,0.0,0.0,0.0,0.0,0.04999999999999999,69.22,0.7688529326784166
18746260,2026-05-28 00:48:19+00:00,0.4649999999999999,0,0.0,0.0,0.0,0.0,0.0,0.0,0.04999999999999999,69.22,0.7688529326784166
18746260,2026-05-28 00:48:20+00:00,0.4649999999999999,0,0.0,0.0,0.0,0.0,0.0,0.0,0.04999999999999999,69.22,0.7688529326784166
18746260,2026-05-28 00:48:21+00:00,0.4649999999999999,0,0.0,0.0,0.0,0.0,0.0,0.0,0.04999999999999999,69.22,0.7688529326784166
18746260,2026-05-28 00:48:22+00:00,0.4649999999999999,0,0.0,0.0,0.0,0.0,0.0,0.0,0.04999999999999999,69.22,0.7688529326784166
18746260,2026-05-28 00:48:23+00:00,0.4649999999999999,0,0.0,0.0,0.0,0.0,0.0,0.0,0.04999999999999999,69.22,0.7688529326784166
18746260,2026-05-28 00:48:24+00:00,0.4649999999999999,0,0.0,0.0,0.0,0.0,0.0,0.0,0.04999999999999999,69.22,0.7688529326784166
18746260,2026-05-28 00:48:25+00:00,0.4649999999999999,0,0.0,0.0,0.0,0.0,0.0,0.0,0.04999999999999999,69.22,0.7688529326784166
18746260,2026-05-28 00:48:26+00:00,0.4649999999999999,0,0.0,0.0,0.0,0.0,0.0,0.0,0.04999999999999999,69.22,0.7688529326784166
18746260,2026-05-28 00:48:27+00:00,0.4649999999999999,0,0.0,0.0,0.0,0.0,0.0,0.0,0.04999999999999999,69.22,0.7688529326784166
18746260,2026-05-28 00:48:28+00:00,0.4649999999999999,0,0.0,0.0,0.0,0.0,0.0,0.0,0.04999999999999999,69.22,0.7688529326784166
18746260,2026-05-28 00:48:29+00:00,0.4649999999999999,0,0.0,0.0,0.0,0.0,0.0,0.0,0.04999999999999999,69.22,0.7688529326784166
18746260,2026-05-28 00:48:30+00:00,0.4649999999999999,0,0.0,0.0,0.0,0.0,0.0,0.0,0.04999999999999999,69.22,0.7688529326784166
18746260,2026-05-28 00:48:31+00:00,0.4649999999999999,0,0.0,0.0,0.0,0.0,0.0,0.0,0.04999999999999999,69.22,0.7688529326784166
18746260,2026-05-28 00:48:32+00:00,0.4649999999999999,0,0.0,0.0,0.0,0.0,0.0,0.0,0.04999999999999999,69.22,0.7688529326784166
18746260,2026-05-28 00:48:33+00:00,0.4649999999999999,0,0.0,0.0,0.0,0.0,0.0,0.0,0.04999999999999999,69.22,0.7688529326784166
18746260,2026-05-28 00:48:34+00:00,0.4649999999999999,0,0.0,0.0,0.0,0.0,0.0,0.0,0.04999999999999999,69.22,0.7688529326784166
18746260,2026-05-28 00:48:35+00:00,0.4649999999999999,0,0.0,0.0,0.0,0.0,0.0,0.0,0.04999999999999999,69.22,0.7688529326784166
18746260,2026-05-28 00:48:36+00:00,0.4649999999999999,0,0.0,0.0,0.0,0.0,0.0,0.0,0.04999999999999999,69.22,0.7688529326784166
18746260,2026-05-28 00:48:37+00:00,0.4649999999999999,0,0.0,0.0,0.0,0.0,0.0,0.0,0.04999999999999999,69.22,0.7688529326784166
18746260,2026-05-28 00:48:38+00:00,0.4649999999999999,0,0.0,0.0,0.0,0.0,0.0,0.0,0.04999999999999999,69.22,0.7688529326784166
18746260,2026-05-28 00:48:39+00:00,0.4649999999999999,0,0.0,0.0,0.0,0.0,0.0,0.0,0.04999999999999999,69.22,0.7688529326784166
18746260,2026-05-28 00:48:40+00:00,0.4649999999999999,0,0.0,0.0,0.0,0.0,0.0,0.0,0.04999999999999999,69.22,0.7688529326784166
18746260,2026-05-28 00:48:41+00:00,0.4649999999999999,0,0.0,0.0,0.0,0.0,0.0,0.0,0.04999999999999999,69.22,0.7688529326784166
18746260,2026-05-28 00:48:42+00:00,0.4649999999999999,0,0.0,0.0,0.0,0.0,0.0,0.0,0.04999999999999999,69.22,0.7688529326784166
18746260,2026-05-28 00:48:43+00:00,0.4649999999999999,0,0.0,0.0,0.0,0.0,0.0,0.0,0.04999999999999999,69.22,0.7688529326784166
18746260,2026-05-28 00:48:44+00:00,0.4649999999999999,0,0.0,0.0,0.0,0.0,0.0,0.0,0.04999999999999999,69.22,0.7688529326784166
18746260,2026-05-28 00:48:45+00:00,0.4649999999999999,0,0.0,0.0,0.0,0.0,0.0,0.0,0.04999999999999999,69.22,0.7688529326784166
18746260,2026-05-28 00:48:46+00:00,0.4649999999999999,0,0.0,0.0,0.0,0.0,0.0,0.0,0.04999999999999999,69.22,0.7688529326784166
18746260,2026-05-28 00:48:47+00:00,0.4649999999999999,0,0.0,0.0,0.0,0.0,0.0,0.0,0.04999999999999999,69.22,0.7688529326784166
18746260,2026-05-28 00:48:48+00:00,0.4649999999999999,0,0.0,0.0,0.0,0.0,0.0,0.0,0.04999999999999999,69.22,0.7688529326784166
18746260,2026-05-28 00:48:49+00:00,0.4649999999999999,0,0.0,0.0,0.0,0.0,0.0,0.0,0.04999999999999999,69.22,0.7688529326784166
18746260,2026-05-28 00:48:50+00:00,0.4649999999999999,0,0.0,0.0,0.0,0.0,0.0,0.0,0.04999999999999999,69.22,0.7688529326784166
18746260,2026-05-28 00:48:51+00:00,0.4649999999999999,0,0.0,0.0,0.0,0.0,0.0,0.0,0.04999999999999999,69.22,0.7688529326784166
18746260,2026-05-28 00:48:52+00:00,0.4649999999999999,0,0.0,0.0,0.0,0.0,0.0,0.0,0.04999999999999999,69.22,0.7688529326784166
18746260,2026-05-28 00:48:53+00:00,0.4649999999999999,0,0.0,0.0,0.0,0.0,0.0,0.0,0.04999999999999999,69.22,0.7688529326784166
18746260,2026-05-28 00:48:54+00:00,0.4649999999999999,0,0.0,0.0,0.0,0.0,0.0,0.0,0.04999999999999999,69.22,0.7688529326784166
18746260,2026-05-28 00:48:55+00:00,0.4649999999999999,0,0.0,0.0,0.0,0.0,0.0,0.0,0.04999999999999999,69.22,0.7688529326784166
18746260,2026-05-28 00:48:56+00:00,0.4649999999999999,0,0.0,0.0,0.0,0.0,0.0,0.0,0.04999999999999999,69.22,0.7688529326784166
18746260,2026-05-28 00:48:57+00:00,0.4649999999999999,0,0.0,0.0,0.0,0.0,0.0,0.0,0.04999999999999999,69.22,0.7688529326784166
18746260,2026-05-28 00:48:58+00:00,0.4649999999999999,0,0.0,0.0,0.0,0.0,0.0,0.0,0.04999999999999999,69.22,0.7688529326784166
18746260,2026-05-28 00:48:59+00:00,0.4649999999999999,0,0.0,0.0,0.0,0.0,0.0,0.0,0.04999999999999999,69.22,0.7688529326784166
18746260,2026-05-28 00:49:00+00:00,0.4649999999999999,0,0.0,0.0,0.0,0.0,0.0,0.0,0.04999999999999999,69.22,0.7688529326784166
18746260,2026-05-28 00:49:01+00:00,0.4649999999999999,0,0.0,0.0,0.0,0.0,0.0,0.0,0.04999999999999999,69.22,0.7688529326784166
18746260,2026-05-28 00:49:02+00:00,0.4649999999999999,0,0.0,0.0,0.0,0.0,0.0,0.0,0.04999999999999999,69.22,0.7688529326784166
18746260,2026-05-28 00:49:03+00:00,0.4649999999999999,0,0.0,0.0,0.0,0.0,0.0,0.0,0.04999999999999999,69.22,0.7688529326784166
18746260,2026-05-28 00:49:04+00:00,0.4649999999999999,0,0.0,0.0,0.0,0.0,0.0,0.0,0.04999999999999999,69.22,0.7688529326784166
18746260,2026-05-28 00:49:05+00:00,0.4649999999999999,0,0.0,0.0,0.0,0.0,0.0,0.0,0.04999999999999999,69.22,0.7688529326784166
18746260,2026-05-28 00:49:06+00:00,0.4649999999999999,0,0.0,0.0,0.0,0.0,0.0,0.0,0.04999999999999999,69.22,0.7688529326784166
18746260,2026-05-28 00:49:07+00:00,0.4649999999999999,0,0.0,0.0,0.0,0.0,0.0,0.0,0.04999999999999999,69.22,0.7688529326784166
18746260,2026-05-28 00:49:08+00:00,0.4649999999999999,0,0.0,0.0,0.0,0.0,0.0,0.0,0.04999999999999999,69.22,0.7688529326784166
18746260,2026-05-28 00:49:09+00:00,0.4649999999999999,0,0.0,0.0,0.0,0.0,0.0,0.0,0.04999999999999999,69.22,0.7688529326784166
18746260,2026-05-28 00:49:10+00:00,0.4649999999999999,0,0.0,0.0,0.0,0.0,0.0,0.0,0.04999999999999999,69.22,0.7688529326784166
18746260,2026-05-28 00:49:11+00:00,0.4649999999999999,0,0.0,0.0,0.0,0.0,0.0,0.0,0.04999999999999999,69.22,0.7688529326784166
18746260,2026-05-28 00:49:12+00:00,0.4649999999999999,0,0.0,0.0,0.0,0.0,0.0,0.0,0.04999999999999999,69.22,0.7688529326784166
18746260,2026-05-28 00:49:13+00:00,0.4649999999999999,0,0.0,0.0,0.0,0.0,0.0,0.0,0.04999999999999999,69.22,0.7688529326784166
18746260,2026-05-28 00:49:14+00:00,0.4649999999999999,0,0.0,0.0,0.0,0.0,0.0,0.0,0.04999999999999999,69.22,0.7688529326784166
18746260,2026-05-28 00:49:15+00:00,0.4649999999999999,0,0.0,0.0,0.0,0.0,0.0,0.0,0.04999999999999999,69.22,0.7688529326784166
18746260,2026-05-28 00:49:16+00:00,0.4649999999999999,0,0.0,0.0,0.0,0.0,0.0,0.0,0.04999999999999999,69.22,0.7688529326784166
18746260,2026-05-28 00:49:17+00:00,0.4649999999999999,0,0.0,0.0,0.0,0.0,0.0,0.0,0.04999999999999999,69.22,0.7688529326784166
18746260,2026-05-28 00:49:18+00:00,0.4649999999999999,0,0.0,0.0,0.0,0.0,0.0,0.0,0.04999999999999999,69.22,0.7688529326784166
18746260,2026-05-28 00:49:19+00:00,0.4649999999999999,0,0.0,0.0,0.0,0.0,0.0,0.0,0.04999999999999999,69.22,0.7688529326784166
18746260,2026-05-28 00:49:20+00:00,0.4649999999999999,0,0.0,0.0,0.0,0.0,0.0,0.0,0.04999999999999999,69.22,0.7688529326784166
18746260,2026-05-28 00:49:21+00:00,0.4649999999999999,0,0.0,0.0,0.0,0.0,0.0,0.0,0.04999999999999999,69.22,0.7688529326784166
18746260,2026-05-28 00:49:22+00:00,0.4649999999999999,0,0.0,0.0,0.0,0.0,0.0,0.0,0.04999999999999999,69.22,0.7688529326784166
18746260,2026-05-28 00:49:23+00:00,0.4649999999999999,0,0.0,0.0,0.0,0.0,0.0,0.0,0.04999999999999999,69.22,0.7688529326784166
18746260,2026-05-28 00:49:24+00:00,0.4649999999999999,0,0.0,0.0,0.0,0.0,0.0,0.0,0.04999999999999999,69.22,0.7688529326784166
18746260,2026-05-28 00:49:25+00:00,0.4649999999999999,0,0.0,0.0,0.0,0.0,0.0,0.0,0.04999999999999999,69.22,0.7688529326784166
18746260,2026-05-28 00:49:26+00:00,0.4649999999999999,0,0.0,0.0,0.0,0.0,0.0,0.0,0.04999999999999999,69.22,0.7688529326784166
18746260,2026-05-28 00:49:27+00:00,0.4649999999999999,0,0.0,0.0,0.0,0.0,0.0,0.0,0.04999999999999999,69.22,0.7688529326784166
18746260,2026-05-28 00:49:28+00:00,0.4649999999999999,0,0.0,0.0,0.0,0.0,0.0,0.0,0.04999999999999999,69.22,0.7688529326784166
18746260,2026-05-28 00:49:29+00:00,0.4649999999999999,0,0.0,0.0,0.0,0.0,0.0,0.0,0.04999999999999999,69.22,0.7688529326784166
18746260,2026-05-28 00:49:30+00:00,0.4649999999999999,0,0.0,0.0,0.0,0.0,0.0,0.0,0.04999999999999999,69.22,0.7688529326784166
18746260,2026-05-28 00:49:31+00:00,0.4649999999999999,0,0.0,0.0,0.0,0.0,0.0,0.0,0.04999999999999999,69.22,0.7688529326784166
18746260,2026-05-28 00:49:32+00:00,0.4649999999999999,0,0.0,0.0,0.0,0.0,0.0,0.0,0.04999999999999999,69.22,0.7688529326784166
18746260,2026-05-28 00:49:33+00:00,0.4649999999999999,0,0.0,0.0,0.0,0.0,0.0,0.0,0.04999999999999999,69.22,0.7688529326784166
18746260,2026-05-28 00:49:34+00:00,0.4649999999999999,0,0.0,0.0,0.0,0.0,0.0,0.0,0.04999999999999999,69.22,0.7688529326784166
18746260,2026-05-28 00:49:35+00:00,0.4649999999999999,0,0.0,0.0,0.0,0.0,0.0,0.0,0.04999999999999999,69.22,0.7688529326784166
18746260,2026-05-28 00:49:36+00:00,0.4649999999999999,0,0.0,0.0,0.0,0.0,0.0,0.0,0.04999999999999999,69.22,0.7688529326784166
18746260,2026-05-28 00:49:37+00:00,0.4649999999999999,0,0.0,0.0,0.0,0.0,0.0,0.0,0.04999999999999999,69.22,0.7688529326784166
18746260,2026-05-28 00:49:38+00:00,0.4649999999999999,0,0.0,0.0,0.0,0.0,0.0,0.0,0.04999999999999999,69.22,0.7688529326784166
18746260,2026-05-28 00:49:39+00:00,0.4649999999999999,0,0.0,0.0,0.0,0.0,0.0,0.0,0.04999999999999999,69.22,0.7688529326784166
18746260,2026-05-28 00:49:40+00:00,0.4649999999999999,0,0.0,0.0,0.0,0.0,0.0,0.0,0.04999999999999999,69.22,0.7688529326784166
18746260,2026-05-28 00:49:41+00:00,0.4649999999999999,0,0.0,0.0,0.0,0.0,0.0,0.0,0.04999999999999999,69.22,0.7688529326784166
18746260,2026-05-28 00:49:42+00:00,0.4649999999999999,0,0.0,0.0,0.0,0.0,0.0,0.0,0.04999999999999999,69.22,0.7688529326784166
18746260,2026-05-28 00:49:43+00:00,0.4649999999999999,0,0.0,0.0,0.0,0.0,0.0,0.0,0.04999999999999999,69.22,0.7688529326784166
18746260,2026-05-28 00:49:44+00:00,0.4649999999999999,0,0.0,0.0,0.0,0.0,0.0,0.0,0.04999999999999999,69.22,0.7688529326784166
18746260,2026-05-28 00:49:45+00:00,0.4649999999999999,0,0.0,0.0,0.0,0.0,0.0,0.0,0.04999999999999999,69.22,0.7688529326784166
18746260,2026-05-28 00:49:46+00:00,0.4649999999999999,0,0.0,0.0,0.0,0.0,0.0,0.0,0.04999999999999999,69.22,0.7688529326784166
18746260,2026-05-28 00:49:47+00:00,0.4649999999999999,0,0.0,0.0,0.0,0.0,0.0,0.0,0.04999999999999999,69.22,0.7688529326784166
18746260,2026-05-28 00:49:48+00:00,0.4649999999999999,0,0.0,0.0,0.0,0.0,0.0,0.0,0.04999999999999999,69.22,0.7688529326784166
18746260,2026-05-28 00:49:49+00:00,0.4649999999999999,0,0.0,0.0,0.0,0.0,0.0,0.0,0.04999999999999999,69.22,0.7688529326784166
18746260,2026-05-28 00:49:50+00:00,0.4649999999999999,0,0.0,0.0,0.0,0.0,0.0,0.0,0.04999999999999999,69.22,0.7688529326784166
18746260,2026-05-28 00:49:51+00:00,0.4649999999999999,0,0.0,0.0,0.0,0.0,0.0,0.0,0.04999999999999999,69.22,0.7688529326784166
18746260,2026-05-28 00:49:52+00:00,0.4649999999999999,0,0.0,0.0,0.0,0.0,0.0,0.0,0.04999999999999999,69.22,0.7688529326784166
18746260,2026-05-28 00:49:53+00:00,0.4649999999999999,0,0.0,0.0,0.0,0.0,0.0,0.0,0.04999999999999999,69.22,0.7688529326784166
18746260,2026-05-28 00:49:54+00:00,0.4649999999999999,0,0.0,0.0,0.0,0.0,0.0,0.0,0.04999999999999999,69.22,0.7688529326784166
18746260,2026-05-28 00:49:55+00:00,0.4649999999999999,0,0.0,0.0,0.0,0.0,0.0,0.0,0.04999999999999999,69.22,0.7688529326784166
18746260,2026-05-28 00:49:56+00:00,0.4649999999999999,0,0.0,0.0,0.0,0.0,0.0,0.0,0.04999999999999999,69.22,0.7688529326784166
18746260,2026-05-28 00:49:57+00:00,0.4649999999999999,0,0.0,0.0,0.0,0.0,0.0,0.0,0.04999999999999999,69.22,0.7688529326784166
18746260,2026-05-28 00:49:58+00:00,0.4649999999999999,0,0.0,0.0,0.0,0.0,0.0,0.0,0.04999999999999999,69.22,0.7688529326784166
18746260,2026-05-28 00:49:59+00:00,0.4649999999999999,0,0.0,0.0,0.0,0.0,0.0,0.0,0.04999999999999999,69.22,0.7688529326784166
18746260,2026-05-28 00:50:00+00:00,0.4649999999999999,0,0.0,0.0,0.0,0.0,0.0,0.0,0.04999999999999999,69.22,0.7688529326784166
18746260,2026-05-28 00:50:01+00:00,0.4649999999999999,0,0.0,0.0,0.0,0.0,0.0,0.0,0.04999999999999999,69.22,0.7688529326784166
18746260,2026-05-28 00:50:02+00:00,0.4649999999999999,0,0.0,0.0,0.0,0.0,0.0,0.0,0.04999999999999999,69.22,0.7688529326784166
18746260,2026-05-28 00:50:03+00:00,0.4649999999999999,0,0.0,0.0,0.0,0.0,0.0,0.0,0.04999999999999999,69.22,0.7688529326784166
18746260,2026-05-28 00:50:04+00:00,0.4649999999999999,0,0.0,0.0,0.0,0.0,0.0,0.0,0.04999999999999999,69.22,0.7688529326784166
18746260,2026-05-28 00:50:05+00:00,0.4649999999999999,0,0.0,0.0,0.0,0.0,0.0,0.0,0.04999999999999999,69.22,0.7688529326784166
18746260,2026-05-28 00:50:06+00:00,0.4649999999999999,0,0.0,0.0,0.0,0.0,0.0,0.0,0.04999999999999999,69.22,0.7688529326784166
18746260,2026-05-28 00:50:07+00:00,0.4649999999999999,0,0.0,0.0,0.0,0.0,0.0,0.0,0.04999999999999999,69.22,0.7688529326784166
18746260,2026-05-28 00:50:08+00:00,0.4649999999999999,0,0.0,0.0,0.0,0.0,0.0,0.0,0.04999999999999999,69.22,0.7688529326784166
18746260,2026-05-28 00:50:09+00:00,0.4649999999999999,0,0.0,0.0,0.0,0.0,0.0,0.0,0.04999999999999999,69.22,0.7688529326784166
18746260,2026-05-28 00:50:10+00:00,0.4649999999999999,0,0.0,0.0,0.0,0.0,0.0,0.0,0.04999999999999999,69.22,0.7688529326784166
18746260,2026-05-28 00:50:11+00:00,0.4649999999999999,0,0.0,0.0,0.0,0.0,0.0,0.0,0.04999999999999999,69.22,0.7688529326784166
18746260,2026-05-28 00:50:12+00:00,0.4649999999999999,0,0.0,0.0,0.0,0.0,0.0,0.0,0.04999999999999999,69.22,0.7688529326784166
18746260,2026-05-28 00:50:13+00:00,0.4649999999999999,0,0.0,0.0,0.0,0.0,0.0,0.0,0.04999999999999999,69.22,0.7688529326784166
18746260,2026-05-28 00:50:14+00:00,0.4649999999999999,0,0.0,0.0,0.0,0.0,0.0,0.0,0.04999999999999999,69.22,0.7688529326784166
18746260,2026-05-28 00:50:15+00:00,0.4649999999999999,0,0.0,0.0,0.0,0.0,0.0,0.0,0.04999999999999999,69.22,0.7688529326784166
18746260,2026-05-28 00:50:16+00:00,0.4649999999999999,0,0.0,0.0,0.0,0.0,0.0,0.0,0.04999999999999999,69.22,0.7688529326784166
18746260,2026-05-28 00:50:17+00:00,0.4649999999999999,0,0.0,0.0,0.0,0.0,0.0,0.0,0.04999999999999999,69.22,0.7688529326784166
18746260,2026-05-28 00:50:18+00:00,0.4649999999999999,0,0.0,0.0,0.0,0.0,0.0,0.0,0.04999999999999999,69.22,0.7688529326784166
18746260,2026-05-28 00:50:19+00:00,0.4649999999999999,0,0.0,0.0,0.0,0.0,0.0,0.0,0.04999999999999999,69.22,0.7688529326784166
18746260,2026-05-28 00:50:20+00:00,0.4649999999999999,0,0.0,0.0,0.0,0.0,0.0,0.0,0.04999999999999999,69.22,0.7688529326784166
18746260,2026-05-28 00:50:21+00:00,0.4649999999999999,0,0.0,0.0,0.0,0.0,0.0,0.0,0.04999999999999999,69.22,0.7688529326784166
18746260,2026-05-28 00:50:22+00:00,0.4649999999999999,0,0.0,0.0,0.0,0.0,0.0,0.0,0.04999999999999999,69.22,0.7688529326784166
18746260,2026-05-28 00:50:23+00:00,0.4649999999999999,0,0.0,0.0,0.0,0.0,0.0,0.0,0.04999999999999999,69.22,0.7688529326784166
18746260,2026-05-28 00:50:24+00:00,0.4649999999999999,0,0.0,0.0,0.0,0.0,0.0,0.0,0.04999999999999999,69.22,0.7688529326784166
18746260,2026-05-28 00:50:25+00:00,0.4649999999999999,0,0.0,0.0,0.0,0.0,0.0,0.0,0.04999999999999999,69.22,0.7688529326784166
18746260,2026-05-28 00:50:26+00:00,0.4649999999999999,0,0.0,0.0,0.0,0.0,0.0,0.0,0.04999999999999999,69.22,0.7688529326784166
18746260,2026-05-28 00:50:27+00:00,0.4649999999999999,0,0.0,0.0,0.0,0.0,0.0,0.0,0.04999999999999999,69.22,0.7688529326784166
18746260,2026-05-28 00:50:28+00:00,0.4649999999999999,0,0.0,0.0,0.0,0.0,0.0,0.0,0.04999999999999999,69.22,0.7688529326784166
18746260,2026-05-28 00:50:29+00:00,0.4649999999999999,0,0.0,0.0,0.0,0.0,0.0,0.0,0.04999999999999999,69.22,0.7688529326784166
18746260,2026-05-28 00:50:30+00:00,0.4649999999999999,0,0.0,0.0,0.0,0.0,0.0,0.0,0.04999999999999999,69.22,0.7688529326784166
18746260,2026-05-28 00:50:31+00:00,0.4649999999999999,0,0.0,0.0,0.0,0.0,0.0,0.0,0.04999999999999999,69.22,0.7688529326784166
18746260,2026-05-28 00:50:32+00:00,0.4649999999999999,0,0.0,0.0,0.0,0.0,0.0,0.0,0.04999999999999999,69.22,0.7688529326784166
18746260,2026-05-28 00:50:33+00:00,0.4649999999999999,0,0.0,0.0,0.0,0.0,0.0,0.0,0.04999999999999999,69.22,0.7688529326784166
18746260,2026-05-28 00:50:34+00:00,0.4649999999999999,0,0.0,0.0,0.0,0.0,0.0,0.0,0.04999999999999999,69.22,0.7688529326784166
18746260,2026-05-28 00:50:35+00:00,0.4649999999999999,0,0.0,0.0,0.0,0.0,0.0,0.0,0.04999999999999999,69.22,0.7688529326784166
18746260,2026-05-28 00:50:36+00:00,0.4649999999999999,0,0.0,0.0,0.0,0.0,0.0,0.0,0.04999999999999999,69.22,0.7688529326784166
18746260,2026-05-28 00:50:37+00:00,0.4649999999999999,0,0.0,0.0,0.0,0.0,0.0,0.0,0.04999999999999999,69.22,0.7688529326784166
18746260,2026-05-28 00:50:38+00:00,0.4649999999999999,0,0.0,0.0,0.0,0.0,0.0,0.0,0.04999999999999999,69.22,0.7688529326784166
18746260,2026-05-28 00:50:39+00:00,0.4649999999999999,0,0.0,0.0,0.0,0.0,0.0,0.0,0.04999999999999999,69.22,0.7688529326784166
18746260,2026-05-28 00:50:40+00:00,0.4649999999999999,0,0.0,0.0,0.0,0.0,0.0,0.0,0.04999999999999999,69.22,0.7688529326784166
18746260,2026-05-28 00:50:41+00:00,0.4649999999999999,0,0.0,0.0,0.0,0.0,0.0,0.0,0.04999999999999999,69.22,0.7688529326784166
18746260,2026-05-28 00:50:42+00:00,0.4649999999999999,0,0.0,0.0,0.0,0.0,0.0,0.0,0.04999999999999999,69.22,0.7688529326784166
18746260,2026-05-28 00:50:43+00:00,0.4649999999999999,0,0.0,0.0,0.0,0.0,0.0,0.0,0.04999999999999999,69.22,0.7688529326784166
18746260,2026-05-28 00:50:44+00:00,0.4649999999999999,0,0.0,0.0,0.0,0.0,0.0,0.0,0.04999999999999999,69.22,0.7688529326784166
18746260,2026-05-28 00:50:45+00:00,0.4649999999999999,0,0.0,0.0,0.0,0.0,0.0,0.0,0.04999999999999999,69.22,0.7688529326784166
18746260,2026-05-28 00:50:46+00:00,0.4649999999999999,0,0.0,0.0,0.0,0.0,0.0,0.0,0.04999999999999999,69.22,0.7688529326784166
18746260,2026-05-28 00:50:47+00:00,0.4649999999999999,0,0.0,0.0,0.0,0.0,0.0,0.0,0.04999999999999999,69.22,0.7688529326784166
18746260,2026-05-28 00:50:48+00:00,0.4649999999999999,0,0.0,0.0,0.0,0.0,0.0,0.0,0.04999999999999999,69.22,0.7688529326784166
18746260,2026-05-28 00:50:49+00:00,0.4649999999999999,0,0.0,0.0,0.0,0.0,0.0,0.0,0.04999999999999999,69.22,0.7688529326784166
18746260,2026-05-28 00:50:50+00:00,0.4649999999999999,0,0.0,0.0,0.0,0.0,0.0,0.0,0.04999999999999999,69.22,0.7688529326784166
18746260,2026-05-28 00:50:51+00:00,0.4649999999999999,0,0.0,0.0,0.0,0.0,0.0,0.0,0.04999999999999999,69.22,0.7688529326784166
18746260,2026-05-28 00:50:52+00:00,0.4649999999999999,0,0.0,0.0,0.0,0.0,0.0,0.0,0.04999999999999999,69.22,0.7688529326784166
18746260,2026-05-28 00:50:53+00:00,0.4649999999999999,0,0.0,0.0,0.0,0.0,0.0,0.0,0.04999999999999999,69.22,0.7688529326784166
18746260,2026-05-28 00:50:54+00:00,0.4649999999999999,0,0.0,0.0,0.0,0.0,0.0,0.0,0.04999999999999999,69.22,0.7688529326784166
18746260,2026-05-28 00:50:55+00:00,0.4649999999999999,0,0.0,0.0,0.0,0.0,0.0,0.0,0.04999999999999999,69.22,0.7688529326784166
18746260,2026-05-28 00:50:56+00:00,0.4649999999999999,0,0.0,0.0,0.0,0.0,0.0,0.0,0.04999999999999999,69.22,0.7688529326784166
18746260,2026-05-28 00:50:57+00:00,0.4649999999999999,0,0.0,0.0,0.0,0.0,0.0,0.0,0.04999999999999999,69.22,0.7688529326784166
18746260,2026-05-28 00:50:58+00:00,0.4649999999999999,0,0.0,0.0,0.0,0.0,0.0,0.0,0.04999999999999999,69.22,0.7688529326784166
18746260,2026-05-28 00:50:59+00:00,0.4649999999999999,0,0.0,0.0,0.0,0.0,0.0,0.0,0.04999999999999999,69.22,0.7688529326784166
18746260,2026-05-28 00:51:00+00:00,0.4649999999999999,0,0.0,0.0,0.0,0.0,0.0,0.0,0.04999999999999999,69.22,0.7688529326784166
18746260,2026-05-28 00:51:01+00:00,0.4649999999999999,0,0.0,0.0,0.0,0.0,0.0,0.0,0.04999999999999999,69.22,0.7688529326784166
18746260,2026-05-28 00:51:02+00:00,0.4649999999999999,0,0.0,0.0,0.0,0.0,0.0,0.0,0.04999999999999999,69.22,0.7688529326784166
18746260,2026-05-28 00:51:03+00:00,0.4649999999999999,0,0.0,0.0,0.0,0.0,0.0,0.0,0.04999999999999999,69.22,0.7688529326784166
18746260,2026-05-28 00:51:04+00:00,0.4649999999999999,0,0.0,0.0,0.0,0.0,0.0,0.0,0.04999999999999999,69.22,0.7688529326784166
18746260,2026-05-28 00:51:05+00:00,0.4649999999999999,0,0.0,0.0,0.0,0.0,0.0,0.0,0.04999999999999999,69.22,0.7688529326784166
18746260,2026-05-28 00:51:06+00:00,0.4649999999999999,0,0.0,0.0,0.0,0.0,0.0,0.0,0.04999999999999999,69.22,0.7688529326784166
18746260,2026-05-28 00:51:07+00:00,0.4649999999999999,0,0.0,0.0,0.0,0.0,0.0,0.0,0.04999999999999999,69.22,0.7688529326784166
18746260,2026-05-28 00:51:08+00:00,0.4649999999999999,0,0.0,0.0,0.0,0.0,0.0,0.0,0.04999999999999999,69.22,0.7688529326784166
18746260,2026-05-28 00:51:09+00:00,0.4649999999999999,0,0.0,0.0,0.0,0.0,0.0,0.0,0.04999999999999999,69.22,0.7688529326784166
18746260,2026-05-28 00:51:10+00:00,0.4649999999999999,0,0.0,0.0,0.0,0.0,0.0,0.0,0.04999999999999999,69.22,0.7688529326784166
18746260,2026-05-28 00:51:11+00:00,0.4649999999999999,0,0.0,0.0,0.0,0.0,0.0,0.0,0.04999999999999999,69.22,0.7688529326784166
18746260,2026-05-28 00:51:12+00:00,0.4649999999999999,0,0.0,0.0,0.0,0.0,0.0,0.0,0.04999999999999999,69.22,0.7688529326784166
18746260,2026-05-28 00:51:13+00:00,0.4649999999999999,0,0.0,0.0,0.0,0.0,0.0,0.0,0.04999999999999999,69.22,0.7688529326784166
18746260,2026-05-28 00:51:14+00:00,0.4649999999999999,0,0.0,0.0,0.0,0.0,0.0,0.0,0.04999999999999999,69.22,0.7688529326784166
18746260,2026-05-28 00:51:15+00:00,0.4649999999999999,0,0.0,0.0,0.0,0.0,0.0,0.0,0.04999999999999999,69.22,0.7688529326784166
18746260,2026-05-28 00:51:16+00:00,0.4649999999999999,0,0.0,0.0,0.0,0.0,0.0,0.0,0.04999999999999999,69.22,0.7688529326784166
18746260,2026-05-28 00:51:17+00:00,0.4649999999999999,0,0.0,0.0,0.0,0.0,0.0,0.0,0.04999999999999999,69.22,0.7688529326784166
18746260,2026-05-28 00:51:18+00:00,0.4649999999999999,0,0.0,0.0,0.0,0.0,0.0,0.0,0.04999999999999999,69.22,0.7688529326784166
18746260,2026-05-28 00:51:19+00:00,0.4649999999999999,0,0.0,0.0,0.0,0.0,0.0,0.0,0.04999999999999999,69.22,0.7688529326784166
18746260,2026-05-28 00:51:20+00:00,0.4649999999999999,0,0.0,0.0,0.0,0.0,0.0,0.0,0.04999999999999999,69.22,0.7688529326784166
18746260,2026-05-28 00:51:21+00:00,0.4649999999999999,0,0.0,0.0,0.0,0.0,0.0,0.0,0.04999999999999999,69.22,0.7688529326784166
18746260,2026-05-28 00:51:22+00:00,0.4649999999999999,0,0.0,0.0,0.0,0.0,0.0,0.0,0.04999999999999999,69.22,0.7688529326784166
18746260,2026-05-28 00:51:23+00:00,0.4649999999999999,0,0.0,0.0,0.0,0.0,0.0,0.0,0.04999999999999999,69.22,0.7688529326784166
18746260,2026-05-28 00:51:24+00:00,0.4649999999999999,0,0.0,0.0,0.0,0.0,0.0,0.0,0.04999999999999999,69.22,0.7688529326784166
18746260,2026-05-28 00:51:25+00:00,0.4649999999999999,0,0.0,0.0,0.0,0.0,0.0,0.0,0.04999999999999999,69.22,0.7688529326784166
18746260,2026-05-28 00:51:26+00:00,0.4649999999999999,0,0.0,0.0,0.0,0.0,0.0,0.0,0.04999999999999999,69.22,0.7688529326784166
18746260,2026-05-28 00:51:27+00:00,0.4649999999999999,0,0.0,0.0,0.0,0.0,0.0,0.0,0.04999999999999999,69.22,0.7688529326784166
18746260,2026-05-28 00:51:28+00:00,0.4649999999999999,0,0.0,0.0,0.0,0.0,0.0,0.0,0.04999999999999999,69.22,0.7688529326784166
18746260,2026-05-28 00:51:29+00:00,0.4649999999999999,0,0.0,0.0,0.0,0.0,0.0,0.0,0.04999999999999999,69.22,0.7688529326784166
18746260,2026-05-28 00:51:30+00:00,0.4649999999999999,0,0.0,0.0,0.0,0.0,0.0,0.0,0.04999999999999999,69.22,0.7688529326784166
18746260,2026-05-28 00:51:31+00:00,0.4649999999999999,0,0.0,0.0,0.0,0.0,0.0,0.0,0.04999999999999999,69.22,0.7688529326784166
18746260,2026-05-28 00:51:32+00:00,0.4649999999999999,0,0.0,0.0,0.0,0.0,0.0,0.0,0.04999999999999999,69.22,0.7688529326784166
18746260,2026-05-28 00:51:33+00:00,0.4649999999999999,0,0.0,0.0,0.0,0.0,0.0,0.0,0.04999999999999999,69.22,0.7688529326784166
18746260,2026-05-28 00:51:34+00:00,0.4649999999999999,0,0.0,0.0,0.0,0.0,0.0,0.0,0.04999999999999999,69.22,0.7688529326784166
18746260,2026-05-28 00:51:35+00:00,0.4649999999999999,0,0.0,0.0,0.0,0.0,0.0,0.0,0.04999999999999999,69.22,0.7688529326784166
18746260,2026-05-28 00:51:36+00:00,0.4649999999999999,0,0.0,0.0,0.0,0.0,0.0,0.0,0.04999999999999999,69.22,0.7688529326784166
18746260,2026-05-28 00:51:37+00:00,0.4649999999999999,0,0.0,0.0,0.0,0.0,0.0,0.0,0.04999999999999999,69.22,0.7688529326784166
18746260,2026-05-28 00:51:38+00:00,0.4649999999999999,0,0.0,0.0,0.0,0.0,0.0,0.0,0.04999999999999999,69.22,0.7688529326784166
18746260,2026-05-28 00:51:39+00:00,0.4649999999999999,0,0.0,0.0,0.0,0.0,0.0,0.0,0.04999999999999999,69.22,0.7688529326784166
18746260,2026-05-28 00:51:40+00:00,0.4649999999999999,0,0.0,0.0,0.0,0.0,0.0,0.0,0.04999999999999999,69.22,0.7688529326784166
18746260,2026-05-28 00:51:41+00:00,0.4649999999999999,0,0.0,0.0,0.0,0.0,0.0,0.0,0.04999999999999999,69.22,0.7688529326784166
18746260,2026-05-28 00:51:42+00:00,0.4649999999999999,0,0.0,0.0,0.0,0.0,0.0,0.0,0.04999999999999999,69.22,0.7688529326784166
18746260,2026-05-28 00:51:43+00:00,0.4649999999999999,0,0.0,0.0,0.0,0.0,0.0,0.0,0.04999999999999999,69.22,0.7688529326784166
18746260,2026-05-28 00:51:44+00:00,0.4649999999999999,0,0.0,0.0,0.0,0.0,0.0,0.0,0.04999999999999999,69.22,0.7688529326784166
18746260,2026-05-28 00:51:45+00:00,0.4649999999999999,0,0.0,0.0,0.0,0.0,0.0,0.0,0.04999999999999999,69.22,0.7688529326784166
18746260,2026-05-28 00:51:46+00:00,0.4649999999999999,0,0.0,0.0,0.0,0.0,0.0,0.0,0.04999999999999999,69.22,0.7688529326784166
18746260,2026-05-28 00:51:47+00:00,0.4649999999999999,0,0.0,0.0,0.0,0.0,0.0,0.0,0.04999999999999999,69.22,0.7688529326784166
18746260,2026-05-28 00:51:48+00:00,0.4649999999999999,0,0.0,0.0,0.0,0.0,0.0,0.0,0.04999999999999999,69.22,0.7688529326784166
18746260,2026-05-28 00:51:49+00:00,0.4649999999999999,0,0.0,0.0,0.0,0.0,0.0,0.0,0.04999999999999999,69.22,0.7688529326784166
18746260,2026-05-28 00:51:50+00:00,0.4649999999999999,0,0.0,0.0,0.0,0.0,0.0,0.0,0.04999999999999999,69.22,0.7688529326784166
18746260,2026-05-28 00:51:51+00:00,0.4649999999999999,0,0.0,0.0,0.0,0.0,0.0,0.0,0.04999999999999999,69.22,0.7688529326784166
18746260,2026-05-28 00:51:52+00:00,0.4649999999999999,0,0.0,0.0,0.0,0.0,0.0,0.0,0.04999999999999999,69.22,0.7688529326784166
18746260,2026-05-28 00:51:53+00:00,0.4649999999999999,0,0.0,0.0,0.0,0.0,0.0,0.0,0.04999999999999999,69.22,0.7688529326784166
18746260,2026-05-28 00:51:54+00:00,0.4649999999999999,0,0.0,0.0,0.0,0.0,0.0,0.0,0.04999999999999999,69.22,0.7688529326784166
18746260,2026-05-28 00:51:55+00:00,0.4649999999999999,0,0.0,0.0,0.0,0.0,0.0,0.0,0.04999999999999999,69.22,0.7688529326784166
18746260,2026-05-28 00:51:56+00:00,0.4649999999999999,0,0.0,0.0,0.0,0.0,0.0,0.0,0.04999999999999999,69.22,0.7688529326784166
18746260,2026-05-28 00:51:57+00:00,0.4649999999999999,0,0.0,0.0,0.0,0.0,0.0,0.0,0.04999999999999999,69.22,0.7688529326784166
18746260,2026-05-28 00:51:58+00:00,0.4649999999999999,0,0.0,0.0,0.0,0.0,0.0,0.0,0.04999999999999999,69.22,0.7688529326784166
18746260,2026-05-28 00:51:59+00:00,0.4649999999999999,0,0.0,0.0,0.0,0.0,0.0,0.0,0.04999999999999999,69.22,0.7688529326784166
18746260,2026-05-28 00:52:00+00:00,0.4649999999999999,0,0.0,0.0,0.0,0.0,0.0,0.0,0.04999999999999999,69.22,0.7688529326784166
18746260,2026-05-28 00:52:01+00:00,0.4649999999999999,0,0.0,0.0,0.0,0.0,0.0,0.0,0.04999999999999999,69.22,0.7688529326784166
18746260,2026-05-28 00:52:02+00:00,0.4649999999999999,0,0.0,0.0,0.0,0.0,0.0,0.0,0.04999999999999999,69.22,0.7688529326784166
18746260,2026-05-28 00:52:03+00:00,0.4649999999999999,0,0.0,0.0,0.0,0.0,0.0,0.0,0.04999999999999999,69.22,0.7688529326784166
18746260,2026-05-28 00:52:04+00:00,0.4649999999999999,0,0.0,0.0,0.0,0.0,0.0,0.0,0.04999999999999999,69.22,0.7688529326784166
18746260,2026-05-28 00:52:05+00:00,0.4649999999999999,0,0.0,0.0,0.0,0.0,0.0,0.0,0.04999999999999999,69.22,0.7688529326784166
18746260,2026-05-28 00:52:06+00:00,0.4649999999999999,0,0.0,0.0,0.0,0.0,0.0,0.0,0.04999999999999999,69.22,0.7688529326784166
18746260,2026-05-28 00:52:07+00:00,0.4649999999999999,0,0.0,0.0,0.0,0.0,0.0,0.0,0.04999999999999999,69.22,0.7688529326784166
18746260,2026-05-28 00:52:08+00:00,0.4649999999999999,0,0.0,0.0,0.0,0.0,0.0,0.0,0.04999999999999999,69.22,0.7688529326784166
18746260,2026-05-28 00:52:09+00:00,0.4649999999999999,0,0.0,0.0,0.0,0.0,0.0,0.0,0.04999999999999999,69.22,0.7688529326784166
18746260,2026-05-28 00:52:10+00:00,0.4649999999999999,0,0.0,0.0,0.0,0.0,0.0,0.0,0.04999999999999999,69.22,0.7688529326784166
18746260,2026-05-28 00:52:11+00:00,0.4649999999999999,0,0.0,0.0,0.0,0.0,0.0,0.0,0.04999999999999999,69.22,0.7688529326784166
18746260,2026-05-28 00:52:12+00:00,0.4649999999999999,0,0.0,0.0,0.0,0.0,0.0,0.0,0.04999999999999999,69.22,0.7688529326784166
18746260,2026-05-28 00:52:13+00:00,0.4649999999999999,0,0.0,0.0,0.0,0.0,0.0,0.0,0.04999999999999999,69.22,0.7688529326784166
18746260,2026-05-28 00:52:14+00:00,0.4649999999999999,0,0.0,0.0,0.0,0.0,0.0,0.0,0.04999999999999999,69.22,0.7688529326784166
18746260,2026-05-28 00:52:15+00:00,0.4649999999999999,0,0.0,0.0,0.0,0.0,0.0,0.0,0.04999999999999999,69.22,0.7688529326784166
18746260,2026-05-28 00:52:16+00:00,0.4649999999999999,0,0.0,0.0,0.0,0.0,0.0,0.0,0.04999999999999999,69.22,0.7688529326784166
18746260,2026-05-28 00:52:17+00:00,0.4649999999999999,0,0.0,0.0,0.0,0.0,0.0,0.0,0.04999999999999999,69.22,0.7688529326784166
18746260,2026-05-28 00:52:18+00:00,0.4649999999999999,0,0.0,0.0,0.0,0.0,0.0,0.0,0.04999999999999999,69.22,0.7688529326784166
18746260,2026-05-28 00:52:19+00:00,0.4649999999999999,0,0.0,0.0,0.0,0.0,0.0,0.0,0.04999999999999999,69.22,0.7688529326784166
18746260,2026-05-28 00:52:20+00:00,0.4649999999999999,0,0.0,0.0,0.0,0.0,0.0,0.0,0.04999999999999999,69.22,0.7688529326784166
18746260,2026-05-28 00:52:21+00:00,0.4649999999999999,0,0.0,0.0,0.0,0.0,0.0,0.0,0.04999999999999999,69.22,0.7688529326784166
18746260,2026-05-28 00:52:22+00:00,0.4649999999999999,0,0.0,0.0,0.0,0.0,0.0,0.0,0.04999999999999999,69.22,0.7688529326784166
18746260,2026-05-28 00:52:23+00:00,0.4649999999999999,0,0.0,0.0,0.0,0.0,0.0,0.0,0.04999999999999999,69.22,0.7688529326784166
18746260,2026-05-28 00:52:24+00:00,0.4649999999999999,0,0.0,0.0,0.0,0.0,0.0,0.0,0.04999999999999999,69.22,0.7688529326784166
18746260,2026-05-28 00:52:25+00:00,0.4649999999999999,0,0.0,0.0,0.0,0.0,0.0,0.0,0.04999999999999999,69.22,0.7688529326784166
18746260,2026-05-28 00:52:26+00:00,0.4649999999999999,0,0.0,0.0,0.0,0.0,0.0,0.0,0.04999999999999999,69.22,0.7688529326784166
18746260,2026-05-28 00:52:27+00:00,0.4649999999999999,0,0.0,0.0,0.0,0.0,0.0,0.0,0.04999999999999999,69.22,0.7688529326784166
18746260,2026-05-28 00:52:28+00:00,0.4649999999999999,0,0.0,0.0,0.0,0.0,0.0,0.0,0.04999999999999999,69.22,0.7688529326784166
18746260,2026-05-28 00:52:29+00:00,0.4649999999999999,0,0.0,0.0,0.0,0.0,0.0,0.0,0.04999999999999999,69.22,0.7688529326784166
18746260,2026-05-28 00:52:30+00:00,0.4649999999999999,0,0.0,0.0,0.0,0.0,0.0,0.0,0.04999999999999999,69.22,0.7688529326784166
18746260,2026-05-28 00:52:31+00:00,0.4649999999999999,0,0.0,0.0,0.0,0.0,0.0,0.0,0.04999999999999999,69.22,0.7688529326784166
18746260,2026-05-28 00:52:32+00:00,0.4649999999999999,0,0.0,0.0,0.0,0.0,0.0,0.0,0.04999999999999999,69.22,0.7688529326784166
18746260,2026-05-28 00:52:33+00:00,0.4649999999999999,0,0.0,0.0,0.0,0.0,0.0,0.0,0.04999999999999999,69.22,0.7688529326784166
18746260,2026-05-28 00:52:34+00:00,0.4649999999999999,0,0.0,0.0,0.0,0.0,0.0,0.0,0.04999999999999999,69.22,0.7688529326784166
18746260,2026-05-28 00:52:35+00:00,0.4649999999999999,0,0.0,0.0,0.0,0.0,0.0,0.0,0.04999999999999999,69.22,0.7688529326784166
18746260,2026-05-28 00:52:36+00:00,0.4649999999999999,0,0.0,0.0,0.0,0.0,0.0,0.0,0.04999999999999999,69.22,0.7688529326784166
18746260,2026-05-28 00:52:37+00:00,0.4649999999999999,0,0.0,0.0,0.0,0.0,0.0,0.0,0.04999999999999999,69.22,0.7688529326784166
18746260,2026-05-28 00:52:38+00:00,0.4649999999999999,0,0.0,0.0,0.0,0.0,0.0,0.0,0.04999999999999999,69.22,0.7688529326784166
18746260,2026-05-28 00:52:39+00:00,0.4649999999999999,0,0.0,0.0,0.0,0.0,0.0,0.0,0.04999999999999999,69.22,0.7688529326784166
18746260,2026-05-28 00:52:40+00:00,0.4649999999999999,0,0.0,0.0,0.0,0.0,0.0,0.0,0.04999999999999999,69.22,0.7688529326784166
18746260,2026-05-28 00:52:41+00:00,0.4649999999999999,0,0.0,0.0,0.0,0.0,0.0,0.0,0.04999999999999999,69.22,0.7688529326784166
18746260,2026-05-28 00:52:42+00:00,0.4649999999999999,0,0.0,0.0,0.0,0.0,0.0,0.0,0.04999999999999999,69.22,0.7688529326784166
18746260,2026-05-28 00:52:43+00:00,0.4649999999999999,0,0.0,0.0,0.0,0.0,0.0,0.0,0.04999999999999999,69.22,0.7688529326784166
18746260,2026-05-28 00:52:44+00:00,0.4649999999999999,0,0.0,0.0,0.0,0.0,0.0,0.0,0.04999999999999999,69.22,0.7688529326784166
18746260,2026-05-28 00:52:45+00:00,0.4649999999999999,0,0.0,0.0,0.0,0.0,0.0,0.0,0.04999999999999999,69.22,0.7688529326784166
18746260,2026-05-28 00:52:46+00:00,0.4649999999999999,0,0.0,0.0,0.0,0.0,0.0,0.0,0.04999999999999999,69.22,0.7688529326784166
18746260,2026-05-28 00:52:47+00:00,0.4649999999999999,0,0.0,0.0,0.0,0.0,0.0,0.0,0.04999999999999999,69.22,0.7688529326784166
18746260,2026-05-28 00:52:48+00:00,0.4649999999999999,0,0.0,0.0,0.0,0.0,0.0,0.0,0.04999999999999999,69.22,0.7688529326784166
18746260,2026-05-28 00:52:49+00:00,0.4649999999999999,0,0.0,0.0,0.0,0.0,0.0,0.0,0.04999999999999999,69.22,0.7688529326784166
18746260,2026-05-28 00:52:50+00:00,0.4649999999999999,0,0.0,0.0,0.0,0.0,0.0,0.0,0.04999999999999999,69.22,0.7688529326784166
18746260,2026-05-28 00:52:51+00:00,0.4649999999999999,0,0.0,0.0,0.0,0.0,0.0,0.0,0.04999999999999999,69.22,0.7688529326784166
18746260,2026-05-28 00:52:52+00:00,0.4649999999999999,0,0.0,0.0,0.0,0.0,0.0,0.0,0.04999999999999999,69.22,0.7688529326784166
18746260,2026-05-28 00:52:53+00:00,0.4649999999999999,0,0.0,0.0,0.0,0.0,0.0,0.0,0.04999999999999999,69.22,0.7688529326784166
18746260,2026-05-28 00:52:54+00:00,0.4649999999999999,0,0.0,0.0,0.0,0.0,0.0,0.0,0.04999999999999999,69.22,0.7688529326784166
18746260,2026-05-28 00:52:55+00:00,0.4649999999999999,0,0.0,0.0,0.0,0.0,0.0,0.0,0.04999999999999999,69.22,0.7688529326784166
18746260,2026-05-28 00:52:56+00:00,0.4649999999999999,0,0.0,0.0,0.0,0.0,0.0,0.0,0.04999999999999999,69.22,0.7688529326784166
18746260,2026-05-28 00:52:57+00:00,0.4649999999999999,0,0.0,0.0,0.0,0.0,0.0,0.0,0.04999999999999999,69.22,0.7688529326784166
18746260,2026-05-28 00:52:58+00:00,0.4649999999999999,0,0.0,0.0,0.0,0.0,0.0,0.0,0.04999999999999999,69.22,0.7688529326784166
18746260,2026-05-28 00:52:59+00:00,0.4649999999999999,0,0.0,0.0,0.0,0.0,0.0,0.0,0.04999999999999999,69.22,0.7688529326784166
18746260,2026-05-28 00:53:00+00:00,0.4649999999999999,0,0.0,0.0,0.0,0.0,0.0,0.0,0.04999999999999999,69.22,0.7688529326784166
18746260,2026-05-28 00:53:01+00:00,0.4649999999999999,0,0.0,0.0,0.0,0.0,0.0,0.0,0.04999999999999999,69.22,0.7688529326784166
18746260,2026-05-28 00:53:02+00:00,0.4649999999999999,0,0.0,0.0,0.0,0.0,0.0,0.0,0.04999999999999999,69.22,0.7688529326784166
18746260,2026-05-28 00:53:03+00:00,0.4649999999999999,0,0.0,0.0,0.0,0.0,0.0,0.0,0.04999999999999999,69.22,0.7688529326784166
18746260,2026-05-28 00:53:04+00:00,0.4649999999999999,0,0.0,0.0,0.0,0.0,0.0,0.0,0.04999999999999999,69.22,0.7688529326784166
18746260,2026-05-28 00:53:05+00:00,0.4649999999999999,0,0.0,0.0,0.0,0.0,0.0,0.0,0.04999999999999999,69.22,0.7688529326784166
18746260,2026-05-28 00:53:06+00:00,0.4649999999999999,0,0.0,0.0,0.0,0.0,0.0,0.0,0.04999999999999999,69.22,0.7688529326784166
18746260,2026-05-28 00:53:07+00:00,0.4649999999999999,0,0.0,0.0,0.0,0.0,0.0,0.0,0.04999999999999999,69.22,0.7688529326784166
18746260,2026-05-28 00:53:08+00:00,0.4649999999999999,0,0.0,0.0,0.0,0.0,0.0,0.0,0.04999999999999999,69.22,0.7688529326784166
18746260,2026-05-28 00:53:09+00:00,0.4649999999999999,0,0.0,0.0,0.0,0.0,0.0,0.0,0.04999999999999999,69.22,0.7688529326784166
18746260,2026-05-28 00:53:10+00:00,0.4649999999999999,0,0.0,0.0,0.0,0.0,0.0,0.0,0.04999999999999999,69.22,0.7688529326784166
18746260,2026-05-28 00:53:11+00:00,0.4649999999999999,0,0.0,0.0,0.0,0.0,0.0,0.0,0.04999999999999999,69.22,0.7688529326784166
18746260,2026-05-28 00:53:12+00:00,0.4649999999999999,0,0.0,0.0,0.0,0.0,0.0,0.0,0.04999999999999999,69.22,0.7688529326784166
18746260,2026-05-28 00:53:13+00:00,0.4649999999999999,0,0.0,0.0,0.0,0.0,0.0,0.0,0.04999999999999999,69.22,0.7688529326784166
18746260,2026-05-28 00:53:14+00:00,0.4649999999999999,0,0.0,0.0,0.0,0.0,0.0,0.0,0.04999999999999999,69.22,0.7688529326784166
18746260,2026-05-28 00:53:15+00:00,0.4649999999999999,0,0.0,0.0,0.0,0.0,0.0,0.0,0.04999999999999999,69.22,0.7688529326784166
18746260,2026-05-28 00:53:16+00:00,0.4649999999999999,0,0.0,0.0,0.0,0.0,0.0,0.0,0.04999999999999999,69.22,0.7688529326784166
18746260,2026-05-28 00:53:17+00:00,0.4649999999999999,0,0.0,0.0,0.0,0.0,0.0,0.0,0.04999999999999999,69.22,0.7688529326784166
18746260,2026-05-28 00:53:18+00:00,0.4649999999999999,0,0.0,0.0,0.0,0.0,0.0,0.0,0.04999999999999999,69.22,0.7688529326784166
18746260,2026-05-28 00:53:19+00:00,0.4649999999999999,0,0.0,0.0,0.0,0.0,0.0,0.0,0.04999999999999999,69.22,0.7688529326784166
18746260,2026-05-28 00:53:20+00:00,0.4649999999999999,0,0.0,0.0,0.0,0.0,0.0,0.0,0.04999999999999999,69.22,0.7688529326784166
18746260,2026-05-28 00:53:21+00:00,0.4649999999999999,0,0.0,0.0,0.0,0.0,0.0,0.0,0.04999999999999999,69.22,0.7688529326784166
18746260,2026-05-28 00:53:22+00:00,0.4649999999999999,0,0.0,0.0,0.0,0.0,0.0,0.0,0.04999999999999999,69.22,0.7688529326784166
18746260,2026-05-28 00:53:23+00:00,0.4649999999999999,0,0.0,0.0,0.0,0.0,0.0,0.0,0.04999999999999999,69.22,0.7688529326784166
18746260,2026-05-28 00:53:24+00:00,0.4649999999999999,0,0.0,0.0,0.0,0.0,0.0,0.0,0.04999999999999999,69.22,0.7688529326784166
18746260,2026-05-28 00:53:25+00:00,0.4649999999999999,0,0.0,0.0,0.0,0.0,0.0,0.0,0.04999999999999999,69.22,0.7688529326784166
18746260,2026-05-28 00:53:26+00:00,0.4649999999999999,0,0.0,0.0,0.0,0.0,0.0,0.0,0.04999999999999999,69.22,0.7688529326784166
18746260,2026-05-28 00:53:27+00:00,0.4649999999999999,0,0.0,0.0,0.0,0.0,0.0,0.0,0.04999999999999999,69.22,0.7688529326784166
18746260,2026-05-28 00:53:28+00:00,0.4649999999999999,0,0.0,0.0,0.0,0.0,0.0,0.0,0.04999999999999999,69.22,0.7688529326784166
18746260,2026-05-28 00:53:29+00:00,0.4649999999999999,0,0.0,0.0,0.0,0.0,0.0,0.0,0.04999999999999999,69.22,0.7688529326784166
18746260,2026-05-28 00:53:30+00:00,0.4649999999999999,0,0.0,0.0,0.0,0.0,0.0,0.0,0.04999999999999999,69.22,0.7688529326784166
18746260,2026-05-28 00:53:31+00:00,0.4649999999999999,0,0.0,0.0,0.0,0.0,0.0,0.0,0.04999999999999999,69.22,0.7688529326784166
18746260,2026-05-28 00:53:32+00:00,0.4649999999999999,0,0.0,0.0,0.0,0.0,0.0,0.0,0.04999999999999999,69.22,0.7688529326784166
18746260,2026-05-28 00:53:33+00:00,0.4649999999999999,0,0.0,0.0,0.0,0.0,0.0,0.0,0.04999999999999999,69.22,0.7688529326784166
18746260,2026-05-28 00:53:34+00:00,0.4649999999999999,0,0.0,0.0,0.0,0.0,0.0,0.0,0.04999999999999999,69.22,0.7688529326784166
18746260,2026-05-28 00:53:35+00:00,0.4649999999999999,0,0.0,0.0,0.0,0.0,0.0,0.0,0.04999999999999999,69.22,0.7688529326784166
18746260,2026-05-28 00:53:36+00:00,0.4649999999999999,0,0.0,0.0,0.0,0.0,0.0,0.0,0.04999999999999999,69.22,0.7688529326784166
18746260,2026-05-28 00:53:37+00:00,0.4649999999999999,0,0.0,0.0,0.0,0.0,0.0,0.0,0.04999999999999999,69.22,0.7688529326784166
18746260,2026-05-28 00:53:38+00:00,0.4649999999999999,0,0.0,0.0,0.0,0.0,0.0,0.0,0.04999999999999999,69.22,0.7688529326784166
18746260,2026-05-28 00:53:39+00:00,0.4649999999999999,0,0.0,0.0,0.0,0.0,0.0,0.0,0.04999999999999999,69.22,0.7688529326784166
18746260,2026-05-28 00:53:40+00:00,0.4649999999999999,0,0.0,0.0,0.0,0.0,0.0,0.0,0.04999999999999999,69.22,0.7688529326784166
18746260,2026-05-28 00:53:41+00:00,0.4649999999999999,0,0.0,0.0,0.0,0.0,0.0,0.0,0.04999999999999999,69.22,0.7688529326784166
18746260,2026-05-28 00:53:42+00:00,0.4649999999999999,0,0.0,0.0,0.0,0.0,0.0,0.0,0.04999999999999999,69.22,0.7688529326784166
18746260,2026-05-28 00:53:43+00:00,0.4649999999999999,0,0.0,0.0,0.0,0.0,0.0,0.0,0.04999999999999999,69.22,0.7688529326784166
18746260,2026-05-28 00:53:44+00:00,0.4649999999999999,0,0.0,0.0,0.0,0.0,0.0,0.0,0.04999999999999999,69.22,0.7688529326784166
18746260,2026-05-28 00:53:45+00:00,0.4649999999999999,0,0.0,0.0,0.0,0.0,0.0,0.0,0.04999999999999999,69.22,0.7688529326784166
18746260,2026-05-28 00:53:46+00:00,0.4649999999999999,0,0.0,0.0,0.0,0.0,0.0,0.0,0.04999999999999999,69.22,0.7688529326784166
18746260,2026-05-28 00:53:47+00:00,0.4649999999999999,0,0.0,0.0,0.0,0.0,0.0,0.0,0.04999999999999999,69.22,0.7688529326784166
18746260,2026-05-28 00:53:48+00:00,0.4649999999999999,0,0.0,0.0,0.0,0.0,0.0,0.0,0.04999999999999999,69.22,0.7688529326784166
18746260,2026-05-28 00:53:49+00:00,0.4649999999999999,0,0.0,0.0,0.0,0.0,0.0,0.0,0.04999999999999999,69.22,0.7688529326784166
18746260,2026-05-28 00:53:50+00:00,0.4649999999999999,0,0.0,0.0,0.0,0.0,0.0,0.0,0.04999999999999999,69.22,0.7688529326784166
18746260,2026-05-28 00:53:51+00:00,0.4649999999999999,0,0.0,0.0,0.0,0.0,0.0,0.0,0.04999999999999999,69.22,0.7688529326784166
18746260,2026-05-28 00:53:52+00:00,0.4649999999999999,0,0.0,0.0,0.0,0.0,0.0,0.0,0.04999999999999999,69.22,0.7688529326784166
18746260,2026-05-28 00:53:53+00:00,0.4649999999999999,0,0.0,0.0,0.0,0.0,0.0,0.0,0.04999999999999999,69.22,0.7688529326784166
18746260,2026-05-28 00:53:54+00:00,0.4649999999999999,0,0.0,0.0,0.0,0.0,0.0,0.0,0.04999999999999999,69.22,0.7688529326784166
18746260,2026-05-28 00:53:55+00:00,0.4649999999999999,0,0.0,0.0,0.0,0.0,0.0,0.0,0.04999999999999999,69.22,0.7688529326784166
18746260,2026-05-28 00:53:56+00:00,0.4649999999999999,0,0.0,0.0,0.0,0.0,0.0,0.0,0.04999999999999999,69.22,0.7688529326784166
18746260,2026-05-28 00:53:57+00:00,0.4649999999999999,0,0.0,0.0,0.0,0.0,0.0,0.0,0.04999999999999999,69.22,0.7688529326784166
18746260,2026-05-28 00:53:58+00:00,0.4649999999999999,0,0.0,0.0,0.0,0.0,0.0,0.0,0.04999999999999999,69.22,0.7688529326784166
18746260,2026-05-28 00:53:59+00:00,0.4649999999999999,0,0.0,0.0,0.0,0.0,0.0,0.0,0.04999999999999999,69.22,0.7688529326784166
18746260,2026-05-28 00:54:00+00:00,0.4649999999999999,0,0.0,0.0,0.0,0.0,0.0,0.0,0.04999999999999999,69.22,0.7688529326784166
18746260,2026-05-28 00:54:01+00:00,0.4649999999999999,0,0.0,0.0,0.0,0.0,0.0,0.0,0.04999999999999999,69.22,0.7688529326784166
18746260,2026-05-28 00:54:02+00:00,0.4649999999999999,0,0.0,0.0,0.0,0.0,0.0,0.0,0.04999999999999999,69.22,0.7688529326784166
18746260,2026-05-28 00:54:03+00:00,0.4649999999999999,0,0.0,0.0,0.0,0.0,0.0,0.0,0.04999999999999999,69.22,0.7688529326784166
18746260,2026-05-28 00:54:04+00:00,0.4649999999999999,0,0.0,0.0,0.0,0.0,0.0,0.0,0.04999999999999999,69.22,0.7688529326784166
18746260,2026-05-28 00:54:05+00:00,0.4649999999999999,0,0.0,0.0,0.0,0.0,0.0,0.0,0.04999999999999999,69.22,0.7688529326784166
18746260,2026-05-28 00:54:06+00:00,0.4649999999999999,0,0.0,0.0,0.0,0.0,0.0,0.0,0.04999999999999999,69.22,0.7688529326784166
18746260,2026-05-28 00:54:07+00:00,0.4649999999999999,0,0.0,0.0,0.0,0.0,0.0,0.0,0.04999999999999999,69.22,0.7688529326784166
18746260,2026-05-28 00:54:08+00:00,0.4649999999999999,0,0.0,0.0,0.0,0.0,0.0,0.0,0.04999999999999999,69.22,0.7688529326784166
18746260,2026-05-28 00:54:09+00:00,0.4649999999999999,0,0.0,0.0,0.0,0.0,0.0,0.0,0.04999999999999999,69.22,0.7688529326784166
18746260,2026-05-28 00:54:10+00:00,0.4649999999999999,0,0.0,0.0,0.0,0.0,0.0,0.0,0.04999999999999999,69.22,0.7688529326784166
18746260,2026-05-28 00:54:11+00:00,0.4649999999999999,0,0.0,0.0,0.0,0.0,0.0,0.0,0.04999999999999999,69.22,0.7688529326784166
18746260,2026-05-28 00:54:12+00:00,0.4649999999999999,0,0.0,0.0,0.0,0.0,0.0,0.0,0.04999999999999999,69.22,0.7688529326784166
18746260,2026-05-28 00:54:13+00:00,0.4649999999999999,0,0.0,0.0,0.0,0.0,0.0,0.0,0.04999999999999999,69.22,0.7688529326784166
18746260,2026-05-28 00:54:14+00:00,0.4649999999999999,0,0.0,0.0,0.0,0.0,0.0,0.0,0.04999999999999999,69.22,0.7688529326784166
18746260,2026-05-28 00:54:15+00:00,0.4649999999999999,0,0.0,0.0,0.0,0.0,0.0,0.0,0.04999999999999999,69.22,0.7688529326784166
18746260,2026-05-28 00:54:16+00:00,0.4649999999999999,0,0.0,0.0,0.0,0.0,0.0,0.0,0.04999999999999999,69.22,0.7688529326784166
18746260,2026-05-28 00:54:17+00:00,0.4649999999999999,0,0.0,0.0,0.0,0.0,0.0,0.0,0.04999999999999999,69.22,0.7688529326784166
18746260,2026-05-28 00:54:18+00:00,0.4649999999999999,0,0.0,0.0,0.0,0.0,0.0,0.0,0.04999999999999999,69.22,0.7688529326784166
18746260,2026-05-28 00:54:19+00:00,0.4649999999999999,0,0.0,0.0,0.0,0.0,0.0,0.0,0.04999999999999999,69.22,0.7688529326784166
18746260,2026-05-28 00:54:20+00:00,0.4649999999999999,0,0.0,0.0,0.0,0.0,0.0,0.0,0.04999999999999999,69.22,0.7688529326784166
18746260,2026-05-28 00:54:21+00:00,0.4649999999999999,0,0.0,0.0,0.0,0.0,0.0,0.0,0.04999999999999999,69.22,0.7688529326784166
18746260,2026-05-28 00:54:22+00:00,0.4649999999999999,0,0.0,0.0,0.0,0.0,0.0,0.0,0.04999999999999999,69.22,0.7688529326784166
18746260,2026-05-28 00:54:23+00:00,0.4649999999999999,0,0.0,0.0,0.0,0.0,0.0,0.0,0.04999999999999999,69.22,0.7688529326784166
18746260,2026-05-28 00:54:24+00:00,0.4649999999999999,0,0.0,0.0,0.0,0.0,0.0,0.0,0.04999999999999999,69.22,0.7688529326784166
18746260,2026-05-28 00:54:25+00:00,0.4649999999999999,0,0.0,0.0,0.0,0.0,0.0,0.0,0.04999999999999999,69.22,0.7688529326784166
18746260,2026-05-28 00:54:26+00:00,0.4649999999999999,0,0.0,0.0,0.0,0.0,0.0,0.0,0.04999999999999999,69.22,0.7688529326784166
18746260,2026-05-28 00:54:27+00:00,0.4649999999999999,0,0.0,0.0,0.0,0.0,0.0,0.0,0.04999999999999999,69.22,0.7688529326784166
18746260,2026-05-28 00:54:28+00:00,0.4649999999999999,0,0.0,0.0,0.0,0.0,0.0,0.0,0.04999999999999999,69.22,0.7688529326784166
18746260,2026-05-28 00:54:29+00:00,0.4649999999999999,0,0.0,0.0,0.0,0.0,0.0,0.0,0.04999999999999999,69.22,0.7688529326784166
18746260,2026-05-28 00:54:30+00:00,0.4649999999999999,0,0.0,0.0,0.0,0.0,0.0,0.0,0.04999999999999999,69.22,0.7688529326784166
18746260,2026-05-28 00:54:31+00:00,0.4649999999999999,0,0.0,0.0,0.0,0.0,0.0,0.0,0.04999999999999999,69.22,0.7688529326784166
18746260,2026-05-28 00:54:32+00:00,0.4649999999999999,0,0.0,0.0,0.0,0.0,0.0,0.0,0.04999999999999999,69.22,0.7688529326784166
18746260,2026-05-28 00:54:33+00:00,0.4649999999999999,0,0.0,0.0,0.0,0.0,0.0,0.0,0.04999999999999999,69.22,0.7688529326784166
18746260,2026-05-28 00:54:34+00:00,0.4649999999999999,0,0.0,0.0,0.0,0.0,0.0,0.0,0.04999999999999999,69.22,0.7688529326784166
18746260,2026-05-28 00:54:35+00:00,0.4649999999999999,0,0.0,0.0,0.0,0.0,0.0,0.0,0.04999999999999999,69.22,0.7688529326784166
18746260,2026-05-28 00:54:36+00:00,0.4649999999999999,0,0.0,0.0,0.0,0.0,0.0,0.0,0.04999999999999999,69.22,0.7688529326784166
18746260,2026-05-28 00:54:37+00:00,0.4649999999999999,0,0.0,0.0,0.0,0.0,0.0,0.0,0.04999999999999999,69.22,0.7688529326784166
18746260,2026-05-28 00:54:38+00:00,0.4649999999999999,0,0.0,0.0,0.0,0.0,0.0,0.0,0.04999999999999999,69.22,0.7688529326784166
18746260,2026-05-28 00:54:39+00:00,0.4649999999999999,0,0.0,0.0,0.0,0.0,0.0,0.0,0.04999999999999999,69.22,0.7688529326784166
18746260,2026-05-28 00:54:40+00:00,0.4649999999999999,0,0.0,0.0,0.0,0.0,0.0,0.0,0.04999999999999999,69.22,0.7688529326784166
18746260,2026-05-28 00:54:41+00:00,0.4649999999999999,0,0.0,0.0,0.0,0.0,0.0,0.0,0.04999999999999999,69.22,0.7688529326784166
18746260,2026-05-28 00:54:42+00:00,0.4649999999999999,0,0.0,0.0,0.0,0.0,0.0,0.0,0.04999999999999999,69.22,0.7688529326784166
18746260,2026-05-28 00:54:43+00:00,0.4649999999999999,0,0.0,0.0,0.0,0.0,0.0,0.0,0.04999999999999999,69.22,0.7688529326784166
18746260,2026-05-28 00:54:44+00:00,0.4649999999999999,0,0.0,0.0,0.0,0.0,0.0,0.0,0.04999999999999999,69.22,0.7688529326784166
18746260,2026-05-28 00:54:45+00:00,0.4649999999999999,0,0.0,0.0,0.0,0.0,0.0,0.0,0.04999999999999999,69.22,0.7688529326784166
18746260,2026-05-28 00:54:46+00:00,0.4649999999999999,0,0.0,0.0,0.0,0.0,0.0,0.0,0.04999999999999999,69.22,0.7688529326784166
18746260,2026-05-28 00:54:47+00:00,0.4649999999999999,0,0.0,0.0,0.0,0.0,0.0,0.0,0.04999999999999999,69.22,0.7688529326784166
18746260,2026-05-28 00:54:48+00:00,0.4649999999999999,0,0.0,0.0,0.0,0.0,0.0,0.0,0.04999999999999999,69.22,0.7688529326784166
18746260,2026-05-28 00:54:49+00:00,0.4649999999999999,0,0.0,0.0,0.0,0.0,0.0,0.0,0.04999999999999999,69.22,0.7688529326784166
18746260,2026-05-28 00:54:50+00:00,0.4649999999999999,0,0.0,0.0,0.0,0.0,0.0,0.0,0.04999999999999999,69.22,0.7688529326784166
18746260,2026-05-28 00:54:51+00:00,0.4649999999999999,0,0.0,0.0,0.0,0.0,0.0,0.0,0.04999999999999999,69.22,0.7688529326784166
18746260,2026-05-28 00:54:52+00:00,0.4649999999999999,0,0.0,0.0,0.0,0.0,0.0,0.0,0.04999999999999999,69.22,0.7688529326784166
18746260,2026-05-28 00:54:53+00:00,0.4649999999999999,0,0.0,0.0,0.0,0.0,0.0,0.0,0.04999999999999999,69.22,0.7688529326784166
18746260,2026-05-28 00:54:54+00:00,0.4649999999999999,0,0.0,0.0,0.0,0.0,0.0,0.0,0.04999999999999999,69.22,0.7688529326784166
18746260,2026-05-28 00:54:55+00:00,0.4649999999999999,0,0.0,0.0,0.0,0.0,0.0,0.0,0.04999999999999999,69.22,0.7688529326784166
18746260,2026-05-28 00:54:56+00:00,0.4649999999999999,0,0.0,0.0,0.0,0.0,0.0,0.0,0.04999999999999999,69.22,0.7688529326784166
18746260,2026-05-28 00:54:57+00:00,0.4649999999999999,0,0.0,0.0,0.0,0.0,0.0,0.0,0.04999999999999999,69.22,0.7688529326784166
18746260,2026-05-28 00:54:58+00:00,0.4649999999999999,0,0.0,0.0,0.0,0.0,0.0,0.0,0.04999999999999999,69.22,0.7688529326784166
18746260,2026-05-28 00:54:59+00:00,0.4649999999999999,0,0.0,0.0,0.0,0.0,0.0,0.0,0.04999999999999999,69.22,0.7688529326784166
18746260,2026-05-28 00:55:00+00:00,0.4649999999999999,0,0.0,0.0,0.0,0.0,0.0,0.0,0.04999999999999999,69.22,0.7688529326784166
18746260,2026-05-28 00:55:01+00:00,0.4649999999999999,0,0.0,0.0,0.0,0.0,0.0,0.0,0.04999999999999999,69.22,0.7688529326784166
18746260,2026-05-28 00:55:02+00:00,0.4649999999999999,0,0.0,0.0,0.0,0.0,0.0,0.0,0.04999999999999999,69.22,0.7688529326784166
18746260,2026-05-28 00:55:03+00:00,0.4649999999999999,0,0.0,0.0,0.0,0.0,0.0,0.0,0.04999999999999999,69.22,0.7688529326784166
18746260,2026-05-28 00:55:04+00:00,0.4649999999999999,0,0.0,0.0,0.0,0.0,0.0,0.0,0.04999999999999999,69.22,0.7688529326784166
18746260,2026-05-28 00:55:05+00:00,0.4649999999999999,0,0.0,0.0,0.0,0.0,0.0,0.0,0.04999999999999999,69.22,0.7688529326784166
18746260,2026-05-28 00:55:06+00:00,0.4649999999999999,0,0.0,0.0,0.0,0.0,0.0,0.0,0.04999999999999999,69.22,0.7688529326784166
18746260,2026-05-28 00:55:07+00:00,0.4649999999999999,0,0.0,0.0,0.0,0.0,0.0,0.0,0.04999999999999999,69.22,0.7688529326784166
18746260,2026-05-28 00:55:08+00:00,0.4649999999999999,0,0.0,0.0,0.0,0.0,0.0,0.0,0.04999999999999999,69.22,0.7688529326784166
18746260,2026-05-28 00:55:09+00:00,0.4649999999999999,0,0.0,0.0,0.0,0.0,0.0,0.0,0.04999999999999999,69.22,0.7688529326784166
18746260,2026-05-28 00:55:10+00:00,0.4649999999999999,0,0.0,0.0,0.0,0.0,0.0,0.0,0.04999999999999999,69.22,0.7688529326784166
18746260,2026-05-28 00:55:11+00:00,0.4649999999999999,0,0.0,0.0,0.0,0.0,0.0,0.0,0.04999999999999999,69.22,0.7688529326784166
18746260,2026-05-28 00:55:12+00:00,0.4649999999999999,0,0.0,0.0,0.0,0.0,0.0,0.0,0.04999999999999999,69.22,0.7688529326784166
18746260,2026-05-28 00:55:13+00:00,0.4649999999999999,0,0.0,0.0,0.0,0.0,0.0,0.0,0.04999999999999999,69.22,0.7688529326784166
18746260,2026-05-28 00:55:14+00:00,0.4649999999999999,0,0.0,0.0,0.0,0.0,0.0,0.0,0.04999999999999999,69.22,0.7688529326784166
18746260,2026-05-28 00:55:15+00:00,0.4649999999999999,0,0.0,0.0,0.0,0.0,0.0,0.0,0.04999999999999999,69.22,0.7688529326784166
18746260,2026-05-28 00:55:16+00:00,0.4649999999999999,0,0.0,0.0,0.0,0.0,0.0,0.0,0.04999999999999999,69.22,0.7688529326784166
18746260,2026-05-28 00:55:17+00:00,0.4649999999999999,0,0.0,0.0,0.0,0.0,0.0,0.0,0.04999999999999999,69.22,0.7688529326784166
18746260,2026-05-28 00:55:18+00:00,0.4649999999999999,0,0.0,0.0,0.0,0.0,0.0,0.0,0.04999999999999999,69.22,0.7688529326784166
18746260,2026-05-28 00:55:19+00:00,0.4649999999999999,0,0.0,0.0,0.0,0.0,0.0,0.0,0.04999999999999999,69.22,0.7688529326784166
18746260,2026-05-28 00:55:20+00:00,0.4649999999999999,0,0.0,0.0,0.0,0.0,0.0,0.0,0.04999999999999999,69.22,0.7688529326784166
18746260,2026-05-28 00:55:21+00:00,0.4649999999999999,0,0.0,0.0,0.0,0.0,0.0,0.0,0.04999999999999999,69.22,0.7688529326784166
18746260,2026-05-28 00:55:22+00:00,0.4649999999999999,0,0.0,0.0,0.0,0.0,0.0,0.0,0.04999999999999999,69.22,0.7688529326784166
18746260,2026-05-28 00:55:23+00:00,0.4649999999999999,0,0.0,0.0,0.0,0.0,0.0,0.0,0.04999999999999999,69.22,0.7688529326784166
18746260,2026-05-28 00:55:24+00:00,0.4649999999999999,0,0.0,0.0,0.0,0.0,0.0,0.0,0.04999999999999999,69.22,0.7688529326784166
18746260,2026-05-28 00:55:25+00:00,0.4649999999999999,0,0.0,0.0,0.0,0.0,0.0,0.0,0.04999999999999999,69.22,0.7688529326784166
18746260,2026-05-28 00:55:26+00:00,0.4649999999999999,0,0.0,0.0,0.0,0.0,0.0,0.0,0.04999999999999999,69.22,0.7688529326784166
18746260,2026-05-28 00:55:27+00:00,0.4649999999999999,0,0.0,0.0,0.0,0.0,0.0,0.0,0.04999999999999999,69.22,0.7688529326784166
18746260,2026-05-28 00:55:28+00:00,0.4649999999999999,0,0.0,0.0,0.0,0.0,0.0,0.0,0.04999999999999999,69.22,0.7688529326784166
18746260,2026-05-28 00:55:29+00:00,0.4649999999999999,0,0.0,0.0,0.0,0.0,0.0,0.0,0.04999999999999999,69.22,0.7688529326784166
18746260,2026-05-28 00:55:30+00:00,0.4649999999999999,0,0.0,0.0,0.0,0.0,0.0,0.0,0.04999999999999999,69.22,0.7688529326784166
18746260,2026-05-28 00:55:31+00:00,0.4649999999999999,0,0.0,0.0,0.0,0.0,0.0,0.0,0.04999999999999999,69.22,0.7688529326784166
18746260,2026-05-28 00:55:32+00:00,0.4649999999999999,0,0.0,0.0,0.0,0.0,0.0,0.0,0.04999999999999999,69.22,0.7688529326784166
18746260,2026-05-28 00:55:33+00:00,0.4649999999999999,0,0.0,0.0,0.0,0.0,0.0,0.0,0.04999999999999999,69.22,0.7688529326784166
18746260,2026-05-28 00:55:34+00:00,0.4649999999999999,0,0.0,0.0,0.0,0.0,0.0,0.0,0.04999999999999999,69.22,0.7688529326784166
18746260,2026-05-28 00:55:35+00:00,0.4649999999999999,0,0.0,0.0,0.0,0.0,0.0,0.0,0.04999999999999999,69.22,0.7688529326784166
18746260,2026-05-28 00:55:36+00:00,0.4649999999999999,0,0.0,0.0,0.0,0.0,0.0,0.0,0.04999999999999999,69.22,0.7688529326784166
18746260,2026-05-28 00:55:37+00:00,0.4649999999999999,0,0.0,0.0,0.0,0.0,0.0,0.0,0.04999999999999999,69.22,0.7688529326784166
18746260,2026-05-28 00:55:38+00:00,0.4649999999999999,0,0.0,0.0,0.0,0.0,0.0,0.0,0.04999999999999999,69.22,0.7688529326784166
18746260,2026-05-28 00:55:39+00:00,0.4649999999999999,0,0.0,0.0,0.0,0.0,0.0,0.0,0.04999999999999999,69.22,0.7688529326784166
18746260,2026-05-28 00:55:40+00:00,0.4649999999999999,0,0.0,0.0,0.0,0.0,0.0,0.0,0.04999999999999999,69.22,0.7688529326784166
18746260,2026-05-28 00:55:41+00:00,0.4649999999999999,0,0.0,0.0,0.0,0.0,0.0,0.0,0.04999999999999999,69.22,0.7688529326784166
18746260,2026-05-28 00:55:42+00:00,0.4649999999999999,0,0.0,0.0,0.0,0.0,0.0,0.0,0.04999999999999999,69.22,0.7688529326784166
18746260,2026-05-28 00:55:43+00:00,0.4649999999999999,0,0.0,0.0,0.0,0.0,0.0,0.0,0.04999999999999999,69.22,0.7688529326784166
18746260,2026-05-28 00:55:44+00:00,0.4649999999999999,0,0.0,0.0,0.0,0.0,0.0,0.0,0.04999999999999999,69.22,0.7688529326784166
18746260,2026-05-28 00:55:45+00:00,0.4649999999999999,0,0.0,0.0,0.0,0.0,0.0,0.0,0.04999999999999999,69.22,0.7688529326784166
18746260,2026-05-28 00:55:46+00:00,0.4649999999999999,0,0.0,0.0,0.0,0.0,0.0,0.0,0.04999999999999999,69.22,0.7688529326784166
18746260,2026-05-28 00:55:47+00:00,0.4649999999999999,0,0.0,0.0,0.0,0.0,0.0,0.0,0.04999999999999999,69.22,0.7688529326784166
18746260,2026-05-28 00:55:48+00:00,0.4649999999999999,0,0.0,0.0,0.0,0.0,0.0,0.0,0.04999999999999999,69.22,0.7688529326784166
18746260,2026-05-28 00:55:49+00:00,0.4649999999999999,0,0.0,0.0,0.0,0.0,0.0,0.0,0.04999999999999999,69.22,0.7688529326784166
18746260,2026-05-28 00:55:50+00:00,0.4649999999999999,0,0.0,0.0,0.0,0.0,0.0,0.0,0.04999999999999999,69.22,0.7688529326784166
18746260,2026-05-28 00:55:51+00:00,0.4649999999999999,0,0.0,0.0,0.0,0.0,0.0,0.0,0.04999999999999999,69.22,0.7688529326784166
18746260,2026-05-28 00:55:52+00:00,0.4649999999999999,0,0.0,0.0,0.0,0.0,0.0,0.0,0.04999999999999999,69.22,0.7688529326784166
18746260,2026-05-28 00:55:53+00:00,0.4649999999999999,0,0.0,0.0,0.0,0.0,0.0,0.0,0.04999999999999999,69.22,0.7688529326784166
18746260,2026-05-28 00:55:54+00:00,0.4649999999999999,0,0.0,0.0,0.0,0.0,0.0,0.0,0.04999999999999999,69.22,0.7688529326784166
18746260,2026-05-28 00:55:55+00:00,0.4649999999999999,0,0.0,0.0,0.0,0.0,0.0,0.0,0.04999999999999999,69.22,0.7688529326784166
18746260,2026-05-28 00:55:56+00:00,0.4649999999999999,0,0.0,0.0,0.0,0.0,0.0,0.0,0.04999999999999999,69.22,0.7688529326784166
18746260,2026-05-28 00:55:57+00:00,0.4649999999999999,0,0.0,0.0,0.0,0.0,0.0,0.0,0.04999999999999999,69.22,0.7688529326784166
18746260,2026-05-28 00:55:58+00:00,0.4649999999999999,0,0.0,0.0,0.0,0.0,0.0,0.0,0.04999999999999999,69.22,0.7688529326784166
18746260,2026-05-28 00:55:59+00:00,0.4649999999999999,0,0.0,0.0,0.0,0.0,0.0,0.0,0.04999999999999999,69.22,0.7688529326784166
18746260,2026-05-28 00:56:00+00:00,0.4649999999999999,0,0.0,0.0,0.0,0.0,0.0,0.0,0.04999999999999999,69.22,0.7688529326784166
18746260,2026-05-28 00:56:01+00:00,0.4649999999999999,0,0.0,0.0,0.0,0.0,0.0,0.0,0.04999999999999999,69.22,0.7688529326784166
18746260,2026-05-28 00:56:02+00:00,0.4649999999999999,0,0.0,0.0,0.0,0.0,0.0,0.0,0.04999999999999999,69.22,0.7688529326784166
18746260,2026-05-28 00:56:03+00:00,0.4649999999999999,0,0.0,0.0,0.0,0.0,0.0,0.0,0.04999999999999999,69.22,0.7688529326784166
18746260,2026-05-28 00:56:04+00:00,0.4649999999999999,0,0.0,0.0,0.0,0.0,0.0,0.0,0.04999999999999999,69.22,0.7688529326784166
18746260,2026-05-28 00:56:05+00:00,0.4649999999999999,0,0.0,0.0,0.0,0.0,0.0,0.0,0.04999999999999999,69.22,0.7688529326784166
18746260,2026-05-28 00:56:06+00:00,0.4649999999999999,0,0.0,0.0,0.0,0.0,0.0,0.0,0.04999999999999999,69.22,0.7688529326784166
18746260,2026-05-28 00:56:07+00:00,0.4649999999999999,0,0.0,0.0,0.0,0.0,0.0,0.0,0.04999999999999999,69.22,0.7688529326784166
18746260,2026-05-28 00:56:08+00:00,0.4649999999999999,0,0.0,0.0,0.0,0.0,0.0,0.0,0.04999999999999999,69.22,0.7688529326784166
18746260,2026-05-28 00:56:09+00:00,0.4649999999999999,0,0.0,0.0,0.0,0.0,0.0,0.0,0.04999999999999999,69.22,0.7688529326784166
18746260,2026-05-28 00:56:10+00:00,0.4649999999999999,0,0.0,0.0,0.0,0.0,0.0,0.0,0.04999999999999999,69.22,0.7688529326784166
18746260,2026-05-28 00:56:11+00:00,0.4649999999999999,0,0.0,0.0,0.0,0.0,0.0,0.0,0.04999999999999999,69.22,0.7688529326784166
18746260,2026-05-28 00:56:12+00:00,0.4649999999999999,0,0.0,0.0,0.0,0.0,0.0,0.0,0.04999999999999999,69.22,0.7688529326784166
18746260,2026-05-28 00:56:13+00:00,0.4649999999999999,0,0.0,0.0,0.0,0.0,0.0,0.0,0.04999999999999999,69.22,0.7688529326784166
18746260,2026-05-28 00:56:14+00:00,0.4649999999999999,0,0.0,0.0,0.0,0.0,0.0,0.0,0.04999999999999999,69.22,0.7688529326784166
18746260,2026-05-28 00:56:15+00:00,0.4649999999999999,0,0.0,0.0,0.0,0.0,0.0,0.0,0.04999999999999999,69.22,0.7688529326784166
18746260,2026-05-28 00:56:16+00:00,0.4649999999999999,0,0.0,0.0,0.0,0.0,0.0,0.0,0.04999999999999999,69.22,0.7688529326784166
18746260,2026-05-28 00:56:17+00:00,0.4649999999999999,0,0.0,0.0,0.0,0.0,0.0,0.0,0.04999999999999999,69.22,0.7688529326784166
18746260,2026-05-28 00:56:18+00:00,0.4649999999999999,0,0.0,0.0,0.0,0.0,0.0,0.0,0.04999999999999999,69.22,0.7688529326784166
18746260,2026-05-28 00:56:19+00:00,0.4649999999999999,0,0.0,0.0,0.0,0.0,0.0,0.0,0.04999999999999999,69.22,0.7688529326784166
18746260,2026-05-28 00:56:20+00:00,0.4649999999999999,0,0.0,0.0,0.0,0.0,0.0,0.0,0.04999999999999999,69.22,0.7688529326784166
18746260,2026-05-28 00:56:21+00:00,0.4649999999999999,0,0.0,0.0,0.0,0.0,0.0,0.0,0.04999999999999999,69.22,0.7688529326784166
18746260,2026-05-28 00:56:22+00:00,0.4649999999999999,0,0.0,0.0,0.0,0.0,0.0,0.0,0.04999999999999999,69.22,0.7688529326784166
18746260,2026-05-28 00:56:23+00:00,0.4649999999999999,0,0.0,0.0,0.0,0.0,0.0,0.0,0.04999999999999999,69.22,0.7688529326784166
18746260,2026-05-28 00:56:24+00:00,0.4649999999999999,0,0.0,0.0,0.0,0.0,0.0,0.0,0.04999999999999999,69.22,0.7688529326784166
18746260,2026-05-28 00:56:25+00:00,0.4649999999999999,0,0.0,0.0,0.0,0.0,0.0,0.0,0.04999999999999999,69.22,0.7688529326784166
18746260,2026-05-28 00:56:26+00:00,0.4649999999999999,0,0.0,0.0,0.0,0.0,0.0,0.0,0.04999999999999999,69.22,0.7688529326784166
18746260,2026-05-28 00:56:27+00:00,0.4649999999999999,0,0.0,0.0,0.0,0.0,0.0,0.0,0.04999999999999999,69.22,0.7688529326784166
18746260,2026-05-28 00:56:28+00:00,0.4649999999999999,0,0.0,0.0,0.0,0.0,0.0,0.0,0.04999999999999999,69.22,0.7688529326784166
18746260,2026-05-28 00:56:29+00:00,0.4649999999999999,0,0.0,0.0,0.0,0.0,0.0,0.0,0.04999999999999999,69.22,0.7688529326784166
18746260,2026-05-28 00:56:30+00:00,0.4649999999999999,0,0.0,0.0,0.0,0.0,0.0,0.0,0.04999999999999999,69.22,0.7688529326784166
18746260,2026-05-28 00:56:31+00:00,0.4649999999999999,0,0.0,0.0,0.0,0.0,0.0,0.0,0.04999999999999999,69.22,0.7688529326784166
18746260,2026-05-28 00:56:32+00:00,0.4649999999999999,0,0.0,0.0,0.0,0.0,0.0,0.0,0.04999999999999999,69.22,0.7688529326784166
18746260,2026-05-28 00:56:33+00:00,0.4649999999999999,0,0.0,0.0,0.0,0.0,0.0,0.0,0.04999999999999999,69.22,0.7688529326784166
18746260,2026-05-28 00:56:34+00:00,0.4649999999999999,0,0.0,0.0,0.0,0.0,0.0,0.0,0.04999999999999999,69.22,0.7688529326784166
18746260,2026-05-28 00:56:35+00:00,0.4649999999999999,0,0.0,0.0,0.0,0.0,0.0,0.0,0.04999999999999999,69.22,0.7688529326784166
18746260,2026-05-28 00:56:36+00:00,0.4649999999999999,0,0.0,0.0,0.0,0.0,0.0,0.0,0.04999999999999999,69.22,0.7688529326784166
18746260,2026-05-28 00:56:37+00:00,0.4649999999999999,0,0.0,0.0,0.0,0.0,0.0,0.0,0.04999999999999999,69.22,0.7688529326784166
18746260,2026-05-28 00:56:38+00:00,0.4649999999999999,0,0.0,0.0,0.0,0.0,0.0,0.0,0.04999999999999999,69.22,0.7688529326784166
18746260,2026-05-28 00:56:39+00:00,0.4649999999999999,0,0.0,0.0,0.0,0.0,0.0,0.0,0.04999999999999999,69.22,0.7688529326784166
18746260,2026-05-28 00:56:40+00:00,0.4649999999999999,0,0.0,0.0,0.0,0.0,0.0,0.0,0.04999999999999999,69.22,0.7688529326784166
18746260,2026-05-28 00:56:41+00:00,0.4649999999999999,0,0.0,0.0,0.0,0.0,0.0,0.0,0.04999999999999999,69.22,0.7688529326784166
18746260,2026-05-28 00:56:42+00:00,0.4649999999999999,0,0.0,0.0,0.0,0.0,0.0,0.0,0.04999999999999999,69.22,0.7688529326784166
18746260,2026-05-28 00:56:43+00:00,0.4649999999999999,0,0.0,0.0,0.0,0.0,0.0,0.0,0.04999999999999999,69.22,0.7688529326784166
18746260,2026-05-28 00:56:44+00:00,0.4649999999999999,0,0.0,0.0,0.0,0.0,0.0,0.0,0.04999999999999999,69.22,0.7688529326784166
18746260,2026-05-28 00:56:45+00:00,0.4649999999999999,0,0.0,0.0,0.0,0.0,0.0,0.0,0.04999999999999999,69.22,0.7688529326784166
18746260,2026-05-28 00:56:46+00:00,0.4649999999999999,0,0.0,0.0,0.0,0.0,0.0,0.0,0.04999999999999999,69.22,0.7688529326784166
18746260,2026-05-28 00:56:47+00:00,0.4649999999999999,0,0.0,0.0,0.0,0.0,0.0,0.0,0.04999999999999999,69.22,0.7688529326784166
18746260,2026-05-28 00:56:48+00:00,0.4649999999999999,0,0.0,0.0,0.0,0.0,0.0,0.0,0.04999999999999999,69.22,0.7688529326784166
18746260,2026-05-28 00:56:49+00:00,0.4649999999999999,0,0.0,0.0,0.0,0.0,0.0,0.0,0.04999999999999999,69.22,0.7688529326784166
18746260,2026-05-28 00:56:50+00:00,0.4649999999999999,0,0.0,0.0,0.0,0.0,0.0,0.0,0.04999999999999999,69.22,0.7688529326784166
18746260,2026-05-28 00:56:51+00:00,0.4649999999999999,0,0.0,0.0,0.0,0.0,0.0,0.0,0.04999999999999999,69.22,0.7688529326784166
18746260,2026-05-28 00:56:52+00:00,0.4649999999999999,0,0.0,0.0,0.0,0.0,0.0,0.0,0.04999999999999999,69.22,0.7688529326784166
18746260,2026-05-28 00:56:53+00:00,0.4649999999999999,0,0.0,0.0,0.0,0.0,0.0,0.0,0.04999999999999999,69.22,0.7688529326784166
18746260,2026-05-28 00:56:54+00:00,0.4649999999999999,0,0.0,0.0,0.0,0.0,0.0,0.0,0.04999999999999999,69.22,0.7688529326784166
18746260,2026-05-28 00:56:55+00:00,0.4649999999999999,0,0.0,0.0,0.0,0.0,0.0,0.0,0.04999999999999999,69.22,0.7688529326784166
18746260,2026-05-28 00:56:56+00:00,0.4649999999999999,0,0.0,0.0,0.0,0.0,0.0,0.0,0.04999999999999999,69.22,0.7688529326784166
18746260,2026-05-28 00:56:57+00:00,0.4649999999999999,0,0.0,0.0,0.0,0.0,0.0,0.0,0.04999999999999999,69.22,0.7688529326784166
18746260,2026-05-28 00:56:58+00:00,0.4649999999999999,0,0.0,0.0,0.0,0.0,0.0,0.0,0.04999999999999999,69.22,0.7688529326784166
18746260,2026-05-28 00:56:59+00:00,0.4649999999999999,0,0.0,0.0,0.0,0.0,0.0,0.0,0.04999999999999999,69.22,0.7688529326784166
18746260,2026-05-28 00:57:00+00:00,0.4649999999999999,0,0.0,0.0,0.0,0.0,0.0,0.0,0.04999999999999999,69.22,0.7688529326784166
18746260,2026-05-28 00:57:01+00:00,0.4649999999999999,0,0.0,0.0,0.0,0.0,0.0,0.0,0.04999999999999999,69.22,0.7688529326784166
18746260,2026-05-28 00:57:02+00:00,0.4649999999999999,0,0.0,0.0,0.0,0.0,0.0,0.0,0.04999999999999999,69.22,0.7688529326784166
18746260,2026-05-28 00:57:03+00:00,0.4649999999999999,0,0.0,0.0,0.0,0.0,0.0,0.0,0.04999999999999999,69.22,0.7688529326784166
18746260,2026-05-28 00:57:04+00:00,0.4649999999999999,0,0.0,0.0,0.0,0.0,0.0,0.0,0.04999999999999999,69.22,0.7688529326784166
18746260,2026-05-28 00:57:05+00:00,0.4649999999999999,0,0.0,0.0,0.0,0.0,0.0,0.0,0.04999999999999999,69.22,0.7688529326784166
18746260,2026-05-28 00:57:06+00:00,0.4649999999999999,0,0.0,0.0,0.0,0.0,0.0,0.0,0.04999999999999999,69.22,0.7688529326784166
18746260,2026-05-28 00:57:07+00:00,0.4649999999999999,0,0.0,0.0,0.0,0.0,0.0,0.0,0.04999999999999999,69.22,0.7688529326784166
18746260,2026-05-28 00:57:08+00:00,0.4649999999999999,0,0.0,0.0,0.0,0.0,0.0,0.0,0.04999999999999999,69.22,0.7688529326784166
18746260,2026-05-28 00:57:09+00:00,0.4649999999999999,0,0.0,0.0,0.0,0.0,0.0,0.0,0.04999999999999999,69.22,0.7688529326784166
18746260,2026-05-28 00:57:10+00:00,0.4649999999999999,0,0.0,0.0,0.0,0.0,0.0,0.0,0.04999999999999999,69.22,0.7688529326784166
18746260,2026-05-28 00:57:11+00:00,0.4649999999999999,0,0.0,0.0,0.0,0.0,0.0,0.0,0.04999999999999999,69.22,0.7688529326784166
18746260,2026-05-28 00:57:12+00:00,0.4649999999999999,0,0.0,0.0,0.0,0.0,0.0,0.0,0.04999999999999999,69.22,0.7688529326784166
18746260,2026-05-28 00:57:13+00:00,0.4649999999999999,0,0.0,0.0,0.0,0.0,0.0,0.0,0.04999999999999999,69.22,0.7688529326784166
18746260,2026-05-28 00:57:14+00:00,0.4649999999999999,0,0.0,0.0,0.0,0.0,0.0,0.0,0.04999999999999999,69.22,0.7688529326784166
18746260,2026-05-28 00:57:15+00:00,0.4649999999999999,0,0.0,0.0,0.0,0.0,0.0,0.0,0.04999999999999999,69.22,0.7688529326784166
18746260,2026-05-28 00:57:16+00:00,0.4649999999999999,0,0.0,0.0,0.0,0.0,0.0,0.0,0.04999999999999999,69.22,0.7688529326784166
18746260,2026-05-28 00:57:17+00:00,0.4649999999999999,0,0.0,0.0,0.0,0.0,0.0,0.0,0.04999999999999999,69.22,0.7688529326784166
18746260,2026-05-28 00:57:18+00:00,0.4649999999999999,0,0.0,0.0,0.0,0.0,0.0,0.0,0.04999999999999999,69.22,0.7688529326784166
18746260,2026-05-28 00:57:19+00:00,0.4649999999999999,0,0.0,0.0,0.0,0.0,0.0,0.0,0.04999999999999999,69.22,0.7688529326784166
18746260,2026-05-28 00:57:20+00:00,0.4649999999999999,0,0.0,0.0,0.0,0.0,0.0,0.0,0.04999999999999999,69.22,0.7688529326784166
18746260,2026-05-28 00:57:21+00:00,0.4649999999999999,0,0.0,0.0,0.0,0.0,0.0,0.0,0.04999999999999999,69.22,0.7688529326784166
18746260,2026-05-28 00:57:22+00:00,0.4649999999999999,0,0.0,0.0,0.0,0.0,0.0,0.0,0.04999999999999999,69.22,0.7688529326784166
18746260,2026-05-28 00:57:23+00:00,0.4649999999999999,0,0.0,0.0,0.0,0.0,0.0,0.0,0.04999999999999999,69.22,0.7688529326784166
18746260,2026-05-28 00:57:24+00:00,0.4649999999999999,0,0.0,0.0,0.0,0.0,0.0,0.0,0.04999999999999999,69.22,0.7688529326784166
18746260,2026-05-28 00:57:25+00:00,0.4649999999999999,0,0.0,0.0,0.0,0.0,0.0,0.0,0.04999999999999999,69.22,0.7688529326784166
18746260,2026-05-28 00:57:26+00:00,0.4649999999999999,0,0.0,0.0,0.0,0.0,0.0,0.0,0.04999999999999999,69.22,0.7688529326784166
18746260,2026-05-28 00:57:27+00:00,0.4649999999999999,0,0.0,0.0,0.0,0.0,0.0,0.0,0.04999999999999999,69.22,0.7688529326784166
18746260,2026-05-28 00:57:28+00:00,0.4649999999999999,0,0.0,0.0,0.0,0.0,0.0,0.0,0.04999999999999999,69.22,0.7688529326784166
18746260,2026-05-28 00:57:29+00:00,0.4649999999999999,0,0.0,0.0,0.0,0.0,0.0,0.0,0.04999999999999999,69.22,0.7688529326784166
18746260,2026-05-28 00:57:30+00:00,0.4649999999999999,0,0.0,0.0,0.0,0.0,0.0,0.0,0.04999999999999999,69.22,0.7688529326784166
18746260,2026-05-28 00:57:31+00:00,0.4649999999999999,0,0.0,0.0,0.0,0.0,0.0,0.0,0.04999999999999999,69.22,0.7688529326784166
18746260,2026-05-28 00:57:32+00:00,0.4649999999999999,0,0.0,0.0,0.0,0.0,0.0,0.0,0.04999999999999999,69.22,0.7688529326784166
18746260,2026-05-28 00:57:33+00:00,0.4649999999999999,0,0.0,0.0,0.0,0.0,0.0,0.0,0.04999999999999999,69.22,0.7688529326784166
18746260,2026-05-28 00:57:34+00:00,0.4649999999999999,0,0.0,0.0,0.0,0.0,0.0,0.0,0.04999999999999999,69.22,0.7688529326784166
18746260,2026-05-28 00:57:35+00:00,0.4649999999999999,0,0.0,0.0,0.0,0.0,0.0,0.0,0.04999999999999999,69.22,0.7688529326784166
18746260,2026-05-28 00:57:36+00:00,0.4649999999999999,0,0.0,0.0,0.0,0.0,0.0,0.0,0.04999999999999999,69.22,0.7688529326784166
18746260,2026-05-28 00:57:37+00:00,0.4649999999999999,0,0.0,0.0,0.0,0.0,0.0,0.0,0.04999999999999999,69.22,0.7688529326784166
18746260,2026-05-28 00:57:38+00:00,0.4649999999999999,0,0.0,0.0,0.0,0.0,0.0,0.0,0.04999999999999999,69.22,0.7688529326784166
18746260,2026-05-28 00:57:39+00:00,0.4649999999999999,0,0.0,0.0,0.0,0.0,0.0,0.0,0.04999999999999999,69.22,0.7688529326784166
18746260,2026-05-28 00:57:40+00:00,0.4649999999999999,0,0.0,0.0,0.0,0.0,0.0,0.0,0.04999999999999999,69.22,0.7688529326784166
18746260,2026-05-28 00:57:41+00:00,0.4649999999999999,0,0.0,0.0,0.0,0.0,0.0,0.0,0.04999999999999999,69.22,0.7688529326784166
18746260,2026-05-28 00:57:42+00:00,0.4649999999999999,0,0.0,0.0,0.0,0.0,0.0,0.0,0.04999999999999999,69.22,0.7688529326784166
18746260,2026-05-28 00:57:43+00:00,0.4649999999999999,0,0.0,0.0,0.0,0.0,0.0,0.0,0.04999999999999999,69.22,0.7688529326784166
18746260,2026-05-28 00:57:44+00:00,0.4649999999999999,0,0.0,0.0,0.0,0.0,0.0,0.0,0.04999999999999999,69.22,0.7688529326784166
18746260,2026-05-28 00:57:45+00:00,0.4649999999999999,0,0.0,0.0,0.0,0.0,0.0,0.0,0.04999999999999999,69.22,0.7688529326784166
18746260,2026-05-28 00:57:46+00:00,0.4649999999999999,0,0.0,0.0,0.0,0.0,0.0,0.0,0.04999999999999999,69.22,0.7688529326784166
18746260,2026-05-28 00:57:47+00:00,0.4649999999999999,0,0.0,0.0,0.0,0.0,0.0,0.0,0.04999999999999999,69.22,0.7688529326784166
18746260,2026-05-28 00:57:48+00:00,0.4649999999999999,0,0.0,0.0,0.0,0.0,0.0,0.0,0.04999999999999999,69.22,0.7688529326784166
18746260,2026-05-28 00:57:49+00:00,0.4649999999999999,0,0.0,0.0,0.0,0.0,0.0,0.0,0.04999999999999999,69.22,0.7688529326784166
18746260,2026-05-28 00:57:50+00:00,0.4649999999999999,0,0.0,0.0,0.0,0.0,0.0,0.0,0.04999999999999999,69.22,0.7688529326784166
18746260,2026-05-28 00:57:51+00:00,0.4649999999999999,0,0.0,0.0,0.0,0.0,0.0,0.0,0.04999999999999999,69.22,0.7688529326784166
18746260,2026-05-28 00:57:52+00:00,0.4649999999999999,0,0.0,0.0,0.0,0.0,0.0,0.0,0.04999999999999999,69.22,0.7688529326784166
18746260,2026-05-28 00:57:53+00:00,0.4649999999999999,0,0.0,0.0,0.0,0.0,0.0,0.0,0.04999999999999999,69.22,0.7688529326784166
18746260,2026-05-28 00:57:54+00:00,0.4649999999999999,0,0.0,0.0,0.0,0.0,0.0,0.0,0.04999999999999999,69.22,0.7688529326784166
18746260,2026-05-28 00:57:55+00:00,0.4649999999999999,0,0.0,0.0,0.0,0.0,0.0,0.0,0.04999999999999999,69.22,0.7688529326784166
18746260,2026-05-28 00:57:56+00:00,0.4649999999999999,0,0.0,0.0,0.0,0.0,0.0,0.0,0.04999999999999999,69.22,0.7688529326784166
18746260,2026-05-28 00:57:57+00:00,0.4649999999999999,0,0.0,0.0,0.0,0.0,0.0,0.0,0.04999999999999999,69.22,0.7688529326784166
18746260,2026-05-28 00:57:58+00:00,0.4649999999999999,0,0.0,0.0,0.0,0.0,0.0,0.0,0.04999999999999999,69.22,0.7688529326784166
18746260,2026-05-28 00:57:59+00:00,0.4649999999999999,0,0.0,0.0,0.0,0.0,0.0,0.0,0.04999999999999999,69.22,0.7688529326784166
18746260,2026-05-28 00:58:00+00:00,0.4649999999999999,0,0.0,0.0,0.0,0.0,0.0,0.0,0.04999999999999999,69.22,0.7688529326784166
18746260,2026-05-28 00:58:01+00:00,0.4649999999999999,0,0.0,0.0,0.0,0.0,0.0,0.0,0.04999999999999999,69.22,0.7688529326784166
18746260,2026-05-28 00:58:02+00:00,0.4649999999999999,0,0.0,0.0,0.0,0.0,0.0,0.0,0.04999999999999999,69.22,0.7688529326784166
18746260,2026-05-28 00:58:03+00:00,0.4649999999999999,0,0.0,0.0,0.0,0.0,0.0,0.0,0.04999999999999999,69.22,0.7688529326784166
18746260,2026-05-28 00:58:04+00:00,0.4649999999999999,0,0.0,0.0,0.0,0.0,0.0,0.0,0.04999999999999999,69.22,0.7688529326784166
18746260,2026-05-28 00:58:05+00:00,0.4649999999999999,0,0.0,0.0,0.0,0.0,0.0,0.0,0.04999999999999999,69.22,0.7688529326784166
18746260,2026-05-28 00:58:06+00:00,0.4649999999999999,0,0.0,0.0,0.0,0.0,0.0,0.0,0.04999999999999999,69.22,0.7688529326784166
18746260,2026-05-28 00:58:07+00:00,0.4649999999999999,0,0.0,0.0,0.0,0.0,0.0,0.0,0.04999999999999999,69.22,0.7688529326784166
18746260,2026-05-28 00:58:08+00:00,0.4649999999999999,0,0.0,0.0,0.0,0.0,0.0,0.0,0.04999999999999999,69.22,0.7688529326784166
18746260,2026-05-28 00:58:09+00:00,0.4649999999999999,0,0.0,0.0,0.0,0.0,0.0,0.0,0.04999999999999999,69.22,0.7688529326784166
18746260,2026-05-28 00:58:10+00:00,0.4649999999999999,0,0.0,0.0,0.0,0.0,0.0,0.0,0.04999999999999999,69.22,0.7688529326784166
18746260,2026-05-28 00:58:11+00:00,0.4649999999999999,0,0.0,0.0,0.0,0.0,0.0,0.0,0.04999999999999999,69.22,0.7688529326784166
18746260,2026-05-28 00:58:12+00:00,0.4649999999999999,0,0.0,0.0,0.0,0.0,0.0,0.0,0.04999999999999999,69.22,0.7688529326784166
18746260,2026-05-28 00:58:13+00:00,0.4649999999999999,0,0.0,0.0,0.0,0.0,0.0,0.0,0.04999999999999999,69.22,0.7688529326784166
18746260,2026-05-28 00:58:14+00:00,0.4649999999999999,0,0.0,0.0,0.0,0.0,0.0,0.0,0.04999999999999999,69.22,0.7688529326784166
18746260,2026-05-28 00:58:15+00:00,0.4649999999999999,0,0.0,0.0,0.0,0.0,0.0,0.0,0.04999999999999999,69.22,0.7688529326784166
18746260,2026-05-28 00:58:16+00:00,0.4649999999999999,0,0.0,0.0,0.0,0.0,0.0,0.0,0.04999999999999999,69.22,0.7688529326784166
18746260,2026-05-28 00:58:17+00:00,0.4649999999999999,0,0.0,0.0,0.0,0.0,0.0,0.0,0.04999999999999999,69.22,0.7688529326784166
18746260,2026-05-28 00:58:18+00:00,0.4649999999999999,0,0.0,0.0,0.0,0.0,0.0,0.0,0.04999999999999999,69.22,0.7688529326784166
18746260,2026-05-28 00:58:19+00:00,0.4649999999999999,0,0.0,0.0,0.0,0.0,0.0,0.0,0.04999999999999999,69.22,0.7688529326784166
18746260,2026-05-28 00:58:20+00:00,0.4649999999999999,0,0.0,0.0,0.0,0.0,0.0,0.0,0.04999999999999999,69.22,0.7688529326784166
18746260,2026-05-28 00:58:21+00:00,0.4649999999999999,0,0.0,0.0,0.0,0.0,0.0,0.0,0.04999999999999999,69.22,0.7688529326784166
18746260,2026-05-28 00:58:22+00:00,0.4649999999999999,0,0.0,0.0,0.0,0.0,0.0,0.0,0.04999999999999999,69.22,0.7688529326784166
18746260,2026-05-28 00:58:23+00:00,0.4649999999999999,0,0.0,0.0,0.0,0.0,0.0,0.0,0.04999999999999999,69.22,0.7688529326784166
18746260,2026-05-28 00:58:24+00:00,0.4649999999999999,0,0.0,0.0,0.0,0.0,0.0,0.0,0.04999999999999999,69.22,0.7688529326784166
18746260,2026-05-28 00:58:25+00:00,0.4649999999999999,0,0.0,0.0,0.0,0.0,0.0,0.0,0.04999999999999999,69.22,0.7688529326784166
18746260,2026-05-28 00:58:26+00:00,0.4649999999999999,0,0.0,0.0,0.0,0.0,0.0,0.0,0.04999999999999999,69.22,0.7688529326784166
18746260,2026-05-28 00:58:27+00:00,0.4649999999999999,0,0.0,0.0,0.0,0.0,0.0,0.0,0.04999999999999999,69.22,0.7688529326784166
18746260,2026-05-28 00:58:28+00:00,0.4649999999999999,0,0.0,0.0,0.0,0.0,0.0,0.0,0.04999999999999999,69.22,0.7688529326784166
18746260,2026-05-28 00:58:29+00:00,0.4649999999999999,0,0.0,0.0,0.0,0.0,0.0,0.0,0.04999999999999999,69.22,0.7688529326784166
18746260,2026-05-28 00:58:30+00:00,0.4649999999999999,0,0.0,0.0,0.0,0.0,0.0,0.0,0.04999999999999999,69.22,0.7688529326784166
18746260,2026-05-28 00:58:31+00:00,0.4649999999999999,0,0.0,0.0,0.0,0.0,0.0,0.0,0.04999999999999999,69.22,0.7688529326784166
18746260,2026-05-28 00:58:32+00:00,0.4649999999999999,0,0.0,0.0,0.0,0.0,0.0,0.0,0.04999999999999999,69.22,0.7688529326784166
18746260,2026-05-28 00:58:33+00:00,0.4649999999999999,0,0.0,0.0,0.0,0.0,0.0,0.0,0.04999999999999999,69.22,0.7688529326784166
18746260,2026-05-28 00:58:34+00:00,0.4649999999999999,0,0.0,0.0,0.0,0.0,0.0,0.0,0.04999999999999999,69.22,0.7688529326784166
18746260,2026-05-28 00:58:35+00:00,0.4649999999999999,0,0.0,0.0,0.0,0.0,0.0,0.0,0.04999999999999999,69.22,0.7688529326784166
18746260,2026-05-28 00:58:36+00:00,0.4649999999999999,0,0.0,0.0,0.0,0.0,0.0,0.0,0.04999999999999999,69.22,0.7688529326784166
18746260,2026-05-28 00:58:37+00:00,0.4649999999999999,0,0.0,0.0,0.0,0.0,0.0,0.0,0.04999999999999999,69.22,0.7688529326784166
18746260,2026-05-28 00:58:38+00:00,0.4649999999999999,0,0.0,0.0,0.0,0.0,0.0,0.0,0.04999999999999999,69.22,0.7688529326784166
18746260,2026-05-28 00:58:39+00:00,0.4649999999999999,0,0.0,0.0,0.0,0.0,0.0,0.0,0.04999999999999999,69.22,0.7688529326784166
18746260,2026-05-28 00:58:40+00:00,0.4649999999999999,0,0.0,0.0,0.0,0.0,0.0,0.0,0.04999999999999999,69.22,0.7688529326784166
18746260,2026-05-28 00:58:41+00:00,0.4649999999999999,0,0.0,0.0,0.0,0.0,0.0,0.0,0.04999999999999999,69.22,0.7688529326784166
18746260,2026-05-28 00:58:42+00:00,0.4649999999999999,0,0.0,0.0,0.0,0.0,0.0,0.0,0.04999999999999999,69.22,0.7688529326784166
18746260,2026-05-28 00:58:43+00:00,0.4649999999999999,0,0.0,0.0,0.0,0.0,0.0,0.0,0.04999999999999999,69.22,0.7688529326784166
18746260,2026-05-28 00:58:44+00:00,0.4649999999999999,0,0.0,0.0,0.0,0.0,0.0,0.0,0.04999999999999999,69.22,0.7688529326784166
18746260,2026-05-28 00:58:45+00:00,0.4649999999999999,0,0.0,0.0,0.0,0.0,0.0,0.0,0.04999999999999999,69.22,0.7688529326784166
18746260,2026-05-28 00:58:46+00:00,0.4649999999999999,0,0.0,0.0,0.0,0.0,0.0,0.0,0.04999999999999999,69.22,0.7688529326784166
18746260,2026-05-28 00:58:47+00:00,0.4649999999999999,0,0.0,0.0,0.0,0.0,0.0,0.0,0.04999999999999999,69.22,0.7688529326784166
18746260,2026-05-28 00:58:48+00:00,0.4649999999999999,0,0.0,0.0,0.0,0.0,0.0,0.0,0.04999999999999999,69.22,0.7688529326784166
18746260,2026-05-28 00:58:49+00:00,0.4649999999999999,0,0.0,0.0,0.0,0.0,0.0,0.0,0.04999999999999999,69.22,0.7688529326784166
18746260,2026-05-28 00:58:50+00:00,0.4649999999999999,0,0.0,0.0,0.0,0.0,0.0,0.0,0.04999999999999999,69.22,0.7688529326784166
18746260,2026-05-28 00:58:51+00:00,0.4649999999999999,0,0.0,0.0,0.0,0.0,0.0,0.0,0.04999999999999999,69.22,0.7688529326784166
18746260,2026-05-28 00:58:52+00:00,0.4649999999999999,0,0.0,0.0,0.0,0.0,0.0,0.0,0.04999999999999999,69.22,0.7688529326784166
18746260,2026-05-28 00:58:53+00:00,0.4649999999999999,0,0.0,0.0,0.0,0.0,0.0,0.0,0.04999999999999999,69.22,0.7688529326784166
18746260,2026-05-28 00:58:54+00:00,0.4649999999999999,0,0.0,0.0,0.0,0.0,0.0,0.0,0.04999999999999999,69.22,0.7688529326784166
18746260,2026-05-28 00:58:55+00:00,0.4649999999999999,0,0.0,0.0,0.0,0.0,0.0,0.0,0.04999999999999999,69.22,0.7688529326784166
18746260,2026-05-28 00:58:56+00:00,0.4649999999999999,0,0.0,0.0,0.0,0.0,0.0,0.0,0.04999999999999999,69.22,0.7688529326784166
18746260,2026-05-28 00:58:57+00:00,0.4649999999999999,0,0.0,0.0,0.0,0.0,0.0,0.0,0.04999999999999999,69.22,0.7688529326784166
18746260,2026-05-28 00:58:58+00:00,0.4649999999999999,0,0.0,0.0,0.0,0.0,0.0,0.0,0.04999999999999999,69.22,0.7688529326784166
18746260,2026-05-28 00:58:59+00:00,0.4649999999999999,0,0.0,0.0,0.0,0.0,0.0,0.0,0.04999999999999999,69.22,0.7688529326784166
18746260,2026-05-28 00:59:00+00:00,0.4649999999999999,0,0.0,0.0,0.0,0.0,0.0,0.0,0.04999999999999999,69.22,0.7688529326784166
18746260,2026-05-28 00:59:01+00:00,0.4649999999999999,0,0.0,0.0,0.0,0.0,0.0,0.0,0.04999999999999999,69.22,0.7688529326784166
18746260,2026-05-28 00:59:02+00:00,0.4649999999999999,0,0.0,0.0,0.0,0.0,0.0,0.0,0.04999999999999999,69.22,0.7688529326784166
18746260,2026-05-28 00:59:03+00:00,0.4649999999999999,0,0.0,0.0,0.0,0.0,0.0,0.0,0.04999999999999999,69.22,0.7688529326784166
18746260,2026-05-28 00:59:04+00:00,0.4649999999999999,0,0.0,0.0,0.0,0.0,0.0,0.0,0.04999999999999999,69.22,0.7688529326784166
18746260,2026-05-28 00:59:05+00:00,0.4649999999999999,0,0.0,0.0,0.0,0.0,0.0,0.0,0.04999999999999999,69.22,0.7688529326784166
18746260,2026-05-28 00:59:06+00:00,0.4649999999999999,0,0.0,0.0,0.0,0.0,0.0,0.0,0.04999999999999999,69.22,0.7688529326784166
18746260,2026-05-28 00:59:07+00:00,0.4649999999999999,0,0.0,0.0,0.0,0.0,0.0,0.0,0.04999999999999999,69.22,0.7688529326784166
18746260,2026-05-28 00:59:08+00:00,0.4649999999999999,0,0.0,0.0,0.0,0.0,0.0,0.0,0.04999999999999999,69.22,0.7688529326784166
18746260,2026-05-28 00:59:09+00:00,0.4649999999999999,0,0.0,0.0,0.0,0.0,0.0,0.0,0.04999999999999999,69.22,0.7688529326784166
18746260,2026-05-28 00:59:10+00:00,0.4649999999999999,0,0.0,0.0,0.0,0.0,0.0,0.0,0.04999999999999999,69.22,0.7688529326784166
18746260,2026-05-28 00:59:11+00:00,0.4649999999999999,0,0.0,0.0,0.0,0.0,0.0,0.0,0.04999999999999999,69.22,0.7688529326784166
18746260,2026-05-28 00:59:12+00:00,0.4649999999999999,0,0.0,0.0,0.0,0.0,0.0,0.0,0.04999999999999999,69.22,0.7688529326784166
18746260,2026-05-28 00:59:13+00:00,0.4649999999999999,0,0.0,0.0,0.0,0.0,0.0,0.0,0.04999999999999999,69.22,0.7688529326784166
18746260,2026-05-28 00:59:14+00:00,0.4649999999999999,0,0.0,0.0,0.0,0.0,0.0,0.0,0.04999999999999999,69.22,0.7688529326784166
18746260,2026-05-28 00:59:15+00:00,0.4649999999999999,0,0.0,0.0,0.0,0.0,0.0,0.0,0.04999999999999999,69.22,0.7688529326784166
18746260,2026-05-28 00:59:16+00:00,0.4649999999999999,0,0.0,0.0,0.0,0.0,0.0,0.0,0.04999999999999999,69.22,0.7688529326784166
18746260,2026-05-28 00:59:17+00:00,0.4649999999999999,0,0.0,0.0,0.0,0.0,0.0,0.0,0.04999999999999999,69.22,0.7688529326784166
18746260,2026-05-28 00:59:18+00:00,0.4649999999999999,0,0.0,0.0,0.0,0.0,0.0,0.0,0.04999999999999999,69.22,0.7688529326784166
18746260,2026-05-28 00:59:19+00:00,0.4649999999999999,0,0.0,0.0,0.0,0.0,0.0,0.0,0.04999999999999999,69.22,0.7688529326784166
18746260,2026-05-28 00:59:20+00:00,0.4649999999999999,0,0.0,0.0,0.0,0.0,0.0,0.0,0.04999999999999999,69.22,0.7688529326784166
18746260,2026-05-28 00:59:21+00:00,0.4649999999999999,0,0.0,0.0,0.0,0.0,0.0,0.0,0.04999999999999999,69.22,0.7688529326784166
18746260,2026-05-28 00:59:22+00:00,0.4649999999999999,0,0.0,0.0,0.0,0.0,0.0,0.0,0.04999999999999999,69.22,0.7688529326784166
18746260,2026-05-28 00:59:23+00:00,0.4649999999999999,0,0.0,0.0,0.0,0.0,0.0,0.0,0.04999999999999999,69.22,0.7688529326784166
18746260,2026-05-28 00:59:24+00:00,0.4649999999999999,0,0.0,0.0,0.0,0.0,0.0,0.0,0.04999999999999999,69.22,0.7688529326784166
18746260,2026-05-28 00:59:25+00:00,0.4649999999999999,0,0.0,0.0,0.0,0.0,0.0,0.0,0.04999999999999999,69.22,0.7688529326784166
18746260,2026-05-28 00:59:26+00:00,0.4649999999999999,0,0.0,0.0,0.0,0.0,0.0,0.0,0.04999999999999999,69.22,0.7688529326784166
18746260,2026-05-28 00:59:27+00:00,0.4649999999999999,0,0.0,0.0,0.0,0.0,0.0,0.0,0.04999999999999999,69.22,0.7688529326784166
18746260,2026-05-28 00:59:28+00:00,0.4649999999999999,0,0.0,0.0,0.0,0.0,0.0,0.0,0.04999999999999999,69.22,0.7688529326784166
18746260,2026-05-28 00:59:29+00:00,0.4649999999999999,0,0.0,0.0,0.0,0.0,0.0,0.0,0.04999999999999999,69.22,0.7688529326784166
18746260,2026-05-28 00:59:30+00:00,0.4649999999999999,0,0.0,0.0,0.0,0.0,0.0,0.0,0.04999999999999999,69.22,0.7688529326784166
18746260,2026-05-28 00:59:31+00:00,0.4649999999999999,0,0.0,0.0,0.0,0.0,0.0,0.0,0.04999999999999999,69.22,0.7688529326784166
18746260,2026-05-28 00:59:32+00:00,0.4649999999999999,0,0.0,0.0,0.0,0.0,0.0,0.0,0.04999999999999999,69.22,0.7688529326784166
18746260,2026-05-28 00:59:33+00:00,0.4649999999999999,0,0.0,0.0,0.0,0.0,0.0,0.0,0.04999999999999999,69.22,0.7688529326784166
18746260,2026-05-28 00:59:34+00:00,0.4649999999999999,0,0.0,0.0,0.0,0.0,0.0,0.0,0.04999999999999999,69.22,0.7688529326784166
18746260,2026-05-28 00:59:35+00:00,0.4649999999999999,0,0.0,0.0,0.0,0.0,0.0,0.0,0.04999999999999999,69.22,0.7688529326784166
18746260,2026-05-28 00:59:36+00:00,0.4649999999999999,0,0.0,0.0,0.0,0.0,0.0,0.0,0.04999999999999999,69.22,0.7688529326784166
18746260,2026-05-28 00:59:37+00:00,0.4649999999999999,0,0.0,0.0,0.0,0.0,0.0,0.0,0.04999999999999999,69.22,0.7688529326784166
18746260,2026-05-28 00:59:38+00:00,0.4649999999999999,0,0.0,0.0,0.0,0.0,0.0,0.0,0.04999999999999999,69.22,0.7688529326784166
18746260,2026-05-28 00:59:39+00:00,0.4649999999999999,0,0.0,0.0,0.0,0.0,0.0,0.0,0.04999999999999999,69.22,0.7688529326784166
18746260,2026-05-28 00:59:40+00:00,0.4649999999999999,0,0.0,0.0,0.0,0.0,0.0,0.0,0.04999999999999999,69.22,0.7688529326784166
18746260,2026-05-28 00:59:41+00:00,0.4649999999999999,0,0.0,0.0,0.0,0.0,0.0,0.0,0.04999999999999999,69.22,0.7688529326784166
18746260,2026-05-28 00:59:42+00:00,0.4649999999999999,0,0.0,0.0,0.0,0.0,0.0,0.0,0.04999999999999999,69.22,0.7688529326784166
18746260,2026-05-28 00:59:43+00:00,0.4649999999999999,0,0.0,0.0,0.0,0.0,0.0,0.0,0.04999999999999999,69.22,0.7688529326784166
18746260,2026-05-28 00:59:44+00:00,0.4649999999999999,0,0.0,0.0,0.0,0.0,0.0,0.0,0.04999999999999999,69.22,0.7688529326784166
18746260,2026-05-28 00:59:45+00:00,0.4649999999999999,0,0.0,0.0,0.0,0.0,0.0,0.0,0.04999999999999999,69.22,0.7688529326784166
18746260,2026-05-28 00:59:46+00:00,0.4649999999999999,0,0.0,0.0,0.0,0.0,0.0,0.0,0.04999999999999999,69.22,0.7688529326784166
18746260,2026-05-28 00:59:47+00:00,0.4649999999999999,0,0.0,0.0,0.0,0.0,0.0,0.0,0.04999999999999999,69.22,0.7688529326784166
18746260,2026-05-28 00:59:48+00:00,0.4649999999999999,0,0.0,0.0,0.0,0.0,0.0,0.0,0.04999999999999999,69.22,0.7688529326784166
18746260,2026-05-28 00:59:49+00:00,0.4649999999999999,0,0.0,0.0,0.0,0.0,0.0,0.0,0.04999999999999999,69.22,0.7688529326784166
18746260,2026-05-28 00:59:50+00:00,0.4649999999999999,0,0.0,0.0,0.0,0.0,0.0,0.0,0.04999999999999999,69.22,0.7688529326784166
18746260,2026-05-28 00:59:51+00:00,0.4649999999999999,0,0.0,0.0,0.0,0.0,0.0,0.0,0.04999999999999999,69.22,0.7688529326784166
18746260,2026-05-28 00:59:52+00:00,0.4649999999999999,0,0.0,0.0,0.0,0.0,0.0,0.0,0.04999999999999999,69.22,0.7688529326784166
18746260,2026-05-28 00:59:53+00:00,0.4649999999999999,0,0.0,0.0,0.0,0.0,0.0,0.0,0.04999999999999999,69.22,0.7688529326784166
18746260,2026-05-28 00:59:54+00:00,0.4649999999999999,0,0.0,0.0,0.0,0.0,0.0,0.0,0.04999999999999999,69.22,0.7688529326784166
18746260,2026-05-28 00:59:55+00:00,0.4649999999999999,0,0.0,0.0,0.0,0.0,0.0,0.0,0.04999999999999999,69.22,0.7688529326784166
18746260,2026-05-28 00:59:56+00:00,0.4649999999999999,0,0.0,0.0,0.0,0.0,0.0,0.0,0.04999999999999999,69.22,0.7688529326784166
18746260,2026-05-28 00:59:57+00:00,0.4649999999999999,0,0.0,0.0,0.0,0.0,0.0,0.0,0.04999999999999999,69.22,0.7688529326784166
18746260,2026-05-28 00:59:58+00:00,0.4649999999999999,0,0.0,0.0,0.0,0.0,0.0,0.0,0.04999999999999999,69.22,0.7688529326784166
18746260,2026-05-28 00:59:59+00:00,0.4649999999999999,0,0.0,0.0,0.0,0.0,0.0,0.0,0.04999999999999999,69.22,0.7688529326784166
18746260,2026-05-28 01:00:00+00:00,0.4649999999999999,0,0.0,0.0,0.0,0.0,0.0,0.0,0.04999999999999999,69.22,0.7688529326784166
18746260,2026-05-28 01:00:01+00:00,0.4649999999999999,0,0.0,0.0,0.0,0.0,0.0,0.0,0.04999999999999999,69.22,0.7688529326784166
18746260,2026-05-28 01:00:02+00:00,0.4649999999999999,0,0.0,0.0,0.0,0.0,0.0,0.0,0.04999999999999999,69.22,0.7688529326784166
18746260,2026-05-28 01:00:03+00:00,0.4649999999999999,0,0.0,0.0,0.0,0.0,0.0,0.0,0.04999999999999999,69.22,0.7688529326784166
18746260,2026-05-28 01:00:04+00:00,0.4649999999999999,0,0.0,0.0,0.0,0.0,0.0,0.0,0.04999999999999999,69.22,0.7688529326784166
18746260,2026-05-28 01:00:05+00:00,0.4649999999999999,0,0.0,0.0,0.0,0.0,0.0,0.0,0.04999999999999999,69.22,0.7688529326784166
18746260,2026-05-28 01:00:06+00:00,0.4649999999999999,0,0.0,0.0,0.0,0.0,0.0,0.0,0.04999999999999999,69.22,0.7688529326784166
18746260,2026-05-28 01:00:07+00:00,0.4649999999999999,0,0.0,0.0,0.0,0.0,0.0,0.0,0.04999999999999999,69.22,0.7688529326784166
18746260,2026-05-28 01:00:08+00:00,0.4649999999999999,0,0.0,0.0,0.0,0.0,0.0,0.0,0.04999999999999999,69.22,0.7688529326784166
18746260,2026-05-28 01:00:09+00:00,0.4649999999999999,0,0.0,0.0,0.0,0.0,0.0,0.0,0.04999999999999999,69.22,0.7688529326784166
18746260,2026-05-28 01:00:10+00:00,0.4649999999999999,0,0.0,0.0,0.0,0.0,0.0,0.0,0.04999999999999999,69.22,0.7688529326784166
18746260,2026-05-28 01:00:11+00:00,0.4649999999999999,0,0.0,0.0,0.0,0.0,0.0,0.0,0.04999999999999999,69.22,0.7688529326784166
18746260,2026-05-28 01:00:12+00:00,0.4649999999999999,0,0.0,0.0,0.0,0.0,0.0,0.0,0.04999999999999999,69.22,0.7688529326784166
18746260,2026-05-28 01:00:13+00:00,0.4649999999999999,0,0.0,0.0,0.0,0.0,0.0,0.0,0.04999999999999999,69.22,0.7688529326784166
18746260,2026-05-28 01:00:14+00:00,0.4649999999999999,0,0.0,0.0,0.0,0.0,0.0,0.0,0.04999999999999999,69.22,0.7688529326784166
18746260,2026-05-28 01:00:15+00:00,0.4649999999999999,0,0.0,0.0,0.0,0.0,0.0,0.0,0.04999999999999999,69.22,0.7688529326784166
18746260,2026-05-28 01:00:16+00:00,0.4649999999999999,0,0.0,0.0,0.0,0.0,0.0,0.0,0.04999999999999999,69.22,0.7688529326784166
18746260,2026-05-28 01:00:17+00:00,0.4649999999999999,0,0.0,0.0,0.0,0.0,0.0,0.0,0.04999999999999999,69.22,0.7688529326784166
18746260,2026-05-28 01:00:18+00:00,0.4649999999999999,0,0.0,0.0,0.0,0.0,0.0,0.0,0.04999999999999999,69.22,0.7688529326784166
18746260,2026-05-28 01:00:19+00:00,0.4649999999999999,0,0.0,0.0,0.0,0.0,0.0,0.0,0.04999999999999999,69.22,0.7688529326784166
18746260,2026-05-28 01:00:20+00:00,0.4649999999999999,0,0.0,0.0,0.0,0.0,0.0,0.0,0.04999999999999999,69.22,0.7688529326784166
18746260,2026-05-28 01:00:21+00:00,0.4649999999999999,0,0.0,0.0,0.0,0.0,0.0,0.0,0.04999999999999999,69.22,0.7688529326784166
18746260,2026-05-28 01:00:22+00:00,0.4649999999999999,0,0.0,0.0,0.0,0.0,0.0,0.0,0.04999999999999999,69.22,0.7688529326784166
18746260,2026-05-28 01:00:23+00:00,0.4649999999999999,0,0.0,0.0,0.0,0.0,0.0,0.0,0.04999999999999999,69.22,0.7688529326784166
18746260,2026-05-28 01:00:24+00:00,0.4649999999999999,0,0.0,0.0,0.0,0.0,0.0,0.0,0.04999999999999999,69.22,0.7688529326784166
18746260,2026-05-28 01:00:25+00:00,0.4649999999999999,0,0.0,0.0,0.0,0.0,0.0,0.0,0.04999999999999999,69.22,0.7688529326784166
18746260,2026-05-28 01:00:26+00:00,0.4649999999999999,0,0.0,0.0,0.0,0.0,0.0,0.0,0.04999999999999999,69.22,0.7688529326784166
18746260,2026-05-28 01:00:27+00:00,0.4649999999999999,0,0.0,0.0,0.0,0.0,0.0,0.0,0.04999999999999999,69.22,0.7688529326784166
18746260,2026-05-28 01:00:28+00:00,0.4649999999999999,0,0.0,0.0,0.0,0.0,0.0,0.0,0.04999999999999999,69.22,0.7688529326784166
18746260,2026-05-28 01:00:29+00:00,0.4649999999999999,0,0.0,0.0,0.0,0.0,0.0,0.0,0.04999999999999999,69.22,0.7688529326784166
18746260,2026-05-28 01:00:30+00:00,0.4649999999999999,0,0.0,0.0,0.0,0.0,0.0,0.0,0.04999999999999999,69.22,0.7688529326784166
18746260,2026-05-28 01:00:31+00:00,0.4649999999999999,0,0.0,0.0,0.0,0.0,0.0,0.0,0.04999999999999999,69.22,0.7688529326784166
18746260,2026-05-28 01:00:32+00:00,0.4649999999999999,0,0.0,0.0,0.0,0.0,0.0,0.0,0.04999999999999999,69.22,0.7688529326784166
18746260,2026-05-28 01:00:33+00:00,0.4649999999999999,0,0.0,0.0,0.0,0.0,0.0,0.0,0.04999999999999999,69.22,0.7688529326784166
18746260,2026-05-28 01:00:34+00:00,0.4649999999999999,0,0.0,0.0,0.0,0.0,0.0,0.0,0.04999999999999999,69.22,0.7688529326784166
18746260,2026-05-28 01:00:35+00:00,0.4649999999999999,0,0.0,0.0,0.0,0.0,0.0,0.0,0.04999999999999999,69.22,0.7688529326784166
18746260,2026-05-28 01:00:36+00:00,0.4649999999999999,0,0.0,0.0,0.0,0.0,0.0,0.0,0.04999999999999999,69.22,0.7688529326784166
18746260,2026-05-28 01:00:37+00:00,0.4649999999999999,0,0.0,0.0,0.0,0.0,0.0,0.0,0.04999999999999999,69.22,0.7688529326784166
18746260,2026-05-28 01:00:38+00:00,0.4649999999999999,0,0.0,0.0,0.0,0.0,0.0,0.0,0.04999999999999999,69.22,0.7688529326784166
18746260,2026-05-28 01:00:39+00:00,0.4649999999999999,0,0.0,0.0,0.0,0.0,0.0,0.0,0.04999999999999999,69.22,0.7688529326784166
18746260,2026-05-28 01:00:40+00:00,0.4649999999999999,0,0.0,0.0,0.0,0.0,0.0,0.0,0.04999999999999999,69.22,0.7688529326784166
18746260,2026-05-28 01:00:41+00:00,0.4649999999999999,0,0.0,0.0,0.0,0.0,0.0,0.0,0.04999999999999999,69.22,0.7688529326784166
18746260,2026-05-28 01:00:42+00:00,0.4649999999999999,0,0.0,0.0,0.0,0.0,0.0,0.0,0.04999999999999999,69.22,0.7688529326784166
18746260,2026-05-28 01:00:43+00:00,0.4649999999999999,0,0.0,0.0,0.0,0.0,0.0,0.0,0.04999999999999999,69.22,0.7688529326784166
18746260,2026-05-28 01:00:44+00:00,0.4649999999999999,0,0.0,0.0,0.0,0.0,0.0,0.0,0.04999999999999999,69.22,0.7688529326784166
18746260,2026-05-28 01:00:45+00:00,0.4649999999999999,0,0.0,0.0,0.0,0.0,0.0,0.0,0.04999999999999999,69.22,0.7688529326784166
18746260,2026-05-28 01:00:46+00:00,0.4649999999999999,0,0.0,0.0,0.0,0.0,0.0,0.0,0.04999999999999999,69.22,0.7688529326784166
18746260,2026-05-28 01:00:47+00:00,0.4649999999999999,0,0.0,0.0,0.0,0.0,0.0,0.0,0.04999999999999999,69.22,0.7688529326784166
18746260,2026-05-28 01:00:48+00:00,0.4649999999999999,0,0.0,0.0,0.0,0.0,0.0,0.0,0.04999999999999999,69.22,0.7688529326784166
18746260,2026-05-28 01:00:49+00:00,0.4649999999999999,0,0.0,0.0,0.0,0.0,0.0,0.0,0.04999999999999999,69.22,0.7688529326784166
18746260,2026-05-28 01:00:50+00:00,0.4649999999999999,0,0.0,0.0,0.0,0.0,0.0,0.0,0.04999999999999999,69.22,0.7688529326784166
18746260,2026-05-28 01:00:51+00:00,0.4649999999999999,0,0.0,0.0,0.0,0.0,0.0,0.0,0.04999999999999999,69.22,0.7688529326784166
18746260,2026-05-28 01:00:52+00:00,0.4649999999999999,0,0.0,0.0,0.0,0.0,0.0,0.0,0.04999999999999999,69.22,0.7688529326784166
18746260,2026-05-28 01:00:53+00:00,0.4649999999999999,0,0.0,0.0,0.0,0.0,0.0,0.0,0.04999999999999999,69.22,0.7688529326784166
18746260,2026-05-28 01:00:54+00:00,0.4649999999999999,0,0.0,0.0,0.0,0.0,0.0,0.0,0.04999999999999999,69.22,0.7688529326784166
18746260,2026-05-28 01:00:55+00:00,0.4649999999999999,0,0.0,0.0,0.0,0.0,0.0,0.0,0.04999999999999999,69.22,0.7688529326784166
18746260,2026-05-28 01:00:56+00:00,0.4649999999999999,0,0.0,0.0,0.0,0.0,0.0,0.0,0.04999999999999999,69.22,0.7688529326784166
18746260,2026-05-28 01:00:57+00:00,0.4649999999999999,0,0.0,0.0,0.0,0.0,0.0,0.0,0.04999999999999999,69.22,0.7688529326784166
18746260,2026-05-28 01:00:58+00:00,0.4649999999999999,0,0.0,0.0,0.0,0.0,0.0,0.0,0.04999999999999999,69.22,0.7688529326784166
18746260,2026-05-28 01:00:59+00:00,0.4649999999999999,0,0.0,0.0,0.0,0.0,0.0,0.0,0.04999999999999999,69.22,0.7688529326784166
18746260,2026-05-28 01:01:00+00:00,0.4649999999999999,0,0.0,0.0,0.0,0.0,0.0,0.0,0.04999999999999999,69.22,0.7688529326784166
18746260,2026-05-28 01:01:01+00:00,0.4649999999999999,0,0.0,0.0,0.0,0.0,0.0,0.0,0.04999999999999999,69.22,0.7688529326784166
18746260,2026-05-28 01:01:02+00:00,0.4649999999999999,0,0.0,0.0,0.0,0.0,0.0,0.0,0.04999999999999999,69.22,0.7688529326784166
18746260,2026-05-28 01:01:03+00:00,0.4649999999999999,0,0.0,0.0,0.0,0.0,0.0,0.0,0.04999999999999999,69.22,0.7688529326784166
18746260,2026-05-28 01:01:04+00:00,0.4649999999999999,0,0.0,0.0,0.0,0.0,0.0,0.0,0.04999999999999999,69.22,0.7688529326784166
18746260,2026-05-28 01:01:05+00:00,0.4649999999999999,0,0.0,0.0,0.0,0.0,0.0,0.0,0.04999999999999999,69.22,0.7688529326784166
18746260,2026-05-28 01:01:06+00:00,0.4649999999999999,0,0.0,0.0,0.0,0.0,0.0,0.0,0.04999999999999999,69.22,0.7688529326784166
18746260,2026-05-28 01:01:07+00:00,0.4649999999999999,0,0.0,0.0,0.0,0.0,0.0,0.0,0.04999999999999999,69.22,0.7688529326784166
18746260,2026-05-28 01:01:08+00:00,0.4649999999999999,0,0.0,0.0,0.0,0.0,0.0,0.0,0.04999999999999999,69.22,0.7688529326784166
18746260,2026-05-28 01:01:09+00:00,0.4649999999999999,0,0.0,0.0,0.0,0.0,0.0,0.0,0.04999999999999999,69.22,0.7688529326784166
18746260,2026-05-28 01:01:10+00:00,0.4649999999999999,0,0.0,0.0,0.0,0.0,0.0,0.0,0.04999999999999999,69.22,0.7688529326784166
18746260,2026-05-28 01:01:11+00:00,0.4649999999999999,0,0.0,0.0,0.0,0.0,0.0,0.0,0.04999999999999999,69.22,0.7688529326784166
18746260,2026-05-28 01:01:12+00:00,0.4649999999999999,0,0.0,0.0,0.0,0.0,0.0,0.0,0.04999999999999999,69.22,0.7688529326784166
18746260,2026-05-28 01:01:13+00:00,0.4649999999999999,0,0.0,0.0,0.0,0.0,0.0,0.0,0.04999999999999999,69.22,0.7688529326784166
18746260,2026-05-28 01:01:14+00:00,0.4649999999999999,0,0.0,0.0,0.0,0.0,0.0,0.0,0.04999999999999999,69.22,0.7688529326784166
18746260,2026-05-28 01:01:15+00:00,0.4649999999999999,0,0.0,0.0,0.0,0.0,0.0,0.0,0.04999999999999999,69.22,0.7688529326784166
18746260,2026-05-28 01:01:16+00:00,0.4649999999999999,0,0.0,0.0,0.0,0.0,0.0,0.0,0.04999999999999999,69.22,0.7688529326784166
18746260,2026-05-28 01:01:17+00:00,0.4649999999999999,0,0.0,0.0,0.0,0.0,0.0,0.0,0.04999999999999999,69.22,0.7688529326784166
18746260,2026-05-28 01:01:18+00:00,0.4649999999999999,0,0.0,0.0,0.0,0.0,0.0,0.0,0.04999999999999999,69.22,0.7688529326784166
18746260,2026-05-28 01:01:19+00:00,0.4649999999999999,0,0.0,0.0,0.0,0.0,0.0,0.0,0.04999999999999999,69.22,0.7688529326784166
18746260,2026-05-28 01:01:20+00:00,0.4649999999999999,0,0.0,0.0,0.0,0.0,0.0,0.0,0.04999999999999999,69.22,0.7688529326784166
18746260,2026-05-28 01:01:21+00:00,0.4649999999999999,0,0.0,0.0,0.0,0.0,0.0,0.0,0.04999999999999999,69.22,0.7688529326784166
18746260,2026-05-28 01:01:22+00:00,0.4649999999999999,0,0.0,0.0,0.0,0.0,0.0,0.0,0.04999999999999999,69.22,0.7688529326784166
18746260,2026-05-28 01:01:23+00:00,0.4649999999999999,0,0.0,0.0,0.0,0.0,0.0,0.0,0.04999999999999999,69.22,0.7688529326784166
18746260,2026-05-28 01:01:24+00:00,0.4649999999999999,0,0.0,0.0,0.0,0.0,0.0,0.0,0.04999999999999999,69.22,0.7688529326784166
18746260,2026-05-28 01:01:25+00:00,0.4649999999999999,0,0.0,0.0,0.0,0.0,0.0,0.0,0.04999999999999999,69.22,0.7688529326784166
18746260,2026-05-28 01:01:26+00:00,0.4649999999999999,0,0.0,0.0,0.0,0.0,0.0,0.0,0.04999999999999999,69.22,0.7688529326784166
18746260,2026-05-28 01:01:27+00:00,0.4649999999999999,0,0.0,0.0,0.0,0.0,0.0,0.0,0.04999999999999999,69.22,0.7688529326784166
18746260,2026-05-28 01:01:28+00:00,0.4649999999999999,0,0.0,0.0,0.0,0.0,0.0,0.0,0.04999999999999999,69.22,0.7688529326784166
18746260,2026-05-28 01:01:29+00:00,0.4649999999999999,0,0.0,0.0,0.0,0.0,0.0,0.0,0.04999999999999999,69.22,0.7688529326784166
18746260,2026-05-28 01:01:30+00:00,0.4649999999999999,0,0.0,0.0,0.0,0.0,0.0,0.0,0.04999999999999999,69.22,0.7688529326784166
18746260,2026-05-28 01:01:31+00:00,0.4649999999999999,0,0.0,0.0,0.0,0.0,0.0,0.0,0.04999999999999999,69.22,0.7688529326784166
18746260,2026-05-28 01:01:32+00:00,0.4649999999999999,0,0.0,0.0,0.0,0.0,0.0,0.0,0.04999999999999999,69.22,0.7688529326784166
18746260,2026-05-28 01:01:33+00:00,0.4649999999999999,0,0.0,0.0,0.0,0.0,0.0,0.0,0.04999999999999999,69.22,0.7688529326784166
18746260,2026-05-28 01:01:34+00:00,0.4649999999999999,0,0.0,0.0,0.0,0.0,0.0,0.0,0.04999999999999999,69.22,0.7688529326784166
18746260,2026-05-28 01:01:35+00:00,0.4649999999999999,0,0.0,0.0,0.0,0.0,0.0,0.0,0.04999999999999999,69.22,0.7688529326784166
18746260,2026-05-28 01:01:36+00:00,0.4649999999999999,0,0.0,0.0,0.0,0.0,0.0,0.0,0.04999999999999999,69.22,0.7688529326784166
18746260,2026-05-28 01:01:37+00:00,0.4649999999999999,0,0.0,0.0,0.0,0.0,0.0,0.0,0.04999999999999999,69.22,0.7688529326784166
18746260,2026-05-28 01:01:38+00:00,0.4649999999999999,0,0.0,0.0,0.0,0.0,0.0,0.0,0.04999999999999999,69.22,0.7688529326784166
18746260,2026-05-28 01:01:39+00:00,0.4649999999999999,0,0.0,0.0,0.0,0.0,0.0,0.0,0.04999999999999999,69.22,0.7688529326784166
18746260,2026-05-28 01:01:40+00:00,0.4649999999999999,0,0.0,0.0,0.0,0.0,0.0,0.0,0.04999999999999999,69.22,0.7688529326784166
18746260,2026-05-28 01:01:41+00:00,0.4649999999999999,0,0.0,0.0,0.0,0.0,0.0,0.0,0.04999999999999999,69.22,0.7688529326784166
18746260,2026-05-28 01:01:42+00:00,0.4649999999999999,0,0.0,0.0,0.0,0.0,0.0,0.0,0.04999999999999999,69.22,0.7688529326784166
18746260,2026-05-28 01:01:43+00:00,0.4649999999999999,0,0.0,0.0,0.0,0.0,0.0,0.0,0.04999999999999999,69.22,0.7688529326784166
18746260,2026-05-28 01:01:44+00:00,0.4649999999999999,0,0.0,0.0,0.0,0.0,0.0,0.0,0.04999999999999999,69.22,0.7688529326784166
18746260,2026-05-28 01:01:45+00:00,0.4649999999999999,0,0.0,0.0,0.0,0.0,0.0,0.0,0.04999999999999999,69.22,0.7688529326784166
18746260,2026-05-28 01:01:46+00:00,0.4649999999999999,0,0.0,0.0,0.0,0.0,0.0,0.0,0.04999999999999999,69.22,0.7688529326784166
18746260,2026-05-28 01:01:47+00:00,0.4649999999999999,0,0.0,0.0,0.0,0.0,0.0,0.0,0.04999999999999999,69.22,0.7688529326784166
18746260,2026-05-28 01:01:48+00:00,0.4649999999999999,0,0.0,0.0,0.0,0.0,0.0,0.0,0.04999999999999999,69.22,0.7688529326784166
18746260,2026-05-28 01:01:49+00:00,0.4649999999999999,0,0.0,0.0,0.0,0.0,0.0,0.0,0.04999999999999999,69.22,0.7688529326784166
18746260,2026-05-28 01:01:50+00:00,0.4649999999999999,0,0.0,0.0,0.0,0.0,0.0,0.0,0.04999999999999999,69.22,0.7688529326784166
18746260,2026-05-28 01:01:51+00:00,0.4649999999999999,0,0.0,0.0,0.0,0.0,0.0,0.0,0.04999999999999999,69.22,0.7688529326784166
18746260,2026-05-28 01:01:52+00:00,0.4649999999999999,0,0.0,0.0,0.0,0.0,0.0,0.0,0.04999999999999999,69.22,0.7688529326784166
18746260,2026-05-28 01:01:53+00:00,0.4649999999999999,0,0.0,0.0,0.0,0.0,0.0,0.0,0.04999999999999999,69.22,0.7688529326784166
18746260,2026-05-28 01:01:54+00:00,0.4649999999999999,0,0.0,0.0,0.0,0.0,0.0,0.0,0.04999999999999999,69.22,0.7688529326784166
18746260,2026-05-28 01:01:55+00:00,0.4649999999999999,0,0.0,0.0,0.0,0.0,0.0,0.0,0.04999999999999999,69.22,0.7688529326784166
18746260,2026-05-28 01:01:56+00:00,0.4649999999999999,0,0.0,0.0,0.0,0.0,0.0,0.0,0.04999999999999999,69.22,0.7688529326784166
18746260,2026-05-28 01:01:57+00:00,0.4649999999999999,0,0.0,0.0,0.0,0.0,0.0,0.0,0.04999999999999999,69.22,0.7688529326784166
18746260,2026-05-28 01:01:58+00:00,0.4649999999999999,0,0.0,0.0,0.0,0.0,0.0,0.0,0.04999999999999999,69.22,0.7688529326784166
18746260,2026-05-28 01:01:59+00:00,0.4649999999999999,0,0.0,0.0,0.0,0.0,0.0,0.0,0.04999999999999999,69.22,0.7688529326784166
18746260,2026-05-28 01:02:00+00:00,0.4649999999999999,0,0.0,0.0,0.0,0.0,0.0,0.0,0.04999999999999999,69.22,0.7688529326784166
18746260,2026-05-28 01:02:01+00:00,0.4649999999999999,0,0.0,0.0,0.0,0.0,0.0,0.0,0.04999999999999999,69.22,0.7688529326784166
18746260,2026-05-28 01:02:02+00:00,0.4649999999999999,0,0.0,0.0,0.0,0.0,0.0,0.0,0.04999999999999999,69.22,0.7688529326784166
18746260,2026-05-28 01:02:03+00:00,0.4649999999999999,0,0.0,0.0,0.0,0.0,0.0,0.0,0.04999999999999999,69.22,0.7688529326784166
18746260,2026-05-28 01:02:04+00:00,0.4649999999999999,0,0.0,0.0,0.0,0.0,0.0,0.0,0.04999999999999999,69.22,0.7688529326784166
18746260,2026-05-28 01:02:05+00:00,0.4649999999999999,0,0.0,0.0,0.0,0.0,0.0,0.0,0.04999999999999999,69.22,0.7688529326784166
18746260,2026-05-28 01:02:06+00:00,0.4649999999999999,0,0.0,0.0,0.0,0.0,0.0,0.0,0.04999999999999999,69.22,0.7688529326784166
18746260,2026-05-28 01:02:07+00:00,0.4649999999999999,0,0.0,0.0,0.0,0.0,0.0,0.0,0.04999999999999999,69.22,0.7688529326784166
18746260,2026-05-28 01:02:08+00:00,0.4649999999999999,0,0.0,0.0,0.0,0.0,0.0,0.0,0.04999999999999999,69.22,0.7688529326784166
18746260,2026-05-28 01:02:09+00:00,0.4649999999999999,0,0.0,0.0,0.0,0.0,0.0,0.0,0.04999999999999999,69.22,0.7688529326784166
18746260,2026-05-28 01:02:10+00:00,0.4649999999999999,0,0.0,0.0,0.0,0.0,0.0,0.0,0.04999999999999999,69.22,0.7688529326784166
18746260,2026-05-28 01:02:11+00:00,0.4649999999999999,0,0.0,0.0,0.0,0.0,0.0,0.0,0.04999999999999999,69.22,0.7688529326784166
18746260,2026-05-28 01:02:12+00:00,0.4649999999999999,0,0.0,0.0,0.0,0.0,0.0,0.0,0.04999999999999999,69.22,0.7688529326784166
18746260,2026-05-28 01:02:13+00:00,0.4649999999999999,0,0.0,0.0,0.0,0.0,0.0,0.0,0.04999999999999999,69.22,0.7688529326784166
18746260,2026-05-28 01:02:14+00:00,0.4649999999999999,0,0.0,0.0,0.0,0.0,0.0,0.0,0.04999999999999999,69.22,0.7688529326784166
18746260,2026-05-28 01:02:15+00:00,0.4649999999999999,0,0.0,0.0,0.0,0.0,0.0,0.0,0.04999999999999999,69.22,0.7688529326784166
18746260,2026-05-28 01:02:16+00:00,0.4649999999999999,0,0.0,0.0,0.0,0.0,0.0,0.0,0.04999999999999999,69.22,0.7688529326784166
18746260,2026-05-28 01:02:17+00:00,0.4649999999999999,0,0.0,0.0,0.0,0.0,0.0,0.0,0.04999999999999999,69.22,0.7688529326784166
18746260,2026-05-28 01:02:18+00:00,0.4649999999999999,0,0.0,0.0,0.0,0.0,0.0,0.0,0.04999999999999999,69.22,0.7688529326784166
18746260,2026-05-28 01:02:19+00:00,0.4649999999999999,0,0.0,0.0,0.0,0.0,0.0,0.0,0.04999999999999999,69.22,0.7688529326784166
18746260,2026-05-28 01:02:20+00:00,0.4649999999999999,0,0.0,0.0,0.0,0.0,0.0,0.0,0.04999999999999999,69.22,0.7688529326784166
18746260,2026-05-28 01:02:21+00:00,0.4649999999999999,0,0.0,0.0,0.0,0.0,0.0,0.0,0.04999999999999999,69.22,0.7688529326784166
18746260,2026-05-28 01:02:22+00:00,0.4649999999999999,0,0.0,0.0,0.0,0.0,0.0,0.0,0.04999999999999999,69.22,0.7688529326784166
18746260,2026-05-28 01:02:23+00:00,0.4649999999999999,0,0.0,0.0,0.0,0.0,0.0,0.0,0.04999999999999999,69.22,0.7688529326784166
18746260,2026-05-28 01:02:24+00:00,0.4649999999999999,0,0.0,0.0,0.0,0.0,0.0,0.0,0.04999999999999999,69.22,0.7688529326784166
18746260,2026-05-28 01:02:25+00:00,0.4649999999999999,0,0.0,0.0,0.0,0.0,0.0,0.0,0.04999999999999999,69.22,0.7688529326784166
18746260,2026-05-28 01:02:26+00:00,0.4649999999999999,0,0.0,0.0,0.0,0.0,0.0,0.0,0.04999999999999999,69.22,0.7688529326784166
18746260,2026-05-28 01:02:27+00:00,0.4649999999999999,0,0.0,0.0,0.0,0.0,0.0,0.0,0.04999999999999999,69.22,0.7688529326784166
18746260,2026-05-28 01:02:28+00:00,0.4649999999999999,0,0.0,0.0,0.0,0.0,0.0,0.0,0.04999999999999999,69.22,0.7688529326784166
18746260,2026-05-28 01:02:29+00:00,0.4649999999999999,0,0.0,0.0,0.0,0.0,0.0,0.0,0.04999999999999999,69.22,0.7688529326784166
18746260,2026-05-28 01:02:30+00:00,0.4649999999999999,0,0.0,0.0,0.0,0.0,0.0,0.0,0.04999999999999999,69.22,0.7688529326784166
18746260,2026-05-28 01:02:31+00:00,0.4649999999999999,0,0.0,0.0,0.0,0.0,0.0,0.0,0.04999999999999999,69.22,0.7688529326784166
18746260,2026-05-28 01:02:32+00:00,0.4649999999999999,0,0.0,0.0,0.0,0.0,0.0,0.0,0.04999999999999999,69.22,0.7688529326784166
18746260,2026-05-28 01:02:33+00:00,0.4649999999999999,0,0.0,0.0,0.0,0.0,0.0,0.0,0.04999999999999999,69.22,0.7688529326784166
18746260,2026-05-28 01:02:34+00:00,0.4649999999999999,0,0.0,0.0,0.0,0.0,0.0,0.0,0.04999999999999999,69.22,0.7688529326784166
18746260,2026-05-28 01:02:35+00:00,0.4649999999999999,0,0.0,0.0,0.0,0.0,0.0,0.0,0.04999999999999999,69.22,0.7688529326784166
18746260,2026-05-28 01:02:36+00:00,0.4649999999999999,0,0.0,0.0,0.0,0.0,0.0,0.0,0.04999999999999999,69.22,0.7688529326784166
18746260,2026-05-28 01:02:37+00:00,0.4649999999999999,0,0.0,0.0,0.0,0.0,0.0,0.0,0.04999999999999999,69.22,0.7688529326784166
18746260,2026-05-28 01:02:38+00:00,0.4649999999999999,0,0.0,0.0,0.0,0.0,0.0,0.0,0.04999999999999999,69.22,0.7688529326784166
18746260,2026-05-28 01:02:39+00:00,0.4649999999999999,0,0.0,0.0,0.0,0.0,0.0,0.0,0.04999999999999999,69.22,0.7688529326784166
18746260,2026-05-28 01:02:40+00:00,0.4649999999999999,0,0.0,0.0,0.0,0.0,0.0,0.0,0.04999999999999999,69.22,0.7688529326784166
18746260,2026-05-28 01:02:41+00:00,0.4649999999999999,0,0.0,0.0,0.0,0.0,0.0,0.0,0.04999999999999999,69.22,0.7688529326784166
18746260,2026-05-28 01:02:42+00:00,0.4649999999999999,0,0.0,0.0,0.0,0.0,0.0,0.0,0.04999999999999999,69.22,0.7688529326784166
18746260,2026-05-28 01:02:43+00:00,0.4649999999999999,0,0.0,0.0,0.0,0.0,0.0,0.0,0.04999999999999999,69.22,0.7688529326784166
18746260,2026-05-28 01:02:44+00:00,0.4649999999999999,0,0.0,0.0,0.0,0.0,0.0,0.0,0.04999999999999999,69.22,0.7688529326784166
18746260,2026-05-28 01:02:45+00:00,0.4649999999999999,0,0.0,0.0,0.0,0.0,0.0,0.0,0.04999999999999999,69.22,0.7688529326784166
18746260,2026-05-28 01:02:46+00:00,0.4649999999999999,0,0.0,0.0,0.0,0.0,0.0,0.0,0.04999999999999999,69.22,0.7688529326784166
18746260,2026-05-28 01:02:47+00:00,0.4649999999999999,0,0.0,0.0,0.0,0.0,0.0,0.0,0.04999999999999999,69.22,0.7688529326784166
18746260,2026-05-28 01:02:48+00:00,0.4649999999999999,0,0.0,0.0,0.0,0.0,0.0,0.0,0.04999999999999999,69.22,0.7688529326784166
18746260,2026-05-28 01:02:49+00:00,0.4649999999999999,0,0.0,0.0,0.0,0.0,0.0,0.0,0.04999999999999999,69.22,0.7688529326784166
18746260,2026-05-28 01:02:50+00:00,0.4649999999999999,0,0.0,0.0,0.0,0.0,0.0,0.0,0.04999999999999999,69.22,0.7688529326784166
18746260,2026-05-28 01:02:51+00:00,0.4649999999999999,0,0.0,0.0,0.0,0.0,0.0,0.0,0.04999999999999999,69.22,0.7688529326784166
18746260,2026-05-28 01:02:52+00:00,0.4649999999999999,0,0.0,0.0,0.0,0.0,0.0,0.0,0.04999999999999999,69.22,0.7688529326784166
18746260,2026-05-28 01:02:53+00:00,0.4649999999999999,0,0.0,0.0,0.0,0.0,0.0,0.0,0.04999999999999999,69.22,0.7688529326784166
18746260,2026-05-28 01:02:54+00:00,0.4649999999999999,0,0.0,0.0,0.0,0.0,0.0,0.0,0.04999999999999999,69.22,0.7688529326784166
18746260,2026-05-28 01:02:55+00:00,0.4649999999999999,0,0.0,0.0,0.0,0.0,0.0,0.0,0.04999999999999999,69.22,0.7688529326784166
18746260,2026-05-28 01:02:56+00:00,0.4649999999999999,0,0.0,0.0,0.0,0.0,0.0,0.0,0.04999999999999999,69.22,0.7688529326784166
18746260,2026-05-28 01:02:57+00:00,0.4649999999999999,0,0.0,0.0,0.0,0.0,0.0,0.0,0.04999999999999999,69.22,0.7688529326784166
18746260,2026-05-28 01:02:58+00:00,0.4649999999999999,0,0.0,0.0,0.0,0.0,0.0,0.0,0.04999999999999999,69.22,0.7688529326784166
18746260,2026-05-28 01:02:59+00:00,0.4649999999999999,0,0.0,0.0,0.0,0.0,0.0,0.0,0.04999999999999999,69.22,0.7688529326784166
18746260,2026-05-28 01:03:00+00:00,0.4649999999999999,0,0.0,0.0,0.0,0.0,0.0,0.0,0.04999999999999999,69.22,0.7688529326784166
18746260,2026-05-28 01:03:01+00:00,0.4649999999999999,0,0.0,0.0,0.0,0.0,0.0,0.0,0.04999999999999999,69.22,0.7688529326784166
18746260,2026-05-28 01:03:02+00:00,0.4649999999999999,0,0.0,0.0,0.0,0.0,0.0,0.0,0.04999999999999999,69.22,0.7688529326784166
18746260,2026-05-28 01:03:03+00:00,0.4649999999999999,0,0.0,0.0,0.0,0.0,0.0,0.0,0.04999999999999999,69.22,0.7688529326784166
18746260,2026-05-28 01:03:04+00:00,0.4649999999999999,0,0.0,0.0,0.0,0.0,0.0,0.0,0.04999999999999999,69.22,0.7688529326784166
18746260,2026-05-28 01:03:05+00:00,0.4649999999999999,0,0.0,0.0,0.0,0.0,0.0,0.0,0.04999999999999999,69.22,0.7688529326784166
18746260,2026-05-28 01:03:06+00:00,0.4649999999999999,0,0.0,0.0,0.0,0.0,0.0,0.0,0.04999999999999999,69.22,0.7688529326784166
18746260,2026-05-28 01:03:07+00:00,0.4649999999999999,0,0.0,0.0,0.0,0.0,0.0,0.0,0.04999999999999999,69.22,0.7688529326784166
18746260,2026-05-28 01:03:08+00:00,0.4649999999999999,0,0.0,0.0,0.0,0.0,0.0,0.0,0.04999999999999999,69.22,0.7688529326784166
18746260,2026-05-28 01:03:09+00:00,0.4649999999999999,0,0.0,0.0,0.0,0.0,0.0,0.0,0.04999999999999999,69.22,0.7688529326784166
18746260,2026-05-28 01:03:10+00:00,0.4649999999999999,0,0.0,0.0,0.0,0.0,0.0,0.0,0.04999999999999999,69.22,0.7688529326784166
18746260,2026-05-28 01:03:11+00:00,0.4649999999999999,0,0.0,0.0,0.0,0.0,0.0,0.0,0.04999999999999999,69.22,0.7688529326784166
18746260,2026-05-28 01:03:12+00:00,0.4649999999999999,0,0.0,0.0,0.0,0.0,0.0,0.0,0.04999999999999999,69.22,0.7688529326784166
18746260,2026-05-28 01:03:13+00:00,0.4649999999999999,0,0.0,0.0,0.0,0.0,0.0,0.0,0.04999999999999999,69.22,0.7688529326784166
18746260,2026-05-28 01:03:14+00:00,0.4649999999999999,0,0.0,0.0,0.0,0.0,0.0,0.0,0.04999999999999999,69.22,0.7688529326784166
18746260,2026-05-28 01:03:15+00:00,0.4649999999999999,0,0.0,0.0,0.0,0.0,0.0,0.0,0.04999999999999999,69.22,0.7688529326784166
18746260,2026-05-28 01:03:16+00:00,0.4649999999999999,0,0.0,0.0,0.0,0.0,0.0,0.0,0.04999999999999999,69.22,0.7688529326784166
18746260,2026-05-28 01:03:17+00:00,0.4649999999999999,0,0.0,0.0,0.0,0.0,0.0,0.0,0.04999999999999999,69.22,0.7688529326784166
18746260,2026-05-28 01:03:18+00:00,0.4649999999999999,0,0.0,0.0,0.0,0.0,0.0,0.0,0.04999999999999999,69.22,0.7688529326784166
18746260,2026-05-28 01:03:19+00:00,0.4649999999999999,0,0.0,0.0,0.0,0.0,0.0,0.0,0.04999999999999999,69.22,0.7688529326784166
18746260,2026-05-28 01:03:20+00:00,0.4649999999999999,0,0.0,0.0,0.0,0.0,0.0,0.0,0.04999999999999999,69.22,0.7688529326784166
18746260,2026-05-28 01:03:21+00:00,0.4649999999999999,0,0.0,0.0,0.0,0.0,0.0,0.0,0.04999999999999999,69.22,0.7688529326784166
18746260,2026-05-28 01:03:22+00:00,0.4649999999999999,0,0.0,0.0,0.0,0.0,0.0,0.0,0.04999999999999999,69.22,0.7688529326784166
18746260,2026-05-28 01:03:23+00:00,0.4649999999999999,0,0.0,0.0,0.0,0.0,0.0,0.0,0.04999999999999999,69.22,0.7688529326784166
18746260,2026-05-28 01:03:24+00:00,0.4649999999999999,0,0.0,0.0,0.0,0.0,0.0,0.0,0.04999999999999999,69.22,0.7688529326784166
18746260,2026-05-28 01:03:25+00:00,0.4649999999999999,0,0.0,0.0,0.0,0.0,0.0,0.0,0.04999999999999999,69.22,0.7688529326784166
18746260,2026-05-28 01:03:26+00:00,0.4649999999999999,0,0.0,0.0,0.0,0.0,0.0,0.0,0.04999999999999999,69.22,0.7688529326784166
18746260,2026-05-28 01:03:27+00:00,0.4649999999999999,0,0.0,0.0,0.0,0.0,0.0,0.0,0.04999999999999999,69.22,0.7688529326784166
18746260,2026-05-28 01:03:28+00:00,0.4649999999999999,0,0.0,0.0,0.0,0.0,0.0,0.0,0.04999999999999999,69.22,0.7688529326784166
18746260,2026-05-28 01:03:29+00:00,0.4649999999999999,0,0.0,0.0,0.0,0.0,0.0,0.0,0.04999999999999999,69.22,0.7688529326784166
18746260,2026-05-28 01:03:30+00:00,0.4649999999999999,0,0.0,0.0,0.0,0.0,0.0,0.0,0.04999999999999999,69.22,0.7688529326784166
18746260,2026-05-28 01:03:31+00:00,0.4649999999999999,0,0.0,0.0,0.0,0.0,0.0,0.0,0.04999999999999999,69.22,0.7688529326784166
18746260,2026-05-28 01:03:32+00:00,0.4649999999999999,0,0.0,0.0,0.0,0.0,0.0,0.0,0.04999999999999999,69.22,0.7688529326784166
18746260,2026-05-28 01:03:33+00:00,0.4649999999999999,0,0.0,0.0,0.0,0.0,0.0,0.0,0.04999999999999999,69.22,0.7688529326784166
18746260,2026-05-28 01:03:34+00:00,0.4649999999999999,0,0.0,0.0,0.0,0.0,0.0,0.0,0.04999999999999999,69.22,0.7688529326784166
18746260,2026-05-28 01:03:35+00:00,0.4649999999999999,0,0.0,0.0,0.0,0.0,0.0,0.0,0.04999999999999999,69.22,0.7688529326784166
18746260,2026-05-28 01:03:36+00:00,0.4649999999999999,0,0.0,0.0,0.0,0.0,0.0,0.0,0.04999999999999999,69.22,0.7688529326784166
18746260,2026-05-28 01:03:37+00:00,0.4649999999999999,0,0.0,0.0,0.0,0.0,0.0,0.0,0.04999999999999999,69.22,0.7688529326784166
18746260,2026-05-28 01:03:38+00:00,0.4649999999999999,0,0.0,0.0,0.0,0.0,0.0,0.0,0.04999999999999999,69.22,0.7688529326784166
18746260,2026-05-28 01:03:39+00:00,0.4649999999999999,0,0.0,0.0,0.0,0.0,0.0,0.0,0.04999999999999999,69.22,0.7688529326784166
18746260,2026-05-28 01:03:40+00:00,0.4649999999999999,0,0.0,0.0,0.0,0.0,0.0,0.0,0.04999999999999999,69.22,0.7688529326784166
18746260,2026-05-28 01:03:41+00:00,0.4649999999999999,0,0.0,0.0,0.0,0.0,0.0,0.0,0.04999999999999999,69.22,0.7688529326784166
18746260,2026-05-28 01:03:42+00:00,0.4649999999999999,0,0.0,0.0,0.0,0.0,0.0,0.0,0.04999999999999999,69.22,0.7688529326784166
18746260,2026-05-28 01:03:43+00:00,0.4649999999999999,0,0.0,0.0,0.0,0.0,0.0,0.0,0.04999999999999999,69.22,0.7688529326784166
18746260,2026-05-28 01:03:44+00:00,0.4649999999999999,0,0.0,0.0,0.0,0.0,0.0,0.0,0.04999999999999999,69.22,0.7688529326784166
18746260,2026-05-28 01:03:45+00:00,0.4649999999999999,0,0.0,0.0,0.0,0.0,0.0,0.0,0.04999999999999999,69.22,0.7688529326784166
18746260,2026-05-28 01:03:46+00:00,0.4649999999999999,0,0.0,0.0,0.0,0.0,0.0,0.0,0.04999999999999999,69.22,0.7688529326784166
18746260,2026-05-28 01:03:47+00:00,0.4649999999999999,0,0.0,0.0,0.0,0.0,0.0,0.0,0.04999999999999999,69.22,0.7688529326784166
18746260,2026-05-28 01:03:48+00:00,0.4649999999999999,0,0.0,0.0,0.0,0.0,0.0,0.0,0.04999999999999999,69.22,0.7688529326784166
18746260,2026-05-28 01:03:49+00:00,0.4649999999999999,0,0.0,0.0,0.0,0.0,0.0,0.0,0.04999999999999999,69.22,0.7688529326784166
18746260,2026-05-28 01:03:50+00:00,0.4649999999999999,0,0.0,0.0,0.0,0.0,0.0,0.0,0.04999999999999999,69.22,0.7688529326784166
18746260,2026-05-28 01:03:51+00:00,0.4649999999999999,0,0.0,0.0,0.0,0.0,0.0,0.0,0.04999999999999999,69.22,0.7688529326784166
18746260,2026-05-28 01:03:52+00:00,0.4649999999999999,0,0.0,0.0,0.0,0.0,0.0,0.0,0.04999999999999999,69.22,0.7688529326784166
18746260,2026-05-28 01:03:53+00:00,0.4649999999999999,0,0.0,0.0,0.0,0.0,0.0,0.0,0.04999999999999999,69.22,0.7688529326784166
18746260,2026-05-28 01:03:54+00:00,0.4649999999999999,0,0.0,0.0,0.0,0.0,0.0,0.0,0.04999999999999999,69.22,0.7688529326784166
18746260,2026-05-28 01:03:55+00:00,0.4649999999999999,0,0.0,0.0,0.0,0.0,0.0,0.0,0.04999999999999999,69.22,0.7688529326784166
18746260,2026-05-28 01:03:56+00:00,0.4649999999999999,0,0.0,0.0,0.0,0.0,0.0,0.0,0.04999999999999999,69.22,0.7688529326784166
18746260,2026-05-28 01:03:57+00:00,0.4649999999999999,0,0.0,0.0,0.0,0.0,0.0,0.0,0.04999999999999999,69.22,0.7688529326784166
18746260,2026-05-28 01:03:58+00:00,0.4649999999999999,0,0.0,0.0,0.0,0.0,0.0,0.0,0.04999999999999999,69.22,0.7688529326784166
18746260,2026-05-28 01:03:59+00:00,0.4649999999999999,0,0.0,0.0,0.0,0.0,0.0,0.0,0.04999999999999999,69.22,0.7688529326784166
18746260,2026-05-28 01:04:00+00:00,0.4649999999999999,0,0.0,0.0,0.0,0.0,0.0,0.0,0.04999999999999999,69.22,0.7688529326784166
18746260,2026-05-28 01:04:01+00:00,0.4649999999999999,0,0.0,0.0,0.0,0.0,0.0,0.0,0.04999999999999999,69.22,0.7688529326784166
18746260,2026-05-28 01:04:02+00:00,0.4649999999999999,0,0.0,0.0,0.0,0.0,0.0,0.0,0.04999999999999999,69.22,0.7688529326784166
18746260,2026-05-28 01:04:03+00:00,0.4649999999999999,0,0.0,0.0,0.0,0.0,0.0,0.0,0.04999999999999999,69.22,0.7688529326784166
18746260,2026-05-28 01:04:04+00:00,0.4649999999999999,0,0.0,0.0,0.0,0.0,0.0,0.0,0.04999999999999999,69.22,0.7688529326784166
18746260,2026-05-28 01:04:05+00:00,0.4649999999999999,0,0.0,0.0,0.0,0.0,0.0,0.0,0.04999999999999999,69.22,0.7688529326784166
18746260,2026-05-28 01:04:06+00:00,0.4649999999999999,0,0.0,0.0,0.0,0.0,0.0,0.0,0.04999999999999999,69.22,0.7688529326784166
18746260,2026-05-28 01:04:07+00:00,0.4649999999999999,0,0.0,0.0,0.0,0.0,0.0,0.0,0.04999999999999999,69.22,0.7688529326784166
18746260,2026-05-28 01:04:08+00:00,0.4649999999999999,0,0.0,0.0,0.0,0.0,0.0,0.0,0.04999999999999999,69.22,0.7688529326784166
18746260,2026-05-28 01:04:09+00:00,0.4649999999999999,0,0.0,0.0,0.0,0.0,0.0,0.0,0.04999999999999999,69.22,0.7688529326784166
18746260,2026-05-28 01:04:10+00:00,0.4649999999999999,0,0.0,0.0,0.0,0.0,0.0,0.0,0.04999999999999999,69.22,0.7688529326784166
18746260,2026-05-28 01:04:11+00:00,0.4649999999999999,0,0.0,0.0,0.0,0.0,0.0,0.0,0.04999999999999999,69.22,0.7688529326784166
18746260,2026-05-28 01:04:12+00:00,0.4649999999999999,0,0.0,0.0,0.0,0.0,0.0,0.0,0.04999999999999999,69.22,0.7688529326784166
18746260,2026-05-28 01:04:13+00:00,0.4649999999999999,0,0.0,0.0,0.0,0.0,0.0,0.0,0.04999999999999999,69.22,0.7688529326784166
18746260,2026-05-28 01:04:14+00:00,0.4649999999999999,0,0.0,0.0,0.0,0.0,0.0,0.0,0.04999999999999999,69.22,0.7688529326784166
18746260,2026-05-28 01:04:15+00:00,0.4649999999999999,0,0.0,0.0,0.0,0.0,0.0,0.0,0.04999999999999999,69.22,0.7688529326784166
18746260,2026-05-28 01:04:16+00:00,0.4649999999999999,0,0.0,0.0,0.0,0.0,0.0,0.0,0.04999999999999999,69.22,0.7688529326784166
18746260,2026-05-28 01:04:17+00:00,0.4649999999999999,0,0.0,0.0,0.0,0.0,0.0,0.0,0.04999999999999999,69.22,0.7688529326784166
18746260,2026-05-28 01:04:18+00:00,0.4649999999999999,0,0.0,0.0,0.0,0.0,0.0,0.0,0.04999999999999999,69.22,0.7688529326784166
18746260,2026-05-28 01:04:19+00:00,0.4649999999999999,0,0.0,0.0,0.0,0.0,0.0,0.0,0.04999999999999999,69.22,0.7688529326784166
18746260,2026-05-28 01:04:20+00:00,0.4649999999999999,0,0.0,0.0,0.0,0.0,0.0,0.0,0.04999999999999999,69.22,0.7688529326784166
18746260,2026-05-28 01:04:21+00:00,0.4649999999999999,0,0.0,0.0,0.0,0.0,0.0,0.0,0.04999999999999999,69.22,0.7688529326784166
18746260,2026-05-28 01:04:22+00:00,0.4649999999999999,0,0.0,0.0,0.0,0.0,0.0,0.0,0.04999999999999999,69.22,0.7688529326784166
18746260,2026-05-28 01:04:23+00:00,0.4649999999999999,0,0.0,0.0,0.0,0.0,0.0,0.0,0.04999999999999999,69.22,0.7688529326784166
18746260,2026-05-28 01:04:24+00:00,0.4649999999999999,0,0.0,0.0,0.0,0.0,0.0,0.0,0.04999999999999999,69.22,0.7688529326784166
18746260,2026-05-28 01:04:25+00:00,0.4649999999999999,0,0.0,0.0,0.0,0.0,0.0,0.0,0.04999999999999999,69.22,0.7688529326784166
18746260,2026-05-28 01:04:26+00:00,0.4649999999999999,0,0.0,0.0,0.0,0.0,0.0,0.0,0.04999999999999999,69.22,0.7688529326784166
18746260,2026-05-28 01:04:27+00:00,0.4649999999999999,0,0.0,0.0,0.0,0.0,0.0,0.0,0.04999999999999999,69.22,0.7688529326784166
18746260,2026-05-28 01:04:28+00:00,0.4649999999999999,0,0.0,0.0,0.0,0.0,0.0,0.0,0.04999999999999999,69.22,0.7688529326784166
18746260,2026-05-28 01:04:29+00:00,0.4649999999999999,0,0.0,0.0,0.0,0.0,0.0,0.0,0.04999999999999999,69.22,0.7688529326784166
18746260,2026-05-28 01:04:30+00:00,0.4649999999999999,0,0.0,0.0,0.0,0.0,0.0,0.0,0.04999999999999999,69.22,0.7688529326784166
18746260,2026-05-28 01:04:31+00:00,0.4649999999999999,0,0.0,0.0,0.0,0.0,0.0,0.0,0.04999999999999999,69.22,0.7688529326784166
18746260,2026-05-28 01:04:32+00:00,0.4649999999999999,0,0.0,0.0,0.0,0.0,0.0,0.0,0.04999999999999999,69.22,0.7688529326784166
18746260,2026-05-28 01:04:33+00:00,0.4649999999999999,0,0.0,0.0,0.0,0.0,0.0,0.0,0.04999999999999999,69.22,0.7688529326784166
18746260,2026-05-28 01:04:34+00:00,0.4649999999999999,0,0.0,0.0,0.0,0.0,0.0,0.0,0.04999999999999999,69.22,0.7688529326784166
18746260,2026-05-28 01:04:35+00:00,0.4649999999999999,0,0.0,0.0,0.0,0.0,0.0,0.0,0.04999999999999999,69.22,0.7688529326784166
18746260,2026-05-28 01:04:36+00:00,0.4649999999999999,0,0.0,0.0,0.0,0.0,0.0,0.0,0.04999999999999999,69.22,0.7688529326784166
18746260,2026-05-28 01:04:37+00:00,0.4649999999999999,0,0.0,0.0,0.0,0.0,0.0,0.0,0.04999999999999999,69.22,0.7688529326784166
18746260,2026-05-28 01:04:38+00:00,0.4649999999999999,0,0.0,0.0,0.0,0.0,0.0,0.0,0.04999999999999999,69.22,0.7688529326784166
18746260,2026-05-28 01:04:39+00:00,0.4649999999999999,0,0.0,0.0,0.0,0.0,0.0,0.0,0.04999999999999999,69.22,0.7688529326784166
18746260,2026-05-28 01:04:40+00:00,0.4649999999999999,0,0.0,0.0,0.0,0.0,0.0,0.0,0.04999999999999999,69.22,0.7688529326784166
18746260,2026-05-28 01:04:41+00:00,0.4649999999999999,0,0.0,0.0,0.0,0.0,0.0,0.0,0.04999999999999999,69.22,0.7688529326784166
18746260,2026-05-28 01:04:42+00:00,0.4649999999999999,0,0.0,0.0,0.0,0.0,0.0,0.0,0.04999999999999999,69.22,0.7688529326784166
18746260,2026-05-28 01:04:43+00:00,0.4649999999999999,0,0.0,0.0,0.0,0.0,0.0,0.0,0.04999999999999999,69.22,0.7688529326784166
18746260,2026-05-28 01:04:44+00:00,0.4649999999999999,0,0.0,0.0,0.0,0.0,0.0,0.0,0.04999999999999999,69.22,0.7688529326784166
18746260,2026-05-28 01:04:45+00:00,0.4649999999999999,0,0.0,0.0,0.0,0.0,0.0,0.0,0.04999999999999999,69.22,0.7688529326784166
18746260,2026-05-28 01:04:46+00:00,0.4649999999999999,0,0.0,0.0,0.0,0.0,0.0,0.0,0.04999999999999999,69.22,0.7688529326784166
18746260,2026-05-28 01:04:47+00:00,0.4649999999999999,0,0.0,0.0,0.0,0.0,0.0,0.0,0.04999999999999999,69.22,0.7688529326784166
18746260,2026-05-28 01:04:48+00:00,0.4649999999999999,0,0.0,0.0,0.0,0.0,0.0,0.0,0.04999999999999999,69.22,0.7688529326784166
18746260,2026-05-28 01:04:49+00:00,0.4649999999999999,0,0.0,0.0,0.0,0.0,0.0,0.0,0.04999999999999999,69.22,0.7688529326784166
18746260,2026-05-28 01:04:50+00:00,0.4649999999999999,0,0.0,0.0,0.0,0.0,0.0,0.0,0.04999999999999999,69.22,0.7688529326784166
18746260,2026-05-28 01:04:51+00:00,0.4649999999999999,0,0.0,0.0,0.0,0.0,0.0,0.0,0.04999999999999999,69.22,0.7688529326784166
18746260,2026-05-28 01:04:52+00:00,0.4649999999999999,0,0.0,0.0,0.0,0.0,0.0,0.0,0.04999999999999999,69.22,0.7688529326784166
18746260,2026-05-28 01:04:53+00:00,0.4649999999999999,0,0.0,0.0,0.0,0.0,0.0,0.0,0.04999999999999999,69.22,0.7688529326784166
18746260,2026-05-28 01:04:54+00:00,0.4649999999999999,0,0.0,0.0,0.0,0.0,0.0,0.0,0.04999999999999999,69.22,0.7688529326784166
18746260,2026-05-28 01:04:55+00:00,0.4649999999999999,0,0.0,0.0,0.0,0.0,0.0,0.0,0.04999999999999999,69.22,0.7688529326784166
18746260,2026-05-28 01:04:56+00:00,0.4649999999999999,0,0.0,0.0,0.0,0.0,0.0,0.0,0.04999999999999999,69.22,0.7688529326784166
18746260,2026-05-28 01:04:57+00:00,0.4649999999999999,0,0.0,0.0,0.0,0.0,0.0,0.0,0.04999999999999999,69.22,0.7688529326784166
18746260,2026-05-28 01:04:58+00:00,0.4649999999999999,0,0.0,0.0,0.0,0.0,0.0,0.0,0.04999999999999999,69.22,0.7688529326784166
18746260,2026-05-28 01:04:59+00:00,0.4649999999999999,0,0.0,0.0,0.0,0.0,0.0,0.0,0.04999999999999999,69.22,0.7688529326784166
18746260,2026-05-28 01:05:00+00:00,0.4649999999999999,0,0.0,0.0,0.0,0.0,0.0,0.0,0.04999999999999999,69.22,0.7688529326784166
18746260,2026-05-28 01:05:01+00:00,0.4649999999999999,0,0.0,0.0,0.0,0.0,0.0,0.0,0.04999999999999999,69.22,0.7688529326784166
18746260,2026-05-28 01:05:02+00:00,0.4649999999999999,0,0.0,0.0,0.0,0.0,0.0,0.0,0.04999999999999999,69.22,0.7688529326784166
18746260,2026-05-28 01:05:03+00:00,0.4649999999999999,0,0.0,0.0,0.0,0.0,0.0,0.0,0.04999999999999999,69.22,0.7688529326784166
18746260,2026-05-28 01:05:04+00:00,0.4649999999999999,0,0.0,0.0,0.0,0.0,0.0,0.0,0.04999999999999999,69.22,0.7688529326784166
18746260,2026-05-28 01:05:05+00:00,0.4649999999999999,0,0.0,0.0,0.0,0.0,0.0,0.0,0.04999999999999999,69.22,0.7688529326784166
18746260,2026-05-28 01:05:06+00:00,0.4649999999999999,0,0.0,0.0,0.0,0.0,0.0,0.0,0.04999999999999999,69.22,0.7688529326784166
18746260,2026-05-28 01:05:07+00:00,0.4649999999999999,0,0.0,0.0,0.0,0.0,0.0,0.0,0.04999999999999999,69.22,0.7688529326784166
18746260,2026-05-28 01:05:08+00:00,0.4649999999999999,0,0.0,0.0,0.0,0.0,0.0,0.0,0.04999999999999999,69.22,0.7688529326784166
18746260,2026-05-28 01:05:09+00:00,0.4649999999999999,0,0.0,0.0,0.0,0.0,0.0,0.0,0.04999999999999999,69.22,0.7688529326784166
18746260,2026-05-28 01:05:10+00:00,0.4649999999999999,0,0.0,0.0,0.0,0.0,0.0,0.0,0.04999999999999999,69.22,0.7688529326784166
18746260,2026-05-28 01:05:11+00:00,0.4649999999999999,0,0.0,0.0,0.0,0.0,0.0,0.0,0.04999999999999999,69.22,0.7688529326784166
18746260,2026-05-28 01:05:12+00:00,0.4649999999999999,0,0.0,0.0,0.0,0.0,0.0,0.0,0.04999999999999999,69.22,0.7688529326784166
18746260,2026-05-28 01:05:13+00:00,0.4649999999999999,0,0.0,0.0,0.0,0.0,0.0,0.0,0.04999999999999999,69.22,0.7688529326784166
18746260,2026-05-28 01:05:14+00:00,0.4649999999999999,0,0.0,0.0,0.0,0.0,0.0,0.0,0.04999999999999999,69.22,0.7688529326784166
18746260,2026-05-28 01:05:15+00:00,0.4649999999999999,0,0.0,0.0,0.0,0.0,0.0,0.0,0.04999999999999999,69.22,0.7688529326784166
18746260,2026-05-28 01:05:16+00:00,0.4649999999999999,0,0.0,0.0,0.0,0.0,0.0,0.0,0.04999999999999999,69.22,0.7688529326784166
18746260,2026-05-28 01:05:17+00:00,0.4649999999999999,0,0.0,0.0,0.0,0.0,0.0,0.0,0.04999999999999999,69.22,0.7688529326784166
18746260,2026-05-28 01:05:18+00:00,0.4649999999999999,0,0.0,0.0,0.0,0.0,0.0,0.0,0.04999999999999999,69.22,0.7688529326784166
18746260,2026-05-28 01:05:19+00:00,0.4649999999999999,0,0.0,0.0,0.0,0.0,0.0,0.0,0.04999999999999999,69.22,0.7688529326784166
18746260,2026-05-28 01:05:20+00:00,0.4649999999999999,0,0.0,0.0,0.0,0.0,0.0,0.0,0.04999999999999999,69.22,0.7688529326784166
18746260,2026-05-28 01:05:21+00:00,0.4649999999999999,0,0.0,0.0,0.0,0.0,0.0,0.0,0.04999999999999999,69.22,0.7688529326784166
18746260,2026-05-28 01:05:22+00:00,0.4649999999999999,0,0.0,0.0,0.0,0.0,0.0,0.0,0.04999999999999999,69.22,0.7688529326784166
18746260,2026-05-28 01:05:23+00:00,0.4649999999999999,0,0.0,0.0,0.0,0.0,0.0,0.0,0.04999999999999999,69.22,0.7688529326784166
18746260,2026-05-28 01:05:24+00:00,0.4649999999999999,0,0.0,0.0,0.0,0.0,0.0,0.0,0.04999999999999999,69.22,0.7688529326784166
18746260,2026-05-28 01:05:25+00:00,0.4649999999999999,0,0.0,0.0,0.0,0.0,0.0,0.0,0.04999999999999999,69.22,0.7688529326784166
18746260,2026-05-28 01:05:26+00:00,0.4649999999999999,0,0.0,0.0,0.0,0.0,0.0,0.0,0.04999999999999999,69.22,0.7688529326784166
18746260,2026-05-28 01:05:27+00:00,0.4649999999999999,0,0.0,0.0,0.0,0.0,0.0,0.0,0.04999999999999999,69.22,0.7688529326784166
18746260,2026-05-28 01:05:28+00:00,0.4649999999999999,0,0.0,0.0,0.0,0.0,0.0,0.0,0.04999999999999999,69.22,0.7688529326784166
18746260,2026-05-28 01:05:29+00:00,0.4649999999999999,0,0.0,0.0,0.0,0.0,0.0,0.0,0.04999999999999999,69.22,0.7688529326784166
18746260,2026-05-28 01:05:30+00:00,0.4649999999999999,0,0.0,0.0,0.0,0.0,0.0,0.0,0.04999999999999999,69.22,0.7688529326784166
18746260,2026-05-28 01:05:31+00:00,0.4649999999999999,0,0.0,0.0,0.0,0.0,0.0,0.0,0.04999999999999999,69.22,0.7688529326784166
18746260,2026-05-28 01:05:32+00:00,0.4649999999999999,0,0.0,0.0,0.0,0.0,0.0,0.0,0.04999999999999999,69.22,0.7688529326784166
18746260,2026-05-28 01:05:33+00:00,0.4649999999999999,0,0.0,0.0,0.0,0.0,0.0,0.0,0.04999999999999999,69.22,0.7688529326784166
18746260,2026-05-28 01:05:34+00:00,0.4649999999999999,0,0.0,0.0,0.0,0.0,0.0,0.0,0.04999999999999999,69.22,0.7688529326784166
18746260,2026-05-28 01:05:35+00:00,0.4649999999999999,0,0.0,0.0,0.0,0.0,0.0,0.0,0.04999999999999999,69.22,0.7688529326784166
18746260,2026-05-28 01:05:36+00:00,0.4649999999999999,0,0.0,0.0,0.0,0.0,0.0,0.0,0.04999999999999999,69.22,0.7688529326784166
18746260,2026-05-28 01:05:37+00:00,0.4649999999999999,0,0.0,0.0,0.0,0.0,0.0,0.0,0.04999999999999999,69.22,0.7688529326784166
18746260,2026-05-28 01:05:38+00:00,0.4649999999999999,0,0.0,0.0,0.0,0.0,0.0,0.0,0.04999999999999999,69.22,0.7688529326784166
18746260,2026-05-28 01:05:39+00:00,0.4649999999999999,0,0.0,0.0,0.0,0.0,0.0,0.0,0.04999999999999999,69.22,0.7688529326784166
18746260,2026-05-28 01:05:40+00:00,0.4649999999999999,0,0.0,0.0,0.0,0.0,0.0,0.0,0.04999999999999999,69.22,0.7688529326784166
18746260,2026-05-28 01:05:41+00:00,0.4649999999999999,0,0.0,0.0,0.0,0.0,0.0,0.0,0.04999999999999999,69.22,0.7688529326784166
18746260,2026-05-28 01:05:42+00:00,0.4649999999999999,0,0.0,0.0,0.0,0.0,0.0,0.0,0.04999999999999999,69.22,0.7688529326784166
18746260,2026-05-28 01:05:43+00:00,0.4649999999999999,0,0.0,0.0,0.0,0.0,0.0,0.0,0.04999999999999999,69.22,0.7688529326784166
18746260,2026-05-28 01:05:44+00:00,0.4649999999999999,0,0.0,0.0,0.0,0.0,0.0,0.0,0.04999999999999999,69.22,0.7688529326784166
18746260,2026-05-28 01:05:45+00:00,0.4649999999999999,0,0.0,0.0,0.0,0.0,0.0,0.0,0.04999999999999999,69.22,0.7688529326784166
18746260,2026-05-28 01:05:46+00:00,0.4649999999999999,0,0.0,0.0,0.0,0.0,0.0,0.0,0.04999999999999999,69.22,0.7688529326784166
18746260,2026-05-28 01:05:47+00:00,0.4649999999999999,0,0.0,0.0,0.0,0.0,0.0,0.0,0.04999999999999999,69.22,0.7688529326784166
18746260,2026-05-28 01:05:48+00:00,0.4649999999999999,0,0.0,0.0,0.0,0.0,0.0,0.0,0.04999999999999999,69.22,0.7688529326784166
18746260,2026-05-28 01:05:49+00:00,0.4649999999999999,0,0.0,0.0,0.0,0.0,0.0,0.0,0.04999999999999999,69.22,0.7688529326784166
18746260,2026-05-28 01:05:50+00:00,0.4649999999999999,0,0.0,0.0,0.0,0.0,0.0,0.0,0.04999999999999999,69.22,0.7688529326784166
18746260,2026-05-28 01:05:51+00:00,0.4649999999999999,0,0.0,0.0,0.0,0.0,0.0,0.0,0.04999999999999999,69.22,0.7688529326784166
18746260,2026-05-28 01:05:52+00:00,0.4649999999999999,0,0.0,0.0,0.0,0.0,0.0,0.0,0.04999999999999999,69.22,0.7688529326784166
18746260,2026-05-28 01:05:53+00:00,0.4649999999999999,0,0.0,0.0,0.0,0.0,0.0,0.0,0.04999999999999999,69.22,0.7688529326784166
18746260,2026-05-28 01:05:54+00:00,0.4649999999999999,0,0.0,0.0,0.0,0.0,0.0,0.0,0.04999999999999999,69.22,0.7688529326784166
18746260,2026-05-28 01:05:55+00:00,0.4649999999999999,0,0.0,0.0,0.0,0.0,0.0,0.0,0.04999999999999999,69.22,0.7688529326784166
18746260,2026-05-28 01:05:56+00:00,0.4649999999999999,0,0.0,0.0,0.0,0.0,0.0,0.0,0.04999999999999999,69.22,0.7688529326784166
18746260,2026-05-28 01:05:57+00:00,0.4649999999999999,0,0.0,0.0,0.0,0.0,0.0,0.0,0.04999999999999999,69.22,0.7688529326784166
18746260,2026-05-28 01:05:58+00:00,0.4649999999999999,0,0.0,0.0,0.0,0.0,0.0,0.0,0.04999999999999999,69.22,0.7688529326784166
18746260,2026-05-28 01:05:59+00:00,0.4649999999999999,0,0.0,0.0,0.0,0.0,0.0,0.0,0.04999999999999999,69.22,0.7688529326784166
18746260,2026-05-28 01:06:00+00:00,0.4649999999999999,0,0.0,0.0,0.0,0.0,0.0,0.0,0.04999999999999999,69.22,0.7688529326784166
18746260,2026-05-28 01:06:01+00:00,0.4649999999999999,0,0.0,0.0,0.0,0.0,0.0,0.0,0.04999999999999999,69.22,0.7688529326784166
18746260,2026-05-28 01:06:02+00:00,0.4649999999999999,0,0.0,0.0,0.0,0.0,0.0,0.0,0.04999999999999999,69.22,0.7688529326784166
18746260,2026-05-28 01:06:03+00:00,0.4649999999999999,0,0.0,0.0,0.0,0.0,0.0,0.0,0.04999999999999999,69.22,0.7688529326784166
18746260,2026-05-28 01:06:04+00:00,0.4649999999999999,0,0.0,0.0,0.0,0.0,0.0,0.0,0.04999999999999999,69.22,0.7688529326784166
18746260,2026-05-28 01:06:05+00:00,0.4649999999999999,0,0.0,0.0,0.0,0.0,0.0,0.0,0.04999999999999999,69.22,0.7688529326784166
18746260,2026-05-28 01:06:06+00:00,0.4649999999999999,0,0.0,0.0,0.0,0.0,0.0,0.0,0.04999999999999999,69.22,0.7688529326784166
18746260,2026-05-28 01:06:07+00:00,0.4649999999999999,0,0.0,0.0,0.0,0.0,0.0,0.0,0.04999999999999999,69.22,0.7688529326784166
18746260,2026-05-28 01:06:08+00:00,0.4649999999999999,0,0.0,0.0,0.0,0.0,0.0,0.0,0.04999999999999999,69.22,0.7688529326784166
18746260,2026-05-28 01:06:09+00:00,0.4649999999999999,0,0.0,0.0,0.0,0.0,0.0,0.0,0.04999999999999999,69.22,0.7688529326784166
18746260,2026-05-28 01:06:10+00:00,0.4649999999999999,0,0.0,0.0,0.0,0.0,0.0,0.0,0.04999999999999999,69.22,0.7688529326784166
18746260,2026-05-28 01:06:11+00:00,0.4649999999999999,0,0.0,0.0,0.0,0.0,0.0,0.0,0.04999999999999999,69.22,0.7688529326784166
18746260,2026-05-28 01:06:12+00:00,0.4649999999999999,0,0.0,0.0,0.0,0.0,0.0,0.0,0.04999999999999999,69.22,0.7688529326784166
18746260,2026-05-28 01:06:13+00:00,0.4649999999999999,0,0.0,0.0,0.0,0.0,0.0,0.0,0.04999999999999999,69.22,0.7688529326784166
18746260,2026-05-28 01:06:14+00:00,0.4649999999999999,0,0.0,0.0,0.0,0.0,0.0,0.0,0.04999999999999999,69.22,0.7688529326784166
18746260,2026-05-28 01:06:15+00:00,0.4649999999999999,0,0.0,0.0,0.0,0.0,0.0,0.0,0.04999999999999999,69.22,0.7688529326784166
18746260,2026-05-28 01:06:16+00:00,0.4649999999999999,0,0.0,0.0,0.0,0.0,0.0,0.0,0.04999999999999999,69.22,0.7688529326784166
18746260,2026-05-28 01:06:17+00:00,0.4649999999999999,0,0.0,0.0,0.0,0.0,0.0,0.0,0.04999999999999999,69.22,0.7688529326784166
18746260,2026-05-28 01:06:18+00:00,0.4649999999999999,0,0.0,0.0,0.0,0.0,0.0,0.0,0.04999999999999999,69.22,0.7688529326784166
18746260,2026-05-28 01:06:19+00:00,0.4649999999999999,0,0.0,0.0,0.0,0.0,0.0,0.0,0.04999999999999999,69.22,0.7688529326784166
18746260,2026-05-28 01:06:20+00:00,0.4649999999999999,0,0.0,0.0,0.0,0.0,0.0,0.0,0.04999999999999999,69.22,0.7688529326784166
18746260,2026-05-28 01:06:21+00:00,0.4649999999999999,0,0.0,0.0,0.0,0.0,0.0,0.0,0.04999999999999999,69.22,0.7688529326784166
18746260,2026-05-28 01:06:22+00:00,0.4649999999999999,0,0.0,0.0,0.0,0.0,0.0,0.0,0.04999999999999999,69.22,0.7688529326784166
18746260,2026-05-28 01:06:23+00:00,0.4649999999999999,0,0.0,0.0,0.0,0.0,0.0,0.0,0.04999999999999999,69.22,0.7688529326784166
18746260,2026-05-28 01:06:24+00:00,0.4649999999999999,0,0.0,0.0,0.0,0.0,0.0,0.0,0.04999999999999999,69.22,0.7688529326784166
18746260,2026-05-28 01:06:25+00:00,0.4649999999999999,0,0.0,0.0,0.0,0.0,0.0,0.0,0.04999999999999999,69.22,0.7688529326784166
18746260,2026-05-28 01:06:26+00:00,0.4649999999999999,0,0.0,0.0,0.0,0.0,0.0,0.0,0.04999999999999999,69.22,0.7688529326784166
18746260,2026-05-28 01:06:27+00:00,0.4649999999999999,0,0.0,0.0,0.0,0.0,0.0,0.0,0.04999999999999999,69.22,0.7688529326784166
18746260,2026-05-28 01:06:28+00:00,0.4649999999999999,0,0.0,0.0,0.0,0.0,0.0,0.0,0.04999999999999999,69.22,0.7688529326784166
18746260,2026-05-28 01:06:29+00:00,0.4649999999999999,0,0.0,0.0,0.0,0.0,0.0,0.0,0.04999999999999999,69.22,0.7688529326784166
18746260,2026-05-28 01:06:30+00:00,0.4649999999999999,0,0.0,0.0,0.0,0.0,0.0,0.0,0.04999999999999999,69.22,0.7688529326784166
18746260,2026-05-28 01:06:31+00:00,0.4649999999999999,0,0.0,0.0,0.0,0.0,0.0,0.0,0.04999999999999999,69.22,0.7688529326784166
18746260,2026-05-28 01:06:32+00:00,0.4649999999999999,0,0.0,0.0,0.0,0.0,0.0,0.0,0.04999999999999999,69.22,0.7688529326784166
18746260,2026-05-28 01:06:33+00:00,0.4649999999999999,0,0.0,0.0,0.0,0.0,0.0,0.0,0.04999999999999999,69.22,0.7688529326784166
18746260,2026-05-28 01:06:34+00:00,0.4649999999999999,0,0.0,0.0,0.0,0.0,0.0,0.0,0.04999999999999999,69.22,0.7688529326784166
18746260,2026-05-28 01:06:35+00:00,0.4649999999999999,0,0.0,0.0,0.0,0.0,0.0,0.0,0.04999999999999999,69.22,0.7688529326784166
18746260,2026-05-28 01:06:36+00:00,0.4649999999999999,0,0.0,0.0,0.0,0.0,0.0,0.0,0.04999999999999999,69.22,0.7688529326784166
18746260,2026-05-28 01:06:37+00:00,0.4649999999999999,0,0.0,0.0,0.0,0.0,0.0,0.0,0.04999999999999999,69.22,0.7688529326784166
18746260,2026-05-28 01:06:38+00:00,0.4649999999999999,0,0.0,0.0,0.0,0.0,0.0,0.0,0.04999999999999999,69.22,0.7688529326784166
18746260,2026-05-28 01:06:39+00:00,0.4649999999999999,0,0.0,0.0,0.0,0.0,0.0,0.0,0.04999999999999999,69.22,0.7688529326784166
18746260,2026-05-28 01:06:40+00:00,0.4649999999999999,0,0.0,0.0,0.0,0.0,0.0,0.0,0.04999999999999999,69.22,0.7688529326784166
18746260,2026-05-28 01:06:41+00:00,0.4649999999999999,0,0.0,0.0,0.0,0.0,0.0,0.0,0.04999999999999999,69.22,0.7688529326784166
18746260,2026-05-28 01:06:42+00:00,0.4649999999999999,0,0.0,0.0,0.0,0.0,0.0,0.0,0.04999999999999999,69.22,0.7688529326784166
18746260,2026-05-28 01:06:43+00:00,0.4649999999999999,0,0.0,0.0,0.0,0.0,0.0,0.0,0.04999999999999999,69.22,0.7688529326784166
18746260,2026-05-28 01:06:44+00:00,0.4649999999999999,0,0.0,0.0,0.0,0.0,0.0,0.0,0.04999999999999999,69.22,0.7688529326784166
18746260,2026-05-28 01:06:45+00:00,0.4649999999999999,0,0.0,0.0,0.0,0.0,0.0,0.0,0.04999999999999999,69.22,0.7688529326784166
18746260,2026-05-28 01:06:46+00:00,0.4649999999999999,0,0.0,0.0,0.0,0.0,0.0,0.0,0.04999999999999999,69.22,0.7688529326784166
18746260,2026-05-28 01:06:47+00:00,0.4649999999999999,0,0.0,0.0,0.0,0.0,0.0,0.0,0.04999999999999999,69.22,0.7688529326784166
18746260,2026-05-28 01:06:48+00:00,0.4649999999999999,0,0.0,0.0,0.0,0.0,0.0,0.0,0.04999999999999999,69.22,0.7688529326784166
18746260,2026-05-28 01:06:49+00:00,0.4649999999999999,0,0.0,0.0,0.0,0.0,0.0,0.0,0.04999999999999999,69.22,0.7688529326784166
18746260,2026-05-28 01:06:50+00:00,0.4649999999999999,0,0.0,0.0,0.0,0.0,0.0,0.0,0.04999999999999999,69.22,0.7688529326784166
18746260,2026-05-28 01:06:51+00:00,0.4649999999999999,0,0.0,0.0,0.0,0.0,0.0,0.0,0.04999999999999999,69.22,0.7688529326784166
18746260,2026-05-28 01:06:52+00:00,0.4649999999999999,0,0.0,0.0,0.0,0.0,0.0,0.0,0.04999999999999999,69.22,0.7688529326784166
18746260,2026-05-28 01:06:53+00:00,0.4649999999999999,0,0.0,0.0,0.0,0.0,0.0,0.0,0.04999999999999999,69.22,0.7688529326784166
18746260,2026-05-28 01:06:54+00:00,0.4649999999999999,0,0.0,0.0,0.0,0.0,0.0,0.0,0.04999999999999999,69.22,0.7688529326784166
18746260,2026-05-28 01:06:55+00:00,0.4649999999999999,0,0.0,0.0,0.0,0.0,0.0,0.0,0.04999999999999999,69.22,0.7688529326784166
18746260,2026-05-28 01:06:56+00:00,0.4649999999999999,0,0.0,0.0,0.0,0.0,0.0,0.0,0.04999999999999999,69.22,0.7688529326784166
18746260,2026-05-28 01:06:57+00:00,0.4649999999999999,0,0.0,0.0,0.0,0.0,0.0,0.0,0.04999999999999999,69.22,0.7688529326784166
18746260,2026-05-28 01:06:58+00:00,0.4649999999999999,0,0.0,0.0,0.0,0.0,0.0,0.0,0.04999999999999999,69.22,0.7688529326784166
18746260,2026-05-28 01:06:59+00:00,0.4649999999999999,0,0.0,0.0,0.0,0.0,0.0,0.0,0.04999999999999999,69.22,0.7688529326784166
18746260,2026-05-28 01:07:00+00:00,0.4649999999999999,0,0.0,0.0,0.0,0.0,0.0,0.0,0.04999999999999999,69.22,0.7688529326784166
18746260,2026-05-28 01:07:01+00:00,0.4649999999999999,0,0.0,0.0,0.0,0.0,0.0,0.0,0.04999999999999999,69.22,0.7688529326784166
18746260,2026-05-28 01:07:02+00:00,0.4649999999999999,0,0.0,0.0,0.0,0.0,0.0,0.0,0.04999999999999999,69.22,0.7688529326784166
18746260,2026-05-28 01:07:03+00:00,0.4649999999999999,0,0.0,0.0,0.0,0.0,0.0,0.0,0.04999999999999999,69.22,0.7688529326784166
18746260,2026-05-28 01:07:04+00:00,0.4649999999999999,0,0.0,0.0,0.0,0.0,0.0,0.0,0.04999999999999999,69.22,0.7688529326784166
18746260,2026-05-28 01:07:05+00:00,0.4649999999999999,0,0.0,0.0,0.0,0.0,0.0,0.0,0.04999999999999999,69.22,0.7688529326784166
18746260,2026-05-28 01:07:06+00:00,0.4649999999999999,0,0.0,0.0,0.0,0.0,0.0,0.0,0.04999999999999999,69.22,0.7688529326784166
18746260,2026-05-28 01:07:07+00:00,0.4649999999999999,0,0.0,0.0,0.0,0.0,0.0,0.0,0.04999999999999999,69.22,0.7688529326784166
18746260,2026-05-28 01:07:08+00:00,0.4649999999999999,0,0.0,0.0,0.0,0.0,0.0,0.0,0.04999999999999999,69.22,0.7688529326784166
18746260,2026-05-28 01:07:09+00:00,0.4649999999999999,0,0.0,0.0,0.0,0.0,0.0,0.0,0.04999999999999999,69.22,0.7688529326784166
18746260,2026-05-28 01:07:10+00:00,0.4649999999999999,0,0.0,0.0,0.0,0.0,0.0,0.0,0.04999999999999999,69.22,0.7688529326784166
18746260,2026-05-28 01:07:11+00:00,0.4649999999999999,0,0.0,0.0,0.0,0.0,0.0,0.0,0.04999999999999999,69.22,0.7688529326784166
18746260,2026-05-28 01:07:12+00:00,0.4649999999999999,0,0.0,0.0,0.0,0.0,0.0,0.0,0.04999999999999999,69.22,0.7688529326784166
18746260,2026-05-28 01:07:13+00:00,0.4649999999999999,0,0.0,0.0,0.0,0.0,0.0,0.0,0.04999999999999999,69.22,0.7688529326784166
18746260,2026-05-28 01:07:14+00:00,0.4649999999999999,0,0.0,0.0,0.0,0.0,0.0,0.0,0.04999999999999999,69.22,0.7688529326784166
18746260,2026-05-28 01:07:15+00:00,0.4649999999999999,0,0.0,0.0,0.0,0.0,0.0,0.0,0.04999999999999999,69.22,0.7688529326784166
18746260,2026-05-28 01:07:16+00:00,0.4649999999999999,0,0.0,0.0,0.0,0.0,0.0,0.0,0.04999999999999999,69.22,0.7688529326784166
18746260,2026-05-28 01:07:17+00:00,0.4649999999999999,0,0.0,0.0,0.0,0.0,0.0,0.0,0.04999999999999999,69.22,0.7688529326784166
18746260,2026-05-28 01:07:18+00:00,0.4649999999999999,0,0.0,0.0,0.0,0.0,0.0,0.0,0.04999999999999999,69.22,0.7688529326784166
18746260,2026-05-28 01:07:19+00:00,0.4649999999999999,0,0.0,0.0,0.0,0.0,0.0,0.0,0.04999999999999999,69.22,0.7688529326784166
18746260,2026-05-28 01:07:20+00:00,0.4649999999999999,0,0.0,0.0,0.0,0.0,0.0,0.0,0.04999999999999999,69.22,0.7688529326784166
18746260,2026-05-28 01:07:21+00:00,0.4649999999999999,0,0.0,0.0,0.0,0.0,0.0,0.0,0.04999999999999999,69.22,0.7688529326784166
18746260,2026-05-28 01:07:22+00:00,0.4649999999999999,0,0.0,0.0,0.0,0.0,0.0,0.0,0.04999999999999999,69.22,0.7688529326784166
18746260,2026-05-28 01:07:23+00:00,0.4649999999999999,0,0.0,0.0,0.0,0.0,0.0,0.0,0.04999999999999999,69.22,0.7688529326784166
18746260,2026-05-28 01:07:24+00:00,0.4649999999999999,0,0.0,0.0,0.0,0.0,0.0,0.0,0.04999999999999999,69.22,0.7688529326784166
18746260,2026-05-28 01:07:25+00:00,0.4649999999999999,0,0.0,0.0,0.0,0.0,0.0,0.0,0.04999999999999999,69.22,0.7688529326784166
18746260,2026-05-28 01:07:26+00:00,0.4649999999999999,0,0.0,0.0,0.0,0.0,0.0,0.0,0.04999999999999999,69.22,0.7688529326784166
18746260,2026-05-28 01:07:27+00:00,0.4649999999999999,0,0.0,0.0,0.0,0.0,0.0,0.0,0.04999999999999999,69.22,0.7688529326784166
18746260,2026-05-28 01:07:28+00:00,0.4649999999999999,0,0.0,0.0,0.0,0.0,0.0,0.0,0.04999999999999999,69.22,0.7688529326784166
18746260,2026-05-28 01:07:29+00:00,0.4649999999999999,0,0.0,0.0,0.0,0.0,0.0,0.0,0.04999999999999999,69.22,0.7688529326784166
18746260,2026-05-28 01:07:30+00:00,0.4649999999999999,0,0.0,0.0,0.0,0.0,0.0,0.0,0.04999999999999999,69.22,0.7688529326784166
18746260,2026-05-28 01:07:31+00:00,0.4649999999999999,0,0.0,0.0,0.0,0.0,0.0,0.0,0.04999999999999999,69.22,0.7688529326784166
18746260,2026-05-28 01:07:32+00:00,0.4649999999999999,0,0.0,0.0,0.0,0.0,0.0,0.0,0.04999999999999999,69.22,0.7688529326784166
18746260,2026-05-28 01:07:33+00:00,0.4649999999999999,0,0.0,0.0,0.0,0.0,0.0,0.0,0.04999999999999999,69.22,0.7688529326784166
18746260,2026-05-28 01:07:34+00:00,0.4649999999999999,0,0.0,0.0,0.0,0.0,0.0,0.0,0.04999999999999999,69.22,0.7688529326784166
18746260,2026-05-28 01:07:35+00:00,0.4649999999999999,0,0.0,0.0,0.0,0.0,0.0,0.0,0.04999999999999999,69.22,0.7688529326784166
18746260,2026-05-28 01:07:36+00:00,0.4649999999999999,0,0.0,0.0,0.0,0.0,0.0,0.0,0.04999999999999999,69.22,0.7688529326784166
18746260,2026-05-28 01:07:37+00:00,0.4649999999999999,0,0.0,0.0,0.0,0.0,0.0,0.0,0.04999999999999999,69.22,0.7688529326784166
18746260,2026-05-28 01:07:38+00:00,0.4649999999999999,0,0.0,0.0,0.0,0.0,0.0,0.0,0.04999999999999999,69.22,0.7688529326784166
18746260,2026-05-28 01:07:39+00:00,0.4649999999999999,0,0.0,0.0,0.0,0.0,0.0,0.0,0.04999999999999999,69.22,0.7688529326784166
18746260,2026-05-28 01:07:40+00:00,0.4649999999999999,0,0.0,0.0,0.0,0.0,0.0,0.0,0.04999999999999999,69.22,0.7688529326784166
18746260,2026-05-28 01:07:41+00:00,0.4649999999999999,0,0.0,0.0,0.0,0.0,0.0,0.0,0.04999999999999999,69.22,0.7688529326784166
18746260,2026-05-28 01:07:42+00:00,0.4649999999999999,0,0.0,0.0,0.0,0.0,0.0,0.0,0.04999999999999999,69.22,0.7688529326784166
18746260,2026-05-28 01:07:43+00:00,0.4649999999999999,0,0.0,0.0,0.0,0.0,0.0,0.0,0.04999999999999999,69.22,0.7688529326784166
18746260,2026-05-28 01:07:44+00:00,0.4649999999999999,0,0.0,0.0,0.0,0.0,0.0,0.0,0.04999999999999999,69.22,0.7688529326784166
18746260,2026-05-28 01:07:45+00:00,0.4649999999999999,0,0.0,0.0,0.0,0.0,0.0,0.0,0.04999999999999999,69.22,0.7688529326784166
18746260,2026-05-28 01:07:46+00:00,0.4649999999999999,0,0.0,0.0,0.0,0.0,0.0,0.0,0.04999999999999999,69.22,0.7688529326784166
18746260,2026-05-28 01:07:47+00:00,0.4649999999999999,0,0.0,0.0,0.0,0.0,0.0,0.0,0.04999999999999999,69.22,0.7688529326784166
18746260,2026-05-28 01:07:48+00:00,0.4649999999999999,0,0.0,0.0,0.0,0.0,0.0,0.0,0.04999999999999999,69.22,0.7688529326784166
18746260,2026-05-28 01:07:49+00:00,0.4649999999999999,0,0.0,0.0,0.0,0.0,0.0,0.0,0.04999999999999999,69.22,0.7688529326784166
18746260,2026-05-28 01:07:50+00:00,0.4649999999999999,0,0.0,0.0,0.0,0.0,0.0,0.0,0.04999999999999999,69.22,0.7688529326784166
18746260,2026-05-28 01:07:51+00:00,0.4649999999999999,0,0.0,0.0,0.0,0.0,0.0,0.0,0.04999999999999999,69.22,0.7688529326784166
18746260,2026-05-28 01:07:52+00:00,0.4649999999999999,0,0.0,0.0,0.0,0.0,0.0,0.0,0.04999999999999999,69.22,0.7688529326784166
18746260,2026-05-28 01:07:53+00:00,0.4649999999999999,0,0.0,0.0,0.0,0.0,0.0,0.0,0.04999999999999999,69.22,0.7688529326784166
18746260,2026-05-28 01:07:54+00:00,0.4649999999999999,0,0.0,0.0,0.0,0.0,0.0,0.0,0.04999999999999999,69.22,0.7688529326784166
18746260,2026-05-28 01:07:55+00:00,0.4649999999999999,0,0.0,0.0,0.0,0.0,0.0,0.0,0.04999999999999999,69.22,0.7688529326784166
18746260,2026-05-28 01:07:56+00:00,0.4649999999999999,0,0.0,0.0,0.0,0.0,0.0,0.0,0.04999999999999999,69.22,0.7688529326784166
18746260,2026-05-28 01:07:57+00:00,0.4649999999999999,0,0.0,0.0,0.0,0.0,0.0,0.0,0.04999999999999999,69.22,0.7688529326784166
18746260,2026-05-28 01:07:58+00:00,0.4649999999999999,0,0.0,0.0,0.0,0.0,0.0,0.0,0.04999999999999999,69.22,0.7688529326784166
18746260,2026-05-28 01:07:59+00:00,0.4649999999999999,0,0.0,0.0,0.0,0.0,0.0,0.0,0.04999999999999999,69.22,0.7688529326784166
18746260,2026-05-28 01:08:00+00:00,0.4649999999999999,0,0.0,0.0,0.0,0.0,0.0,0.0,0.04999999999999999,69.22,0.7688529326784166
18746260,2026-05-28 01:08:01+00:00,0.4649999999999999,0,0.0,0.0,0.0,0.0,0.0,0.0,0.04999999999999999,69.22,0.7688529326784166
18746260,2026-05-28 01:08:02+00:00,0.4649999999999999,0,0.0,0.0,0.0,0.0,0.0,0.0,0.04999999999999999,69.22,0.7688529326784166
18746260,2026-05-28 01:08:03+00:00,0.4649999999999999,0,0.0,0.0,0.0,0.0,0.0,0.0,0.04999999999999999,69.22,0.7688529326784166
18746260,2026-05-28 01:08:04+00:00,0.4649999999999999,0,0.0,0.0,0.0,0.0,0.0,0.0,0.04999999999999999,69.22,0.7688529326784166
18746260,2026-05-28 01:08:05+00:00,0.4649999999999999,0,0.0,0.0,0.0,0.0,0.0,0.0,0.04999999999999999,69.22,0.7688529326784166
18746260,2026-05-28 01:08:06+00:00,0.4649999999999999,0,0.0,0.0,0.0,0.0,0.0,0.0,0.04999999999999999,69.22,0.7688529326784166
18746260,2026-05-28 01:08:07+00:00,0.4649999999999999,0,0.0,0.0,0.0,0.0,0.0,0.0,0.04999999999999999,69.22,0.7688529326784166
18746260,2026-05-28 01:08:08+00:00,0.4649999999999999,0,0.0,0.0,0.0,0.0,0.0,0.0,0.04999999999999999,69.22,0.7688529326784166
18746260,2026-05-28 01:08:09+00:00,0.4649999999999999,0,0.0,0.0,0.0,0.0,0.0,0.0,0.04999999999999999,69.22,0.7688529326784166
18746260,2026-05-28 01:08:10+00:00,0.4649999999999999,0,0.0,0.0,0.0,0.0,0.0,0.0,0.04999999999999999,69.22,0.7688529326784166
18746260,2026-05-28 01:08:11+00:00,0.4649999999999999,0,0.0,0.0,0.0,0.0,0.0,0.0,0.04999999999999999,69.22,0.7688529326784166
18746260,2026-05-28 01:08:12+00:00,0.4649999999999999,0,0.0,0.0,0.0,0.0,0.0,0.0,0.04999999999999999,69.22,0.7688529326784166
18746260,2026-05-28 01:08:13+00:00,0.4649999999999999,0,0.0,0.0,0.0,0.0,0.0,0.0,0.04999999999999999,69.22,0.7688529326784166
18746260,2026-05-28 01:08:14+00:00,0.4649999999999999,0,0.0,0.0,0.0,0.0,0.0,0.0,0.04999999999999999,69.22,0.7688529326784166
18746260,2026-05-28 01:08:15+00:00,0.4649999999999999,0,0.0,0.0,0.0,0.0,0.0,0.0,0.04999999999999999,69.22,0.7688529326784166
18746260,2026-05-28 01:08:16+00:00,0.4649999999999999,0,0.0,0.0,0.0,0.0,0.0,0.0,0.04999999999999999,69.22,0.7688529326784166
18746260,2026-05-28 01:08:17+00:00,0.4649999999999999,0,0.0,0.0,0.0,0.0,0.0,0.0,0.04999999999999999,69.22,0.7688529326784166
18746260,2026-05-28 01:08:18+00:00,0.4649999999999999,0,0.0,0.0,0.0,0.0,0.0,0.0,0.04999999999999999,69.22,0.7688529326784166
18746260,2026-05-28 01:08:19+00:00,0.4649999999999999,0,0.0,0.0,0.0,0.0,0.0,0.0,0.04999999999999999,69.22,0.7688529326784166
18746260,2026-05-28 01:08:20+00:00,0.4649999999999999,0,0.0,0.0,0.0,0.0,0.0,0.0,0.04999999999999999,69.22,0.7688529326784166
18746260,2026-05-28 01:08:21+00:00,0.4649999999999999,0,0.0,0.0,0.0,0.0,0.0,0.0,0.04999999999999999,69.22,0.7688529326784166
18746260,2026-05-28 01:08:22+00:00,0.4649999999999999,0,0.0,0.0,0.0,0.0,0.0,0.0,0.04999999999999999,69.22,0.7688529326784166
18746260,2026-05-28 01:08:23+00:00,0.4649999999999999,0,0.0,0.0,0.0,0.0,0.0,0.0,0.04999999999999999,69.22,0.7688529326784166
18746260,2026-05-28 01:08:24+00:00,0.4649999999999999,0,0.0,0.0,0.0,0.0,0.0,0.0,0.04999999999999999,69.22,0.7688529326784166
18746260,2026-05-28 01:08:25+00:00,0.4649999999999999,0,0.0,0.0,0.0,0.0,0.0,0.0,0.04999999999999999,69.22,0.7688529326784166
18746260,2026-05-28 01:08:26+00:00,0.4649999999999999,0,0.0,0.0,0.0,0.0,0.0,0.0,0.04999999999999999,69.22,0.7688529326784166
18746260,2026-05-28 01:08:27+00:00,0.4649999999999999,0,0.0,0.0,0.0,0.0,0.0,0.0,0.04999999999999999,69.22,0.7688529326784166
18746260,2026-05-28 01:08:28+00:00,0.4649999999999999,0,0.0,0.0,0.0,0.0,0.0,0.0,0.04999999999999999,69.22,0.7688529326784166
18746260,2026-05-28 01:08:29+00:00,0.4649999999999999,0,0.0,0.0,0.0,0.0,0.0,0.0,0.04999999999999999,69.22,0.7688529326784166
18746260,2026-05-28 01:08:30+00:00,0.4649999999999999,0,0.0,0.0,0.0,0.0,0.0,0.0,0.04999999999999999,69.22,0.7688529326784166
18746260,2026-05-28 01:08:31+00:00,0.4649999999999999,0,0.0,0.0,0.0,0.0,0.0,0.0,0.04999999999999999,69.22,0.7688529326784166
18746260,2026-05-28 01:08:32+00:00,0.4649999999999999,0,0.0,0.0,0.0,0.0,0.0,0.0,0.04999999999999999,69.22,0.7688529326784166
18746260,2026-05-28 01:08:33+00:00,0.4649999999999999,0,0.0,0.0,0.0,0.0,0.0,0.0,0.04999999999999999,69.22,0.7688529326784166
18746260,2026-05-28 01:08:34+00:00,0.4649999999999999,0,0.0,0.0,0.0,0.0,0.0,0.0,0.04999999999999999,69.22,0.7688529326784166
18746260,2026-05-28 01:08:35+00:00,0.4649999999999999,0,0.0,0.0,0.0,0.0,0.0,0.0,0.04999999999999999,69.22,0.7688529326784166
18746260,2026-05-28 01:08:36+00:00,0.4649999999999999,0,0.0,0.0,0.0,0.0,0.0,0.0,0.04999999999999999,69.22,0.7688529326784166
18746260,2026-05-28 01:08:37+00:00,0.4649999999999999,0,0.0,0.0,0.0,0.0,0.0,0.0,0.04999999999999999,69.22,0.7688529326784166
18746260,2026-05-28 01:08:38+00:00,0.4649999999999999,0,0.0,0.0,0.0,0.0,0.0,0.0,0.04999999999999999,69.22,0.7688529326784166
18746260,2026-05-28 01:08:39+00:00,0.4649999999999999,0,0.0,0.0,0.0,0.0,0.0,0.0,0.04999999999999999,69.22,0.7688529326784166
18746260,2026-05-28 01:08:40+00:00,0.4649999999999999,0,0.0,0.0,0.0,0.0,0.0,0.0,0.04999999999999999,69.22,0.7688529326784166
18746260,2026-05-28 01:08:41+00:00,0.4649999999999999,0,0.0,0.0,0.0,0.0,0.0,0.0,0.04999999999999999,69.22,0.7688529326784166
18746260,2026-05-28 01:08:42+00:00,0.4649999999999999,0,0.0,0.0,0.0,0.0,0.0,0.0,0.04999999999999999,69.22,0.7688529326784166
18746260,2026-05-28 01:08:43+00:00,0.4649999999999999,0,0.0,0.0,0.0,0.0,0.0,0.0,0.04999999999999999,69.22,0.7688529326784166
18746260,2026-05-28 01:08:44+00:00,0.4649999999999999,0,0.0,0.0,0.0,0.0,0.0,0.0,0.04999999999999999,69.22,0.7688529326784166
18746260,2026-05-28 01:08:45+00:00,0.4649999999999999,0,0.0,0.0,0.0,0.0,0.0,0.0,0.04999999999999999,69.22,0.7688529326784166
18746260,2026-05-28 01:08:46+00:00,0.4649999999999999,0,0.0,0.0,0.0,0.0,0.0,0.0,0.04999999999999999,69.22,0.7688529326784166
18746260,2026-05-28 01:08:47+00:00,0.4649999999999999,0,0.0,0.0,0.0,0.0,0.0,0.0,0.04999999999999999,69.22,0.7688529326784166
18746260,2026-05-28 01:08:48+00:00,0.4649999999999999,0,0.0,0.0,0.0,0.0,0.0,0.0,0.04999999999999999,69.22,0.7688529326784166
18746260,2026-05-28 01:08:49+00:00,0.4649999999999999,0,0.0,0.0,0.0,0.0,0.0,0.0,0.04999999999999999,69.22,0.7688529326784166
18746260,2026-05-28 01:08:50+00:00,0.4649999999999999,0,0.0,0.0,0.0,0.0,0.0,0.0,0.04999999999999999,69.22,0.7688529326784166
18746260,2026-05-28 01:08:51+00:00,0.4649999999999999,0,0.0,0.0,0.0,0.0,0.0,0.0,0.04999999999999999,69.22,0.7688529326784166
18746260,2026-05-28 01:08:52+00:00,0.4649999999999999,0,0.0,0.0,0.0,0.0,0.0,0.0,0.04999999999999999,69.22,0.7688529326784166
18746260,2026-05-28 01:08:53+00:00,0.4649999999999999,0,0.0,0.0,0.0,0.0,0.0,0.0,0.04999999999999999,69.22,0.7688529326784166
18746260,2026-05-28 01:08:54+00:00,0.4649999999999999,0,0.0,0.0,0.0,0.0,0.0,0.0,0.04999999999999999,69.22,0.7688529326784166
18746260,2026-05-28 01:08:55+00:00,0.4649999999999999,0,0.0,0.0,0.0,0.0,0.0,0.0,0.04999999999999999,69.22,0.7688529326784166
18746260,2026-05-28 01:08:56+00:00,0.4649999999999999,0,0.0,0.0,0.0,0.0,0.0,0.0,0.04999999999999999,69.22,0.7688529326784166
18746260,2026-05-28 01:08:57+00:00,0.4649999999999999,0,0.0,0.0,0.0,0.0,0.0,0.0,0.04999999999999999,69.22,0.7688529326784166
18746260,2026-05-28 01:08:58+00:00,0.4649999999999999,0,0.0,0.0,0.0,0.0,0.0,0.0,0.04999999999999999,69.22,0.7688529326784166
18746260,2026-05-28 01:08:59+00:00,0.4649999999999999,0,0.0,0.0,0.0,0.0,0.0,0.0,0.04999999999999999,69.22,0.7688529326784166
18746260,2026-05-28 01:09:00+00:00,0.4649999999999999,0,0.0,0.0,0.0,0.0,0.0,0.0,0.04999999999999999,69.22,0.7688529326784166
18746260,2026-05-28 01:09:01+00:00,0.4649999999999999,0,0.0,0.0,0.0,0.0,0.0,0.0,0.04999999999999999,69.22,0.7688529326784166
18746260,2026-05-28 01:09:02+00:00,0.4649999999999999,0,0.0,0.0,0.0,0.0,0.0,0.0,0.04999999999999999,69.22,0.7688529326784166
18746260,2026-05-28 01:09:03+00:00,0.4649999999999999,0,0.0,0.0,0.0,0.0,0.0,0.0,0.04999999999999999,69.22,0.7688529326784166
18746260,2026-05-28 01:09:04+00:00,0.4649999999999999,0,0.0,0.0,0.0,0.0,0.0,0.0,0.04999999999999999,69.22,0.7688529326784166
18746260,2026-05-28 01:09:05+00:00,0.4649999999999999,0,0.0,0.0,0.0,0.0,0.0,0.0,0.04999999999999999,69.22,0.7688529326784166
18746260,2026-05-28 01:09:06+00:00,0.4649999999999999,0,0.0,0.0,0.0,0.0,0.0,0.0,0.04999999999999999,69.22,0.7688529326784166
18746260,2026-05-28 01:09:07+00:00,0.4649999999999999,0,0.0,0.0,0.0,0.0,0.0,0.0,0.04999999999999999,69.22,0.7688529326784166
18746260,2026-05-28 01:09:08+00:00,0.4649999999999999,0,0.0,0.0,0.0,0.0,0.0,0.0,0.04999999999999999,69.22,0.7688529326784166
18746260,2026-05-28 01:09:09+00:00,0.4649999999999999,0,0.0,0.0,0.0,0.0,0.0,0.0,0.04999999999999999,69.22,0.7688529326784166
18746260,2026-05-28 01:09:10+00:00,0.4649999999999999,0,0.0,0.0,0.0,0.0,0.0,0.0,0.04999999999999999,69.22,0.7688529326784166
18746260,2026-05-28 01:09:11+00:00,0.4649999999999999,0,0.0,0.0,0.0,0.0,0.0,0.0,0.04999999999999999,69.22,0.7688529326784166
18746260,2026-05-28 01:09:12+00:00,0.4649999999999999,0,0.0,0.0,0.0,0.0,0.0,0.0,0.04999999999999999,69.22,0.7688529326784166
18746260,2026-05-28 01:09:13+00:00,0.4649999999999999,0,0.0,0.0,0.0,0.0,0.0,0.0,0.04999999999999999,69.22,0.7688529326784166
18746260,2026-05-28 01:09:14+00:00,0.4649999999999999,0,0.0,0.0,0.0,0.0,0.0,0.0,0.04999999999999999,69.22,0.7688529326784166
18746260,2026-05-28 01:09:15+00:00,0.4649999999999999,0,0.0,0.0,0.0,0.0,0.0,0.0,0.04999999999999999,69.22,0.7688529326784166
18746260,2026-05-28 01:09:16+00:00,0.4649999999999999,0,0.0,0.0,0.0,0.0,0.0,0.0,0.04999999999999999,69.22,0.7688529326784166
18746260,2026-05-28 01:09:17+00:00,0.4649999999999999,0,0.0,0.0,0.0,0.0,0.0,0.0,0.04999999999999999,69.22,0.7688529326784166
18746260,2026-05-28 01:09:18+00:00,0.4649999999999999,0,0.0,0.0,0.0,0.0,0.0,0.0,0.04999999999999999,69.22,0.7688529326784166
18746260,2026-05-28 01:09:19+00:00,0.4649999999999999,0,0.0,0.0,0.0,0.0,0.0,0.0,0.04999999999999999,69.22,0.7688529326784166
18746260,2026-05-28 01:09:20+00:00,0.4649999999999999,0,0.0,0.0,0.0,0.0,0.0,0.0,0.04999999999999999,69.22,0.7688529326784166
18746260,2026-05-28 01:09:21+00:00,0.4649999999999999,0,0.0,0.0,0.0,0.0,0.0,0.0,0.04999999999999999,69.22,0.7688529326784166
18746260,2026-05-28 01:09:22+00:00,0.4649999999999999,0,0.0,0.0,0.0,0.0,0.0,0.0,0.04999999999999999,69.22,0.7688529326784166
18746260,2026-05-28 01:09:23+00:00,0.4649999999999999,0,0.0,0.0,0.0,0.0,0.0,0.0,0.04999999999999999,69.22,0.7688529326784166
18746260,2026-05-28 01:09:24+00:00,0.4649999999999999,0,0.0,0.0,0.0,0.0,0.0,0.0,0.04999999999999999,69.22,0.7688529326784166
18746260,2026-05-28 01:09:25+00:00,0.4649999999999999,0,0.0,0.0,0.0,0.0,0.0,0.0,0.04999999999999999,69.22,0.7688529326784166
18746260,2026-05-28 01:09:26+00:00,0.4649999999999999,0,0.0,0.0,0.0,0.0,0.0,0.0,0.04999999999999999,69.22,0.7688529326784166
18746260,2026-05-28 01:09:27+00:00,0.4649999999999999,0,0.0,0.0,0.0,0.0,0.0,0.0,0.04999999999999999,69.22,0.7688529326784166
18746260,2026-05-28 01:09:28+00:00,0.4649999999999999,0,0.0,0.0,0.0,0.0,0.0,0.0,0.04999999999999999,69.22,0.7688529326784166
18746260,2026-05-28 01:09:29+00:00,0.4649999999999999,0,0.0,0.0,0.0,0.0,0.0,0.0,0.04999999999999999,69.22,0.7688529326784166
18746260,2026-05-28 01:09:30+00:00,0.4649999999999999,0,0.0,0.0,0.0,0.0,0.0,0.0,0.04999999999999999,69.22,0.7688529326784166
18746260,2026-05-28 01:09:31+00:00,0.4649999999999999,0,0.0,0.0,0.0,0.0,0.0,0.0,0.04999999999999999,69.22,0.7688529326784166
18746260,2026-05-28 01:09:32+00:00,0.4649999999999999,0,0.0,0.0,0.0,0.0,0.0,0.0,0.04999999999999999,69.22,0.7688529326784166
18746260,2026-05-28 01:09:33+00:00,0.4649999999999999,0,0.0,0.0,0.0,0.0,0.0,0.0,0.04999999999999999,69.22,0.7688529326784166
18746260,2026-05-28 01:09:34+00:00,0.4649999999999999,0,0.0,0.0,0.0,0.0,0.0,0.0,0.04999999999999999,69.22,0.7688529326784166
18746260,2026-05-28 01:09:35+00:00,0.4649999999999999,0,0.0,0.0,0.0,0.0,0.0,0.0,0.04999999999999999,69.22,0.7688529326784166
18746260,2026-05-28 01:09:36+00:00,0.4649999999999999,0,0.0,0.0,0.0,0.0,0.0,0.0,0.04999999999999999,69.22,0.7688529326784166
18746260,2026-05-28 01:09:37+00:00,0.4649999999999999,0,0.0,0.0,0.0,0.0,0.0,0.0,0.04999999999999999,69.22,0.7688529326784166
18746260,2026-05-28 01:09:38+00:00,0.4649999999999999,0,0.0,0.0,0.0,0.0,0.0,0.0,0.04999999999999999,69.22,0.7688529326784166
18746260,2026-05-28 01:09:39+00:00,0.4649999999999999,0,0.0,0.0,0.0,0.0,0.0,0.0,0.04999999999999999,69.22,0.7688529326784166
18746260,2026-05-28 01:09:40+00:00,0.4649999999999999,0,0.0,0.0,0.0,0.0,0.0,0.0,0.04999999999999999,69.22,0.7688529326784166
18746260,2026-05-28 01:09:41+00:00,0.4649999999999999,0,0.0,0.0,0.0,0.0,0.0,0.0,0.04999999999999999,69.22,0.7688529326784166
18746260,2026-05-28 01:09:42+00:00,0.4649999999999999,0,0.0,0.0,0.0,0.0,0.0,0.0,0.04999999999999999,69.22,0.7688529326784166
18746260,2026-05-28 01:09:43+00:00,0.4649999999999999,0,0.0,0.0,0.0,0.0,0.0,0.0,0.04999999999999999,69.22,0.7688529326784166
18746260,2026-05-28 01:09:44+00:00,0.4649999999999999,0,0.0,0.0,0.0,0.0,0.0,0.0,0.04999999999999999,69.22,0.7688529326784166
18746260,2026-05-28 01:09:45+00:00,0.4649999999999999,0,0.0,0.0,0.0,0.0,0.0,0.0,0.04999999999999999,69.22,0.7688529326784166
18746260,2026-05-28 01:09:46+00:00,0.4649999999999999,0,0.0,0.0,0.0,0.0,0.0,0.0,0.04999999999999999,69.22,0.7688529326784166
18746260,2026-05-28 01:09:47+00:00,0.4649999999999999,0,0.0,0.0,0.0,0.0,0.0,0.0,0.04999999999999999,69.22,0.7688529326784166
18746260,2026-05-28 01:09:48+00:00,0.4649999999999999,0,0.0,0.0,0.0,0.0,0.0,0.0,0.04999999999999999,69.22,0.7688529326784166
18746260,2026-05-28 01:09:49+00:00,0.4649999999999999,0,0.0,0.0,0.0,0.0,0.0,0.0,0.04999999999999999,69.22,0.7688529326784166
18746260,2026-05-28 01:09:50+00:00,0.4649999999999999,0,0.0,0.0,0.0,0.0,0.0,0.0,0.04999999999999999,69.22,0.7688529326784166
18746260,2026-05-28 01:09:51+00:00,0.4649999999999999,0,0.0,0.0,0.0,0.0,0.0,0.0,0.04999999999999999,69.22,0.7688529326784166
18746260,2026-05-28 01:09:52+00:00,0.4649999999999999,0,0.0,0.0,0.0,0.0,0.0,0.0,0.04999999999999999,69.22,0.7688529326784166
18746260,2026-05-28 01:09:53+00:00,0.4649999999999999,0,0.0,0.0,0.0,0.0,0.0,0.0,0.04999999999999999,69.22,0.7688529326784166
18746260,2026-05-28 01:09:54+00:00,0.4649999999999999,0,0.0,0.0,0.0,0.0,0.0,0.0,0.04999999999999999,69.22,0.7688529326784166
18746260,2026-05-28 01:09:55+00:00,0.4649999999999999,0,0.0,0.0,0.0,0.0,0.0,0.0,0.04999999999999999,69.22,0.7688529326784166
18746260,2026-05-28 01:09:56+00:00,0.4649999999999999,0,0.0,0.0,0.0,0.0,0.0,0.0,0.04999999999999999,69.22,0.7688529326784166
18746260,2026-05-28 01:09:57+00:00,0.4649999999999999,0,0.0,0.0,0.0,0.0,0.0,0.0,0.04999999999999999,69.22,0.7688529326784166
18746260,2026-05-28 01:09:58+00:00,0.4649999999999999,0,0.0,0.0,0.0,0.0,0.0,0.0,0.04999999999999999,69.22,0.7688529326784166
18746260,2026-05-28 01:09:59+00:00,0.4649999999999999,0,0.0,0.0,0.0,0.0,0.0,0.0,0.04999999999999999,69.22,0.7688529326784166
18746260,2026-05-28 01:10:00+00:00,0.4649999999999999,0,0.0,0.0,0.0,0.0,0.0,0.0,0.04999999999999999,69.22,0.7688529326784166
18746260,2026-05-28 01:10:01+00:00,0.4649999999999999,0,0.0,0.0,0.0,0.0,0.0,0.0,0.04999999999999999,69.22,0.7688529326784166
18746260,2026-05-28 01:10:02+00:00,0.4649999999999999,0,0.0,0.0,0.0,0.0,0.0,0.0,0.04999999999999999,69.22,0.7688529326784166
18746260,2026-05-28 01:10:03+00:00,0.4649999999999999,0,0.0,0.0,0.0,0.0,0.0,0.0,0.04999999999999999,69.22,0.7688529326784166
18746260,2026-05-28 01:10:04+00:00,0.4649999999999999,0,0.0,0.0,0.0,0.0,0.0,0.0,0.04999999999999999,69.22,0.7688529326784166
18746260,2026-05-28 01:10:05+00:00,0.4649999999999999,0,0.0,0.0,0.0,0.0,0.0,0.0,0.04999999999999999,69.22,0.7688529326784166
18746260,2026-05-28 01:10:06+00:00,0.4649999999999999,0,0.0,0.0,0.0,0.0,0.0,0.0,0.04999999999999999,69.22,0.7688529326784166
18746260,2026-05-28 01:10:07+00:00,0.4649999999999999,0,0.0,0.0,0.0,0.0,0.0,0.0,0.04999999999999999,69.22,0.7688529326784166
18746260,2026-05-28 01:10:08+00:00,0.4649999999999999,0,0.0,0.0,0.0,0.0,0.0,0.0,0.04999999999999999,69.22,0.7688529326784166
18746260,2026-05-28 01:10:09+00:00,0.4649999999999999,0,0.0,0.0,0.0,0.0,0.0,0.0,0.04999999999999999,69.22,0.7688529326784166
18746260,2026-05-28 01:10:10+00:00,0.4649999999999999,0,0.0,0.0,0.0,0.0,0.0,0.0,0.04999999999999999,69.22,0.7688529326784166
18746260,2026-05-28 01:10:11+00:00,0.4649999999999999,0,0.0,0.0,0.0,0.0,0.0,0.0,0.04999999999999999,69.22,0.7688529326784166
18746260,2026-05-28 01:10:12+00:00,0.4649999999999999,0,0.0,0.0,0.0,0.0,0.0,0.0,0.04999999999999999,69.22,0.7688529326784166
18746260,2026-05-28 01:10:13+00:00,0.4649999999999999,0,0.0,0.0,0.0,0.0,0.0,0.0,0.04999999999999999,69.22,0.7688529326784166
18746260,2026-05-28 01:10:14+00:00,0.4649999999999999,0,0.0,0.0,0.0,0.0,0.0,0.0,0.04999999999999999,69.22,0.7688529326784166
18746260,2026-05-28 01:10:15+00:00,0.4649999999999999,0,0.0,0.0,0.0,0.0,0.0,0.0,0.04999999999999999,69.22,0.7688529326784166
18746260,2026-05-28 01:10:16+00:00,0.4649999999999999,0,0.0,0.0,0.0,0.0,0.0,0.0,0.04999999999999999,69.22,0.7688529326784166
18746260,2026-05-28 01:10:17+00:00,0.4649999999999999,0,0.0,0.0,0.0,0.0,0.0,0.0,0.04999999999999999,69.22,0.7688529326784166
18746260,2026-05-28 01:10:18+00:00,0.4649999999999999,0,0.0,0.0,0.0,0.0,0.0,0.0,0.04999999999999999,69.22,0.7688529326784166
18746260,2026-05-28 01:10:19+00:00,0.4649999999999999,0,0.0,0.0,0.0,0.0,0.0,0.0,0.04999999999999999,69.22,0.7688529326784166
18746260,2026-05-28 01:10:20+00:00,0.4649999999999999,0,0.0,0.0,0.0,0.0,0.0,0.0,0.04999999999999999,69.22,0.7688529326784166
18746260,2026-05-28 01:10:21+00:00,0.4649999999999999,0,0.0,0.0,0.0,0.0,0.0,0.0,0.04999999999999999,69.22,0.7688529326784166
18746260,2026-05-28 01:10:22+00:00,0.4649999999999999,0,0.0,0.0,0.0,0.0,0.0,0.0,0.04999999999999999,69.22,0.7688529326784166
18746260,2026-05-28 01:10:23+00:00,0.4649999999999999,0,0.0,0.0,0.0,0.0,0.0,0.0,0.04999999999999999,69.22,0.7688529326784166
18746260,2026-05-28 01:10:24+00:00,0.4649999999999999,0,0.0,0.0,0.0,0.0,0.0,0.0,0.04999999999999999,69.22,0.7688529326784166
18746260,2026-05-28 01:10:25+00:00,0.4649999999999999,0,0.0,0.0,0.0,0.0,0.0,0.0,0.04999999999999999,69.22,0.7688529326784166
18746260,2026-05-28 01:10:26+00:00,0.4649999999999999,0,0.0,0.0,0.0,0.0,0.0,0.0,0.04999999999999999,69.22,0.7688529326784166
18746260,2026-05-28 01:10:27+00:00,0.4649999999999999,0,0.0,0.0,0.0,0.0,0.0,0.0,0.04999999999999999,69.22,0.7688529326784166
18746260,2026-05-28 01:10:28+00:00,0.4649999999999999,0,0.0,0.0,0.0,0.0,0.0,0.0,0.04999999999999999,69.22,0.7688529326784166
18746260,2026-05-28 01:10:29+00:00,0.4649999999999999,0,0.0,0.0,0.0,0.0,0.0,0.0,0.04999999999999999,69.22,0.7688529326784166
18746260,2026-05-28 01:10:30+00:00,0.4649999999999999,0,0.0,0.0,0.0,0.0,0.0,0.0,0.04999999999999999,69.22,0.7688529326784166
18746260,2026-05-28 01:10:31+00:00,0.4649999999999999,0,0.0,0.0,0.0,0.0,0.0,0.0,0.04999999999999999,69.22,0.7688529326784166
18746260,2026-05-28 01:10:32+00:00,0.4649999999999999,0,0.0,0.0,0.0,0.0,0.0,0.0,0.04999999999999999,69.22,0.7688529326784166
18746260,2026-05-28 01:10:33+00:00,0.4649999999999999,0,0.0,0.0,0.0,0.0,0.0,0.0,0.04999999999999999,69.22,0.7688529326784166
18746260,2026-05-28 01:10:34+00:00,0.4649999999999999,0,0.0,0.0,0.0,0.0,0.0,0.0,0.04999999999999999,69.22,0.7688529326784166
18746260,2026-05-28 01:10:35+00:00,0.4649999999999999,0,0.0,0.0,0.0,0.0,0.0,0.0,0.04999999999999999,69.22,0.7688529326784166
18746260,2026-05-28 01:10:36+00:00,0.4649999999999999,0,0.0,0.0,0.0,0.0,0.0,0.0,0.04999999999999999,69.22,0.7688529326784166
18746260,2026-05-28 01:10:37+00:00,0.4649999999999999,0,0.0,0.0,0.0,0.0,0.0,0.0,0.04999999999999999,69.22,0.7688529326784166
18746260,2026-05-28 01:10:38+00:00,0.4649999999999999,0,0.0,0.0,0.0,0.0,0.0,0.0,0.04999999999999999,69.22,0.7688529326784166
18746260,2026-05-28 01:10:39+00:00,0.4649999999999999,0,0.0,0.0,0.0,0.0,0.0,0.0,0.04999999999999999,69.22,0.7688529326784166
18746260,2026-05-28 01:10:40+00:00,0.4649999999999999,0,0.0,0.0,0.0,0.0,0.0,0.0,0.04999999999999999,69.22,0.7688529326784166
18746260,2026-05-28 01:10:41+00:00,0.4649999999999999,0,0.0,0.0,0.0,0.0,0.0,0.0,0.04999999999999999,69.22,0.7688529326784166
18746260,2026-05-28 01:10:42+00:00,0.4649999999999999,0,0.0,0.0,0.0,0.0,0.0,0.0,0.04999999999999999,69.22,0.7688529326784166
18746260,2026-05-28 01:10:43+00:00,0.4649999999999999,0,0.0,0.0,0.0,0.0,0.0,0.0,0.04999999999999999,69.22,0.7688529326784166
18746260,2026-05-28 01:10:44+00:00,0.4649999999999999,0,0.0,0.0,0.0,0.0,0.0,0.0,0.04999999999999999,69.22,0.7688529326784166
18746260,2026-05-28 01:10:45+00:00,0.4649999999999999,0,0.0,0.0,0.0,0.0,0.0,0.0,0.04999999999999999,69.22,0.7688529326784166
18746260,2026-05-28 01:10:46+00:00,0.4649999999999999,0,0.0,0.0,0.0,0.0,0.0,0.0,0.04999999999999999,69.22,0.7688529326784166
18746260,2026-05-28 01:10:47+00:00,0.4649999999999999,0,0.0,0.0,0.0,0.0,0.0,0.0,0.04999999999999999,69.22,0.7688529326784166
18746260,2026-05-28 01:10:48+00:00,0.4649999999999999,0,0.0,0.0,0.0,0.0,0.0,0.0,0.04999999999999999,69.22,0.7688529326784166
18746260,2026-05-28 01:10:49+00:00,0.4649999999999999,0,0.0,0.0,0.0,0.0,0.0,0.0,0.04999999999999999,69.22,0.7688529326784166
18746260,2026-05-28 01:10:50+00:00,0.4649999999999999,0,0.0,0.0,0.0,0.0,0.0,0.0,0.04999999999999999,69.22,0.7688529326784166
18746260,2026-05-28 01:10:51+00:00,0.4649999999999999,0,0.0,0.0,0.0,0.0,0.0,0.0,0.04999999999999999,69.22,0.7688529326784166
18746260,2026-05-28 01:10:52+00:00,0.4649999999999999,0,0.0,0.0,0.0,0.0,0.0,0.0,0.04999999999999999,69.22,0.7688529326784166
18746260,2026-05-28 01:10:53+00:00,0.4649999999999999,0,0.0,0.0,0.0,0.0,0.0,0.0,0.04999999999999999,69.22,0.7688529326784166
18746260,2026-05-28 01:10:54+00:00,0.4649999999999999,0,0.0,0.0,0.0,0.0,0.0,0.0,0.04999999999999999,69.22,0.7688529326784166
18746260,2026-05-28 01:10:55+00:00,0.4649999999999999,0,0.0,0.0,0.0,0.0,0.0,0.0,0.04999999999999999,69.22,0.7688529326784166
18746260,2026-05-28 01:10:56+00:00,0.4649999999999999,0,0.0,0.0,0.0,0.0,0.0,0.0,0.04999999999999999,69.22,0.7688529326784166
18746260,2026-05-28 01:10:57+00:00,0.4649999999999999,0,0.0,0.0,0.0,0.0,0.0,0.0,0.04999999999999999,69.22,0.7688529326784166
18746260,2026-05-28 01:10:58+00:00,0.4649999999999999,0,0.0,0.0,0.0,0.0,0.0,0.0,0.04999999999999999,69.22,0.7688529326784166
18746260,2026-05-28 01:10:59+00:00,0.4649999999999999,0,0.0,0.0,0.0,0.0,0.0,0.0,0.04999999999999999,69.22,0.7688529326784166
18746260,2026-05-28 01:11:00+00:00,0.4649999999999999,0,0.0,0.0,0.0,0.0,0.0,0.0,0.04999999999999999,69.22,0.7688529326784166
18746260,2026-05-28 01:11:01+00:00,0.4649999999999999,0,0.0,0.0,0.0,0.0,0.0,0.0,0.04999999999999999,69.22,0.7688529326784166
18746260,2026-05-28 01:11:02+00:00,0.4649999999999999,0,0.0,0.0,0.0,0.0,0.0,0.0,0.04999999999999999,69.22,0.7688529326784166
18746260,2026-05-28 01:11:03+00:00,0.4649999999999999,0,0.0,0.0,0.0,0.0,0.0,0.0,0.04999999999999999,69.22,0.7688529326784166
18746260,2026-05-28 01:11:04+00:00,0.4649999999999999,0,0.0,0.0,0.0,0.0,0.0,0.0,0.04999999999999999,69.22,0.7688529326784166
18746260,2026-05-28 01:11:05+00:00,0.4649999999999999,0,0.0,0.0,0.0,0.0,0.0,0.0,0.04999999999999999,69.22,0.7688529326784166
18746260,2026-05-28 01:11:06+00:00,0.4649999999999999,0,0.0,0.0,0.0,0.0,0.0,0.0,0.04999999999999999,69.22,0.7688529326784166
18746260,2026-05-28 01:11:07+00:00,0.4649999999999999,0,0.0,0.0,0.0,0.0,0.0,0.0,0.04999999999999999,69.22,0.7688529326784166
18746260,2026-05-28 01:11:08+00:00,0.4649999999999999,0,0.0,0.0,0.0,0.0,0.0,0.0,0.04999999999999999,69.22,0.7688529326784166
18746260,2026-05-28 01:11:09+00:00,0.4649999999999999,0,0.0,0.0,0.0,0.0,0.0,0.0,0.04999999999999999,69.22,0.7688529326784166
18746260,2026-05-28 01:11:10+00:00,0.4649999999999999,0,0.0,0.0,0.0,0.0,0.0,0.0,0.04999999999999999,69.22,0.7688529326784166
18746260,2026-05-28 01:11:11+00:00,0.4649999999999999,0,0.0,0.0,0.0,0.0,0.0,0.0,0.04999999999999999,69.22,0.7688529326784166
18746260,2026-05-28 01:11:12+00:00,0.4649999999999999,0,0.0,0.0,0.0,0.0,0.0,0.0,0.04999999999999999,69.22,0.7688529326784166
18746260,2026-05-28 01:11:13+00:00,0.4649999999999999,0,0.0,0.0,0.0,0.0,0.0,0.0,0.04999999999999999,69.22,0.7688529326784166
18746260,2026-05-28 01:11:14+00:00,0.4649999999999999,0,0.0,0.0,0.0,0.0,0.0,0.0,0.04999999999999999,69.22,0.7688529326784166
18746260,2026-05-28 01:11:15+00:00,0.4649999999999999,0,0.0,0.0,0.0,0.0,0.0,0.0,0.04999999999999999,69.22,0.7688529326784166
18746260,2026-05-28 01:11:16+00:00,0.4649999999999999,0,0.0,0.0,0.0,0.0,0.0,0.0,0.04999999999999999,69.22,0.7688529326784166
18746260,2026-05-28 01:11:17+00:00,0.4649999999999999,0,0.0,0.0,0.0,0.0,0.0,0.0,0.04999999999999999,69.22,0.7688529326784166
18746260,2026-05-28 01:11:18+00:00,0.4649999999999999,0,0.0,0.0,0.0,0.0,0.0,0.0,0.04999999999999999,69.22,0.7688529326784166
18746260,2026-05-28 01:11:19+00:00,0.4649999999999999,0,0.0,0.0,0.0,0.0,0.0,0.0,0.04999999999999999,69.22,0.7688529326784166
18746260,2026-05-28 01:11:20+00:00,0.4649999999999999,0,0.0,0.0,0.0,0.0,0.0,0.0,0.04999999999999999,69.22,0.7688529326784166
18746260,2026-05-28 01:11:21+00:00,0.4649999999999999,0,0.0,0.0,0.0,0.0,0.0,0.0,0.04999999999999999,69.22,0.7688529326784166
18746260,2026-05-28 01:11:22+00:00,0.4649999999999999,0,0.0,0.0,0.0,0.0,0.0,0.0,0.04999999999999999,69.22,0.7688529326784166
18746260,2026-05-28 01:11:23+00:00,0.4649999999999999,0,0.0,0.0,0.0,0.0,0.0,0.0,0.04999999999999999,69.22,0.7688529326784166
18746260,2026-05-28 01:11:24+00:00,0.4649999999999999,0,0.0,0.0,0.0,0.0,0.0,0.0,0.04999999999999999,69.22,0.7688529326784166
18746260,2026-05-28 01:11:25+00:00,0.4649999999999999,0,0.0,0.0,0.0,0.0,0.0,0.0,0.04999999999999999,69.22,0.7688529326784166
18746260,2026-05-28 01:11:26+00:00,0.4649999999999999,0,0.0,0.0,0.0,0.0,0.0,0.0,0.04999999999999999,69.22,0.7688529326784166
18746260,2026-05-28 01:11:27+00:00,0.4649999999999999,0,0.0,0.0,0.0,0.0,0.0,0.0,0.04999999999999999,69.22,0.7688529326784166
18746260,2026-05-28 01:11:28+00:00,0.4649999999999999,0,0.0,0.0,0.0,0.0,0.0,0.0,0.04999999999999999,69.22,0.7688529326784166
18746260,2026-05-28 01:11:29+00:00,0.4649999999999999,0,0.0,0.0,0.0,0.0,0.0,0.0,0.04999999999999999,69.22,0.7688529326784166
18746260,2026-05-28 01:11:30+00:00,0.4649999999999999,0,0.0,0.0,0.0,0.0,0.0,0.0,0.04999999999999999,69.22,0.7688529326784166
18746260,2026-05-28 01:11:31+00:00,0.4649999999999999,0,0.0,0.0,0.0,0.0,0.0,0.0,0.04999999999999999,69.22,0.7688529326784166
18746260,2026-05-28 01:11:32+00:00,0.4649999999999999,0,0.0,0.0,0.0,0.0,0.0,0.0,0.04999999999999999,69.22,0.7688529326784166
18746260,2026-05-28 01:11:33+00:00,0.4649999999999999,0,0.0,0.0,0.0,0.0,0.0,0.0,0.04999999999999999,69.22,0.7688529326784166
18746260,2026-05-28 01:11:34+00:00,0.4649999999999999,0,0.0,0.0,0.0,0.0,0.0,0.0,0.04999999999999999,69.22,0.7688529326784166
18746260,2026-05-28 01:11:35+00:00,0.4649999999999999,0,0.0,0.0,0.0,0.0,0.0,0.0,0.04999999999999999,69.22,0.7688529326784166
18746260,2026-05-28 01:11:36+00:00,0.4649999999999999,0,0.0,0.0,0.0,0.0,0.0,0.0,0.04999999999999999,69.22,0.7688529326784166
18746260,2026-05-28 01:11:37+00:00,0.4649999999999999,0,0.0,0.0,0.0,0.0,0.0,0.0,0.04999999999999999,69.22,0.7688529326784166
18746260,2026-05-28 01:11:38+00:00,0.4649999999999999,0,0.0,0.0,0.0,0.0,0.0,0.0,0.04999999999999999,69.22,0.7688529326784166
18746260,2026-05-28 01:11:39+00:00,0.4649999999999999,0,0.0,0.0,0.0,0.0,0.0,0.0,0.04999999999999999,69.22,0.7688529326784166
18746260,2026-05-28 01:11:40+00:00,0.4649999999999999,0,0.0,0.0,0.0,0.0,0.0,0.0,0.04999999999999999,69.22,0.7688529326784166
18746260,2026-05-28 01:11:41+00:00,0.4649999999999999,0,0.0,0.0,0.0,0.0,0.0,0.0,0.04999999999999999,69.22,0.7688529326784166
18746260,2026-05-28 01:11:42+00:00,0.4649999999999999,0,0.0,0.0,0.0,0.0,0.0,0.0,0.04999999999999999,69.22,0.7688529326784166
18746260,2026-05-28 01:11:43+00:00,0.4649999999999999,0,0.0,0.0,0.0,0.0,0.0,0.0,0.04999999999999999,69.22,0.7688529326784166
18746260,2026-05-28 01:11:44+00:00,0.4649999999999999,0,0.0,0.0,0.0,0.0,0.0,0.0,0.04999999999999999,69.22,0.7688529326784166
18746260,2026-05-28 01:11:45+00:00,0.4649999999999999,0,0.0,0.0,0.0,0.0,0.0,0.0,0.04999999999999999,69.22,0.7688529326784166
18746260,2026-05-28 01:11:46+00:00,0.4649999999999999,0,0.0,0.0,0.0,0.0,0.0,0.0,0.04999999999999999,69.22,0.7688529326784166
18746260,2026-05-28 01:11:47+00:00,0.4649999999999999,0,0.0,0.0,0.0,0.0,0.0,0.0,0.04999999999999999,69.22,0.7688529326784166
18746260,2026-05-28 01:11:48+00:00,0.4649999999999999,0,0.0,0.0,0.0,0.0,0.0,0.0,0.04999999999999999,69.22,0.7688529326784166
18746260,2026-05-28 01:11:49+00:00,0.4649999999999999,0,0.0,0.0,0.0,0.0,0.0,0.0,0.04999999999999999,69.22,0.7688529326784166
18746260,2026-05-28 01:11:50+00:00,0.4649999999999999,0,0.0,0.0,0.0,0.0,0.0,0.0,0.04999999999999999,69.22,0.7688529326784166
18746260,2026-05-28 01:11:51+00:00,0.4649999999999999,0,0.0,0.0,0.0,0.0,0.0,0.0,0.04999999999999999,69.22,0.7688529326784166
18746260,2026-05-28 01:11:52+00:00,0.4649999999999999,0,0.0,0.0,0.0,0.0,0.0,0.0,0.04999999999999999,69.22,0.7688529326784166
18746260,2026-05-28 01:11:53+00:00,0.4649999999999999,0,0.0,0.0,0.0,0.0,0.0,0.0,0.04999999999999999,69.22,0.7688529326784166
18746260,2026-05-28 01:11:54+00:00,0.4649999999999999,0,0.0,0.0,0.0,0.0,0.0,0.0,0.04999999999999999,69.22,0.7688529326784166
18746260,2026-05-28 01:11:55+00:00,0.4649999999999999,0,0.0,0.0,0.0,0.0,0.0,0.0,0.04999999999999999,69.22,0.7688529326784166
18746260,2026-05-28 01:11:56+00:00,0.4649999999999999,0,0.0,0.0,0.0,0.0,0.0,0.0,0.04999999999999999,69.22,0.7688529326784166
18746260,2026-05-28 01:11:57+00:00,0.4649999999999999,0,0.0,0.0,0.0,0.0,0.0,0.0,0.04999999999999999,69.22,0.7688529326784166
18746260,2026-05-28 01:11:58+00:00,0.4649999999999999,0,0.0,0.0,0.0,0.0,0.0,0.0,0.04999999999999999,69.22,0.7688529326784166
18746260,2026-05-28 01:11:59+00:00,0.4649999999999999,0,0.0,0.0,0.0,0.0,0.0,0.0,0.04999999999999999,69.22,0.7688529326784166
18746260,2026-05-28 01:12:00+00:00,0.4649999999999999,0,0.0,0.0,0.0,0.0,0.0,0.0,0.04999999999999999,69.22,0.7688529326784166
18746260,2026-05-28 01:12:01+00:00,0.4649999999999999,0,0.0,0.0,0.0,0.0,0.0,0.0,0.04999999999999999,69.22,0.7688529326784166
18746260,2026-05-28 01:12:02+00:00,0.4649999999999999,0,0.0,0.0,0.0,0.0,0.0,0.0,0.04999999999999999,69.22,0.7688529326784166
18746260,2026-05-28 01:12:03+00:00,0.4649999999999999,0,0.0,0.0,0.0,0.0,0.0,0.0,0.04999999999999999,69.22,0.7688529326784166
18746260,2026-05-28 01:12:04+00:00,0.4649999999999999,0,0.0,0.0,0.0,0.0,0.0,0.0,0.04999999999999999,69.22,0.7688529326784166
18746260,2026-05-28 01:12:05+00:00,0.4649999999999999,0,0.0,0.0,0.0,0.0,0.0,0.0,0.04999999999999999,69.22,0.7688529326784166
18746260,2026-05-28 01:12:06+00:00,0.4649999999999999,0,0.0,0.0,0.0,0.0,0.0,0.0,0.04999999999999999,69.22,0.7688529326784166
18746260,2026-05-28 01:12:07+00:00,0.4649999999999999,0,0.0,0.0,0.0,0.0,0.0,0.0,0.04999999999999999,69.22,0.7688529326784166
18746260,2026-05-28 01:12:08+00:00,0.4649999999999999,0,0.0,0.0,0.0,0.0,0.0,0.0,0.04999999999999999,69.22,0.7688529326784166
18746260,2026-05-28 01:12:09+00:00,0.4649999999999999,0,0.0,0.0,0.0,0.0,0.0,0.0,0.04999999999999999,69.22,0.7688529326784166
18746260,2026-05-28 01:12:10+00:00,0.4649999999999999,0,0.0,0.0,0.0,0.0,0.0,0.0,0.04999999999999999,69.22,0.7688529326784166
18746260,2026-05-28 01:12:11+00:00,0.4649999999999999,0,0.0,0.0,0.0,0.0,0.0,0.0,0.04999999999999999,69.22,0.7688529326784166
18746260,2026-05-28 01:12:12+00:00,0.4649999999999999,0,0.0,0.0,0.0,0.0,0.0,0.0,0.04999999999999999,69.22,0.7688529326784166
18746260,2026-05-28 01:12:13+00:00,0.4649999999999999,0,0.0,0.0,0.0,0.0,0.0,0.0,0.04999999999999999,69.22,0.7688529326784166
18746260,2026-05-28 01:12:14+00:00,0.4649999999999999,0,0.0,0.0,0.0,0.0,0.0,0.0,0.04999999999999999,69.22,0.7688529326784166
18746260,2026-05-28 01:12:15+00:00,0.4649999999999999,0,0.0,0.0,0.0,0.0,0.0,0.0,0.04999999999999999,69.22,0.7688529326784166
18746260,2026-05-28 01:12:16+00:00,0.4649999999999999,0,0.0,0.0,0.0,0.0,0.0,0.0,0.04999999999999999,69.22,0.7688529326784166
18746260,2026-05-28 01:12:17+00:00,0.4649999999999999,0,0.0,0.0,0.0,0.0,0.0,0.0,0.04999999999999999,69.22,0.7688529326784166
18746260,2026-05-28 01:12:18+00:00,0.4649999999999999,0,0.0,0.0,0.0,0.0,0.0,0.0,0.04999999999999999,69.22,0.7688529326784166
18746260,2026-05-28 01:12:19+00:00,0.4649999999999999,0,0.0,0.0,0.0,0.0,0.0,0.0,0.04999999999999999,69.22,0.7688529326784166
18746260,2026-05-28 01:12:20+00:00,0.4649999999999999,0,0.0,0.0,0.0,0.0,0.0,0.0,0.04999999999999999,69.22,0.7688529326784166
18746260,2026-05-28 01:12:21+00:00,0.4649999999999999,0,0.0,0.0,0.0,0.0,0.0,0.0,0.04999999999999999,69.22,0.7688529326784166
18746260,2026-05-28 01:12:22+00:00,0.4649999999999999,0,0.0,0.0,0.0,0.0,0.0,0.0,0.04999999999999999,69.22,0.7688529326784166
18746260,2026-05-28 01:12:23+00:00,0.4649999999999999,0,0.0,0.0,0.0,0.0,0.0,0.0,0.04999999999999999,69.22,0.7688529326784166
18746260,2026-05-28 01:12:24+00:00,0.4649999999999999,0,0.0,0.0,0.0,0.0,0.0,0.0,0.04999999999999999,69.22,0.7688529326784166
18746260,2026-05-28 01:12:25+00:00,0.4649999999999999,0,0.0,0.0,0.0,0.0,0.0,0.0,0.04999999999999999,69.22,0.7688529326784166
18746260,2026-05-28 01:12:26+00:00,0.4649999999999999,0,0.0,0.0,0.0,0.0,0.0,0.0,0.04999999999999999,69.22,0.7688529326784166
18746260,2026-05-28 01:12:27+00:00,0.4649999999999999,0,0.0,0.0,0.0,0.0,0.0,0.0,0.04999999999999999,69.22,0.7688529326784166
18746260,2026-05-28 01:12:28+00:00,0.4649999999999999,0,0.0,0.0,0.0,0.0,0.0,0.0,0.04999999999999999,69.22,0.7688529326784166
18746260,2026-05-28 01:12:29+00:00,0.4649999999999999,0,0.0,0.0,0.0,0.0,0.0,0.0,0.04999999999999999,69.22,0.7688529326784166
18746260,2026-05-28 01:12:30+00:00,0.4649999999999999,0,0.0,0.0,0.0,0.0,0.0,0.0,0.04999999999999999,69.22,0.7688529326784166
18746260,2026-05-28 01:12:31+00:00,0.4649999999999999,0,0.0,0.0,0.0,0.0,0.0,0.0,0.04999999999999999,69.22,0.7688529326784166
18746260,2026-05-28 01:12:32+00:00,0.4649999999999999,0,0.0,0.0,0.0,0.0,0.0,0.0,0.04999999999999999,69.22,0.7688529326784166
18746260,2026-05-28 01:12:33+00:00,0.4649999999999999,0,0.0,0.0,0.0,0.0,0.0,0.0,0.04999999999999999,69.22,0.7688529326784166
18746260,2026-05-28 01:12:34+00:00,0.4649999999999999,0,0.0,0.0,0.0,0.0,0.0,0.0,0.04999999999999999,69.22,0.7688529326784166
18746260,2026-05-28 01:12:35+00:00,0.4649999999999999,0,0.0,0.0,0.0,0.0,0.0,0.0,0.04999999999999999,69.22,0.7688529326784166
18746260,2026-05-28 01:12:36+00:00,0.4649999999999999,0,0.0,0.0,0.0,0.0,0.0,0.0,0.04999999999999999,69.22,0.7688529326784166
18746260,2026-05-28 01:12:37+00:00,0.4649999999999999,0,0.0,0.0,0.0,0.0,0.0,0.0,0.04999999999999999,69.22,0.7688529326784166
18746260,2026-05-28 01:12:38+00:00,0.4649999999999999,0,0.0,0.0,0.0,0.0,0.0,0.0,0.04999999999999999,69.22,0.7688529326784166
18746260,2026-05-28 01:12:39+00:00,0.4649999999999999,0,0.0,0.0,0.0,0.0,0.0,0.0,0.04999999999999999,69.22,0.7688529326784166
18746260,2026-05-28 01:12:40+00:00,0.4649999999999999,0,0.0,0.0,0.0,0.0,0.0,0.0,0.04999999999999999,69.22,0.7688529326784166
18746260,2026-05-28 01:12:41+00:00,0.4649999999999999,0,0.0,0.0,0.0,0.0,0.0,0.0,0.04999999999999999,69.22,0.7688529326784166
18746260,2026-05-28 01:12:42+00:00,0.4649999999999999,0,0.0,0.0,0.0,0.0,0.0,0.0,0.04999999999999999,69.22,0.7688529326784166
18746260,2026-05-28 01:12:43+00:00,0.4649999999999999,0,0.0,0.0,0.0,0.0,0.0,0.0,0.04999999999999999,69.22,0.7688529326784166
18746260,2026-05-28 01:12:44+00:00,0.4649999999999999,0,0.0,0.0,0.0,0.0,0.0,0.0,0.04999999999999999,69.22,0.7688529326784166
18746260,2026-05-28 01:12:45+00:00,0.4649999999999999,0,0.0,0.0,0.0,0.0,0.0,0.0,0.04999999999999999,69.22,0.7688529326784166
18746260,2026-05-28 01:12:46+00:00,0.4649999999999999,0,0.0,0.0,0.0,0.0,0.0,0.0,0.04999999999999999,69.22,0.7688529326784166
18746260,2026-05-28 01:12:47+00:00,0.4649999999999999,0,0.0,0.0,0.0,0.0,0.0,0.0,0.04999999999999999,69.22,0.7688529326784166
18746260,2026-05-28 01:12:48+00:00,0.4649999999999999,0,0.0,0.0,0.0,0.0,0.0,0.0,0.04999999999999999,69.22,0.7688529326784166
18746260,2026-05-28 01:12:49+00:00,0.4649999999999999,0,0.0,0.0,0.0,0.0,0.0,0.0,0.04999999999999999,69.22,0.7688529326784166
18746260,2026-05-28 01:12:50+00:00,0.4649999999999999,0,0.0,0.0,0.0,0.0,0.0,0.0,0.04999999999999999,69.22,0.7688529326784166
18746260,2026-05-28 01:12:51+00:00,0.4649999999999999,0,0.0,0.0,0.0,0.0,0.0,0.0,0.04999999999999999,69.22,0.7688529326784166
18746260,2026-05-28 01:12:52+00:00,0.4649999999999999,0,0.0,0.0,0.0,0.0,0.0,0.0,0.04999999999999999,69.22,0.7688529326784166
18746260,2026-05-28 01:12:53+00:00,0.4649999999999999,0,0.0,0.0,0.0,0.0,0.0,0.0,0.04999999999999999,69.22,0.7688529326784166
18746260,2026-05-28 01:12:54+00:00,0.4649999999999999,0,0.0,0.0,0.0,0.0,0.0,0.0,0.04999999999999999,69.22,0.7688529326784166
18746260,2026-05-28 01:12:55+00:00,0.4649999999999999,0,0.0,0.0,0.0,0.0,0.0,0.0,0.04999999999999999,69.22,0.7688529326784166
18746260,2026-05-28 01:12:56+00:00,0.4649999999999999,0,0.0,0.0,0.0,0.0,0.0,0.0,0.04999999999999999,69.22,0.7688529326784166
18746260,2026-05-28 01:12:57+00:00,0.4649999999999999,0,0.0,0.0,0.0,0.0,0.0,0.0,0.04999999999999999,69.22,0.7688529326784166
18746260,2026-05-28 01:12:58+00:00,0.4649999999999999,0,0.0,0.0,0.0,0.0,0.0,0.0,0.04999999999999999,69.22,0.7688529326784166
18746260,2026-05-28 01:12:59+00:00,0.4649999999999999,0,0.0,0.0,0.0,0.0,0.0,0.0,0.04999999999999999,69.22,0.7688529326784166
18746260,2026-05-28 01:13:00+00:00,0.4649999999999999,0,0.0,0.0,0.0,0.0,0.0,0.0,0.04999999999999999,69.22,0.7688529326784166
18746260,2026-05-28 01:13:01+00:00,0.4649999999999999,0,0.0,0.0,0.0,0.0,0.0,0.0,0.04999999999999999,69.22,0.7688529326784166
18746260,2026-05-28 01:13:02+00:00,0.4649999999999999,0,0.0,0.0,0.0,0.0,0.0,0.0,0.04999999999999999,69.22,0.7688529326784166
18746260,2026-05-28 01:13:03+00:00,0.4649999999999999,0,0.0,0.0,0.0,0.0,0.0,0.0,0.04999999999999999,69.22,0.7688529326784166
18746260,2026-05-28 01:13:04+00:00,0.4649999999999999,0,0.0,0.0,0.0,0.0,0.0,0.0,0.04999999999999999,69.22,0.7688529326784166
18746260,2026-05-28 01:13:05+00:00,0.4649999999999999,0,0.0,0.0,0.0,0.0,0.0,0.0,0.04999999999999999,69.22,0.7688529326784166
18746260,2026-05-28 01:13:06+00:00,0.4649999999999999,0,0.0,0.0,0.0,0.0,0.0,0.0,0.04999999999999999,69.22,0.7688529326784166
18746260,2026-05-28 01:13:07+00:00,0.4649999999999999,0,0.0,0.0,0.0,0.0,0.0,0.0,0.04999999999999999,69.22,0.7688529326784166
18746260,2026-05-28 01:13:08+00:00,0.4649999999999999,0,0.0,0.0,0.0,0.0,0.0,0.0,0.04999999999999999,69.22,0.7688529326784166
18746260,2026-05-28 01:13:09+00:00,0.4649999999999999,0,0.0,0.0,0.0,0.0,0.0,0.0,0.04999999999999999,69.22,0.7688529326784166
18746260,2026-05-28 01:13:10+00:00,0.4649999999999999,0,0.0,0.0,0.0,0.0,0.0,0.0,0.04999999999999999,69.22,0.7688529326784166
18746260,2026-05-28 01:13:11+00:00,0.4649999999999999,0,0.0,0.0,0.0,0.0,0.0,0.0,0.04999999999999999,69.22,0.7688529326784166
18746260,2026-05-28 01:13:12+00:00,0.4649999999999999,0,0.0,0.0,0.0,0.0,0.0,0.0,0.04999999999999999,69.22,0.7688529326784166
18746260,2026-05-28 01:13:13+00:00,0.4649999999999999,0,0.0,0.0,0.0,0.0,0.0,0.0,0.04999999999999999,69.22,0.7688529326784166
18746260,2026-05-28 01:13:14+00:00,0.4649999999999999,0,0.0,0.0,0.0,0.0,0.0,0.0,0.04999999999999999,69.22,0.7688529326784166
18746260,2026-05-28 01:13:15+00:00,0.4649999999999999,0,0.0,0.0,0.0,0.0,0.0,0.0,0.04999999999999999,69.22,0.7688529326784166
18746260,2026-05-28 01:13:16+00:00,0.4649999999999999,0,0.0,0.0,0.0,0.0,0.0,0.0,0.04999999999999999,69.22,0.7688529326784166
18746260,2026-05-28 01:13:17+00:00,0.4649999999999999,0,0.0,0.0,0.0,0.0,0.0,0.0,0.04999999999999999,69.22,0.7688529326784166
18746260,2026-05-28 01:13:18+00:00,0.4649999999999999,0,0.0,0.0,0.0,0.0,0.0,0.0,0.04999999999999999,69.22,0.7688529326784166
18746260,2026-05-28 01:13:19+00:00,0.4649999999999999,0,0.0,0.0,0.0,0.0,0.0,0.0,0.04999999999999999,69.22,0.7688529326784166
18746260,2026-05-28 01:13:20+00:00,0.4649999999999999,0,0.0,0.0,0.0,0.0,0.0,0.0,0.04999999999999999,69.22,0.7688529326784166
18746260,2026-05-28 01:13:21+00:00,0.4649999999999999,0,0.0,0.0,0.0,0.0,0.0,0.0,0.04999999999999999,69.22,0.7688529326784166
18746260,2026-05-28 01:13:22+00:00,0.4649999999999999,0,0.0,0.0,0.0,0.0,0.0,0.0,0.04999999999999999,69.22,0.7688529326784166
18746260,2026-05-28 01:13:23+00:00,0.4649999999999999,0,0.0,0.0,0.0,0.0,0.0,0.0,0.04999999999999999,69.22,0.7688529326784166
18746260,2026-05-28 01:13:24+00:00,0.4649999999999999,0,0.0,0.0,0.0,0.0,0.0,0.0,0.04999999999999999,69.22,0.7688529326784166
18746260,2026-05-28 01:13:25+00:00,0.4649999999999999,0,0.0,0.0,0.0,0.0,0.0,0.0,0.04999999999999999,69.22,0.7688529326784166
18746260,2026-05-28 01:13:26+00:00,0.4649999999999999,0,0.0,0.0,0.0,0.0,0.0,0.0,0.04999999999999999,69.22,0.7688529326784166
18746260,2026-05-28 01:13:27+00:00,0.4649999999999999,0,0.0,0.0,0.0,0.0,0.0,0.0,0.04999999999999999,69.22,0.7688529326784166
18746260,2026-05-28 01:13:28+00:00,0.4649999999999999,0,0.0,0.0,0.0,0.0,0.0,0.0,0.04999999999999999,69.22,0.7688529326784166
18746260,2026-05-28 01:13:29+00:00,0.4649999999999999,0,0.0,0.0,0.0,0.0,0.0,0.0,0.04999999999999999,69.22,0.7688529326784166
18746260,2026-05-28 01:13:30+00:00,0.4649999999999999,0,0.0,0.0,0.0,0.0,0.0,0.0,0.04999999999999999,69.22,0.7688529326784166
18746260,2026-05-28 01:13:31+00:00,0.4649999999999999,0,0.0,0.0,0.0,0.0,0.0,0.0,0.04999999999999999,69.22,0.7688529326784166
18746260,2026-05-28 01:13:32+00:00,0.4649999999999999,0,0.0,0.0,0.0,0.0,0.0,0.0,0.04999999999999999,69.22,0.7688529326784166
18746260,2026-05-28 01:13:33+00:00,0.4649999999999999,0,0.0,0.0,0.0,0.0,0.0,0.0,0.04999999999999999,69.22,0.7688529326784166
18746260,2026-05-28 01:13:34+00:00,0.4649999999999999,0,0.0,0.0,0.0,0.0,0.0,0.0,0.04999999999999999,69.22,0.7688529326784166
18746260,2026-05-28 01:13:35+00:00,0.4649999999999999,0,0.0,0.0,0.0,0.0,0.0,0.0,0.04999999999999999,69.22,0.7688529326784166
18746260,2026-05-28 01:13:36+00:00,0.4649999999999999,0,0.0,0.0,0.0,0.0,0.0,0.0,0.04999999999999999,69.22,0.7688529326784166
18746260,2026-05-28 01:13:37+00:00,0.4649999999999999,0,0.0,0.0,0.0,0.0,0.0,0.0,0.04999999999999999,69.22,0.7688529326784166
18746260,2026-05-28 01:13:38+00:00,0.4649999999999999,0,0.0,0.0,0.0,0.0,0.0,0.0,0.04999999999999999,69.22,0.7688529326784166
18746260,2026-05-28 01:13:39+00:00,0.4649999999999999,0,0.0,0.0,0.0,0.0,0.0,0.0,0.04999999999999999,69.22,0.7688529326784166
18746260,2026-05-28 01:13:40+00:00,0.4649999999999999,0,0.0,0.0,0.0,0.0,0.0,0.0,0.04999999999999999,69.22,0.7688529326784166
18746260,2026-05-28 01:13:41+00:00,0.4649999999999999,0,0.0,0.0,0.0,0.0,0.0,0.0,0.04999999999999999,69.22,0.7688529326784166
18746260,2026-05-28 01:13:42+00:00,0.4649999999999999,0,0.0,0.0,0.0,0.0,0.0,0.0,0.04999999999999999,69.22,0.7688529326784166
18746260,2026-05-28 01:13:43+00:00,0.4649999999999999,0,0.0,0.0,0.0,0.0,0.0,0.0,0.04999999999999999,69.22,0.7688529326784166
18746260,2026-05-28 01:13:44+00:00,0.4649999999999999,0,0.0,0.0,0.0,0.0,0.0,0.0,0.04999999999999999,69.22,0.7688529326784166
18746260,2026-05-28 01:13:45+00:00,0.4649999999999999,0,0.0,0.0,0.0,0.0,0.0,0.0,0.04999999999999999,69.22,0.7688529326784166
18746260,2026-05-28 01:13:46+00:00,0.4649999999999999,0,0.0,0.0,0.0,0.0,0.0,0.0,0.04999999999999999,69.22,0.7688529326784166
18746260,2026-05-28 01:13:47+00:00,0.4649999999999999,0,0.0,0.0,0.0,0.0,0.0,0.0,0.04999999999999999,69.22,0.7688529326784166
18746260,2026-05-28 01:13:48+00:00,0.4649999999999999,0,0.0,0.0,0.0,0.0,0.0,0.0,0.04999999999999999,69.22,0.7688529326784166
18746260,2026-05-28 01:13:49+00:00,0.4649999999999999,0,0.0,0.0,0.0,0.0,0.0,0.0,0.04999999999999999,69.22,0.7688529326784166
18746260,2026-05-28 01:13:50+00:00,0.4649999999999999,0,0.0,0.0,0.0,0.0,0.0,0.0,0.04999999999999999,69.22,0.7688529326784166
18746260,2026-05-28 01:13:51+00:00,0.4649999999999999,0,0.0,0.0,0.0,0.0,0.0,0.0,0.04999999999999999,69.22,0.7688529326784166
18746260,2026-05-28 01:13:52+00:00,0.4649999999999999,0,0.0,0.0,0.0,0.0,0.0,0.0,0.04999999999999999,69.22,0.7688529326784166
18746260,2026-05-28 01:13:53+00:00,0.4649999999999999,0,0.0,0.0,0.0,0.0,0.0,0.0,0.04999999999999999,69.22,0.7688529326784166
18746260,2026-05-28 01:13:54+00:00,0.4649999999999999,0,0.0,0.0,0.0,0.0,0.0,0.0,0.04999999999999999,69.22,0.7688529326784166
18746260,2026-05-28 01:13:55+00:00,0.4649999999999999,0,0.0,0.0,0.0,0.0,0.0,0.0,0.04999999999999999,69.22,0.7688529326784166
18746260,2026-05-28 01:13:56+00:00,0.4649999999999999,0,0.0,0.0,0.0,0.0,0.0,0.0,0.04999999999999999,69.22,0.7688529326784166
18746260,2026-05-28 01:13:57+00:00,0.4649999999999999,0,0.0,0.0,0.0,0.0,0.0,0.0,0.04999999999999999,69.22,0.7688529326784166
18746260,2026-05-28 01:13:58+00:00,0.4649999999999999,0,0.0,0.0,0.0,0.0,0.0,0.0,0.04999999999999999,69.22,0.7688529326784166
18746260,2026-05-28 01:13:59+00:00,0.4649999999999999,0,0.0,0.0,0.0,0.0,0.0,0.0,0.04999999999999999,69.22,0.7688529326784166
18746260,2026-05-28 01:14:00+00:00,0.4649999999999999,0,0.0,0.0,0.0,0.0,0.0,0.0,0.04999999999999999,69.22,0.7688529326784166
18746260,2026-05-28 01:14:01+00:00,0.4649999999999999,0,0.0,0.0,0.0,0.0,0.0,0.0,0.04999999999999999,69.22,0.7688529326784166
18746260,2026-05-28 01:14:02+00:00,0.4649999999999999,0,0.0,0.0,0.0,0.0,0.0,0.0,0.04999999999999999,69.22,0.7688529326784166
18746260,2026-05-28 01:14:03+00:00,0.4649999999999999,0,0.0,0.0,0.0,0.0,0.0,0.0,0.04999999999999999,69.22,0.7688529326784166
18746260,2026-05-28 01:14:04+00:00,0.4649999999999999,0,0.0,0.0,0.0,0.0,0.0,0.0,0.04999999999999999,69.22,0.7688529326784166
18746260,2026-05-28 01:14:05+00:00,0.4649999999999999,0,0.0,0.0,0.0,0.0,0.0,0.0,0.04999999999999999,69.22,0.7688529326784166
18746260,2026-05-28 01:14:06+00:00,0.4649999999999999,0,0.0,0.0,0.0,0.0,0.0,0.0,0.04999999999999999,69.22,0.7688529326784166
18746260,2026-05-28 01:14:07+00:00,0.4649999999999999,0,0.0,0.0,0.0,0.0,0.0,0.0,0.04999999999999999,69.22,0.7688529326784166
18746260,2026-05-28 01:14:08+00:00,0.4649999999999999,0,0.0,0.0,0.0,0.0,0.0,0.0,0.04999999999999999,69.22,0.7688529326784166
18746260,2026-05-28 01:14:09+00:00,0.4649999999999999,0,0.0,0.0,0.0,0.0,0.0,0.0,0.04999999999999999,69.22,0.7688529326784166
18746260,2026-05-28 01:14:10+00:00,0.4649999999999999,0,0.0,0.0,0.0,0.0,0.0,0.0,0.04999999999999999,69.22,0.7688529326784166
18746260,2026-05-28 01:14:11+00:00,0.4649999999999999,0,0.0,0.0,0.0,0.0,0.0,0.0,0.04999999999999999,69.22,0.7688529326784166
18746260,2026-05-28 01:14:12+00:00,0.4649999999999999,0,0.0,0.0,0.0,0.0,0.0,0.0,0.04999999999999999,69.22,0.7688529326784166
18746260,2026-05-28 01:14:13+00:00,0.4649999999999999,0,0.0,0.0,0.0,0.0,0.0,0.0,0.04999999999999999,69.22,0.7688529326784166
18746260,2026-05-28 01:14:14+00:00,0.4649999999999999,0,0.0,0.0,0.0,0.0,0.0,0.0,0.04999999999999999,69.22,0.7688529326784166
18746260,2026-05-28 01:14:15+00:00,0.4649999999999999,0,0.0,0.0,0.0,0.0,0.0,0.0,0.04999999999999999,69.22,0.7688529326784166
18746260,2026-05-28 01:14:16+00:00,0.4649999999999999,0,0.0,0.0,0.0,0.0,0.0,0.0,0.04999999999999999,69.22,0.7688529326784166
18746260,2026-05-28 01:14:17+00:00,0.4649999999999999,0,0.0,0.0,0.0,0.0,0.0,0.0,0.04999999999999999,69.22,0.7688529326784166
18746260,2026-05-28 01:14:18+00:00,0.4649999999999999,0,0.0,0.0,0.0,0.0,0.0,0.0,0.04999999999999999,69.22,0.7688529326784166
18746260,2026-05-28 01:14:19+00:00,0.4649999999999999,0,0.0,0.0,0.0,0.0,0.0,0.0,0.04999999999999999,69.22,0.7688529326784166
18746260,2026-05-28 01:14:20+00:00,0.4649999999999999,0,0.0,0.0,0.0,0.0,0.0,0.0,0.04999999999999999,69.22,0.7688529326784166
18746260,2026-05-28 01:14:21+00:00,0.4649999999999999,0,0.0,0.0,0.0,0.0,0.0,0.0,0.04999999999999999,69.22,0.7688529326784166
18746260,2026-05-28 01:14:22+00:00,0.4649999999999999,0,0.0,0.0,0.0,0.0,0.0,0.0,0.04999999999999999,69.22,0.7688529326784166
18746260,2026-05-28 01:14:23+00:00,0.4649999999999999,0,0.0,0.0,0.0,0.0,0.0,0.0,0.04999999999999999,69.22,0.7688529326784166
18746260,2026-05-28 01:14:24+00:00,0.4649999999999999,0,0.0,0.0,0.0,0.0,0.0,0.0,0.04999999999999999,69.22,0.7688529326784166
18746260,2026-05-28 01:14:25+00:00,0.4649999999999999,0,0.0,0.0,0.0,0.0,0.0,0.0,0.04999999999999999,69.22,0.7688529326784166
18746260,2026-05-28 01:14:26+00:00,0.4649999999999999,0,0.0,0.0,0.0,0.0,0.0,0.0,0.04999999999999999,69.22,0.7688529326784166
18746260,2026-05-28 01:14:27+00:00,0.4649999999999999,0,0.0,0.0,0.0,0.0,0.0,0.0,0.04999999999999999,69.22,0.7688529326784166
18746260,2026-05-28 01:14:28+00:00,0.4649999999999999,0,0.0,0.0,0.0,0.0,0.0,0.0,0.04999999999999999,69.22,0.7688529326784166
18746260,2026-05-28 01:14:29+00:00,0.4649999999999999,0,0.0,0.0,0.0,0.0,0.0,0.0,0.04999999999999999,69.22,0.7688529326784166
18746260,2026-05-28 01:14:30+00:00,0.4649999999999999,0,0.0,0.0,0.0,0.0,0.0,0.0,0.04999999999999999,69.22,0.7688529326784166
18746260,2026-05-28 01:14:31+00:00,0.4649999999999999,0,0.0,0.0,0.0,0.0,0.0,0.0,0.04999999999999999,69.22,0.7688529326784166
18746260,2026-05-28 01:14:32+00:00,0.4649999999999999,0,0.0,0.0,0.0,0.0,0.0,0.0,0.04999999999999999,69.22,0.7688529326784166
18746260,2026-05-28 01:14:33+00:00,0.4649999999999999,0,0.0,0.0,0.0,0.0,0.0,0.0,0.04999999999999999,69.22,0.7688529326784166
18746260,2026-05-28 01:14:34+00:00,0.4649999999999999,0,0.0,0.0,0.0,0.0,0.0,0.0,0.04999999999999999,69.22,0.7688529326784166
18746260,2026-05-28 01:14:35+00:00,0.4649999999999999,0,0.0,0.0,0.0,0.0,0.0,0.0,0.04999999999999999,69.22,0.7688529326784166
18746260,2026-05-28 01:14:36+00:00,0.4649999999999999,0,0.0,0.0,0.0,0.0,0.0,0.0,0.04999999999999999,69.22,0.7688529326784166
18746260,2026-05-28 01:14:37+00:00,0.4649999999999999,0,0.0,0.0,0.0,0.0,0.0,0.0,0.04999999999999999,69.22,0.7688529326784166
18746260,2026-05-28 01:14:38+00:00,0.4649999999999999,0,0.0,0.0,0.0,0.0,0.0,0.0,0.04999999999999999,69.22,0.7688529326784166
18746260,2026-05-28 01:14:39+00:00,0.4649999999999999,0,0.0,0.0,0.0,0.0,0.0,0.0,0.04999999999999999,69.22,0.7688529326784166
18746260,2026-05-28 01:14:40+00:00,0.4649999999999999,0,0.0,0.0,0.0,0.0,0.0,0.0,0.04999999999999999,69.22,0.7688529326784166
18746260,2026-05-28 01:14:41+00:00,0.4649999999999999,0,0.0,0.0,0.0,0.0,0.0,0.0,0.04999999999999999,69.22,0.7688529326784166
18746260,2026-05-28 01:14:42+00:00,0.4649999999999999,0,0.0,0.0,0.0,0.0,0.0,0.0,0.04999999999999999,69.22,0.7688529326784166
18746260,2026-05-28 01:14:43+00:00,0.4649999999999999,0,0.0,0.0,0.0,0.0,0.0,0.0,0.04999999999999999,69.22,0.7688529326784166
18746260,2026-05-28 01:14:44+00:00,0.4649999999999999,0,0.0,0.0,0.0,0.0,0.0,0.0,0.04999999999999999,69.22,0.7688529326784166
18746260,2026-05-28 01:14:45+00:00,0.4649999999999999,0,0.0,0.0,0.0,0.0,0.0,0.0,0.04999999999999999,69.22,0.7688529326784166
18746260,2026-05-28 01:14:46+00:00,0.4649999999999999,0,0.0,0.0,0.0,0.0,0.0,0.0,0.04999999999999999,69.22,0.7688529326784166
18746260,2026-05-28 01:14:47+00:00,0.4649999999999999,0,0.0,0.0,0.0,0.0,0.0,0.0,0.04999999999999999,69.22,0.7688529326784166
18746260,2026-05-28 01:14:48+00:00,0.4649999999999999,0,0.0,0.0,0.0,0.0,0.0,0.0,0.04999999999999999,69.22,0.7688529326784166
18746260,2026-05-28 01:14:49+00:00,0.4649999999999999,0,0.0,0.0,0.0,0.0,0.0,0.0,0.04999999999999999,69.22,0.7688529326784166
18746260,2026-05-28 01:14:50+00:00,0.4649999999999999,0,0.0,0.0,0.0,0.0,0.0,0.0,0.04999999999999999,69.22,0.7688529326784166
18746260,2026-05-28 01:14:51+00:00,0.4649999999999999,0,0.0,0.0,0.0,0.0,0.0,0.0,0.04999999999999999,69.22,0.7688529326784166
18746260,2026-05-28 01:14:52+00:00,0.4649999999999999,0,0.0,0.0,0.0,0.0,0.0,0.0,0.04999999999999999,69.22,0.7688529326784166
18746260,2026-05-28 01:14:53+00:00,0.4649999999999999,0,0.0,0.0,0.0,0.0,0.0,0.0,0.04999999999999999,69.22,0.7688529326784166
18746260,2026-05-28 01:14:54+00:00,0.4649999999999999,0,0.0,0.0,0.0,0.0,0.0,0.0,0.04999999999999999,69.22,0.7688529326784166
18746260,2026-05-28 01:14:55+00:00,0.4649999999999999,0,0.0,0.0,0.0,0.0,0.0,0.0,0.04999999999999999,69.22,0.7688529326784166
18746260,2026-05-28 01:14:56+00:00,0.4649999999999999,0,0.0,0.0,0.0,0.0,0.0,0.0,0.04999999999999999,69.22,0.7688529326784166
18746260,2026-05-28 01:14:57+00:00,0.4649999999999999,0,0.0,0.0,0.0,0.0,0.0,0.0,0.04999999999999999,69.22,0.7688529326784166
18746260,2026-05-28 01:14:58+00:00,0.4649999999999999,0,0.0,0.0,0.0,0.0,0.0,0.0,0.04999999999999999,69.22,0.7688529326784166
18746260,2026-05-28 01:14:59+00:00,0.4649999999999999,0,0.0,0.0,0.0,0.0,0.0,0.0,0.04999999999999999,69.22,0.7688529326784166
18746260,2026-05-28 01:15:00+00:00,0.4649999999999999,0,0.0,0.0,0.0,0.0,0.0,0.0,0.04999999999999999,69.22,0.7688529326784166
18746260,2026-05-28 01:15:01+00:00,0.4649999999999999,0,0.0,0.0,0.0,0.0,0.0,0.0,0.04999999999999999,69.22,0.7688529326784166
18746260,2026-05-28 01:15:02+00:00,0.4649999999999999,0,0.0,0.0,0.0,0.0,0.0,0.0,0.04999999999999999,69.22,0.7688529326784166
18746260,2026-05-28 01:15:03+00:00,0.4649999999999999,0,0.0,0.0,0.0,0.0,0.0,0.0,0.04999999999999999,69.22,0.7688529326784166
18746260,2026-05-28 01:15:04+00:00,0.4649999999999999,0,0.0,0.0,0.0,0.0,0.0,0.0,0.04999999999999999,69.22,0.7688529326784166
18746260,2026-05-28 01:15:05+00:00,0.4649999999999999,0,0.0,0.0,0.0,0.0,0.0,0.0,0.04999999999999999,69.22,0.7688529326784166
18746260,2026-05-28 01:15:06+00:00,0.4649999999999999,0,0.0,0.0,0.0,0.0,0.0,0.0,0.04999999999999999,69.22,0.7688529326784166
18746260,2026-05-28 01:15:07+00:00,0.4649999999999999,0,0.0,0.0,0.0,0.0,0.0,0.0,0.04999999999999999,69.22,0.7688529326784166
18746260,2026-05-28 01:15:08+00:00,0.4649999999999999,0,0.0,0.0,0.0,0.0,0.0,0.0,0.04999999999999999,69.22,0.7688529326784166
18746260,2026-05-28 01:15:09+00:00,0.4649999999999999,0,0.0,0.0,0.0,0.0,0.0,0.0,0.04999999999999999,69.22,0.7688529326784166
18746260,2026-05-28 01:15:10+00:00,0.4649999999999999,0,0.0,0.0,0.0,0.0,0.0,0.0,0.04999999999999999,69.22,0.7688529326784166
18746260,2026-05-28 01:15:11+00:00,0.4649999999999999,0,0.0,0.0,0.0,0.0,0.0,0.0,0.04999999999999999,69.22,0.7688529326784166
18746260,2026-05-28 01:15:12+00:00,0.4649999999999999,0,0.0,0.0,0.0,0.0,0.0,0.0,0.04999999999999999,69.22,0.7688529326784166
18746260,2026-05-28 01:15:13+00:00,0.4649999999999999,0,0.0,0.0,0.0,0.0,0.0,0.0,0.04999999999999999,69.22,0.7688529326784166
18746260,2026-05-28 01:15:14+00:00,0.4649999999999999,0,0.0,0.0,0.0,0.0,0.0,0.0,0.04999999999999999,69.22,0.7688529326784166
18746260,2026-05-28 01:15:15+00:00,0.4649999999999999,0,0.0,0.0,0.0,0.0,0.0,0.0,0.04999999999999999,69.22,0.7688529326784166
18746260,2026-05-28 01:15:16+00:00,0.4649999999999999,0,0.0,0.0,0.0,0.0,0.0,0.0,0.04999999999999999,69.22,0.7688529326784166
18746260,2026-05-28 01:15:17+00:00,0.4649999999999999,0,0.0,0.0,0.0,0.0,0.0,0.0,0.04999999999999999,69.22,0.7688529326784166
18746260,2026-05-28 01:15:18+00:00,0.4649999999999999,0,0.0,0.0,0.0,0.0,0.0,0.0,0.04999999999999999,69.22,0.7688529326784166
18746260,2026-05-28 01:15:19+00:00,0.4649999999999999,0,0.0,0.0,0.0,0.0,0.0,0.0,0.04999999999999999,69.22,0.7688529326784166
18746260,2026-05-28 01:15:20+00:00,0.4649999999999999,0,0.0,0.0,0.0,0.0,0.0,0.0,0.04999999999999999,69.22,0.7688529326784166
18746260,2026-05-28 01:15:21+00:00,0.4649999999999999,0,0.0,0.0,0.0,0.0,0.0,0.0,0.04999999999999999,69.22,0.7688529326784166
18746260,2026-05-28 01:15:22+00:00,0.4649999999999999,0,0.0,0.0,0.0,0.0,0.0,0.0,0.04999999999999999,69.22,0.7688529326784166
18746260,2026-05-28 01:15:23+00:00,0.4649999999999999,0,0.0,0.0,0.0,0.0,0.0,0.0,0.04999999999999999,69.22,0.7688529326784166
18746260,2026-05-28 01:15:24+00:00,0.4649999999999999,0,0.0,0.0,0.0,0.0,0.0,0.0,0.04999999999999999,69.22,0.7688529326784166
18746260,2026-05-28 01:15:25+00:00,0.4649999999999999,0,0.0,0.0,0.0,0.0,0.0,0.0,0.04999999999999999,69.22,0.7688529326784166
18746260,2026-05-28 01:15:26+00:00,0.4649999999999999,0,0.0,0.0,0.0,0.0,0.0,0.0,0.04999999999999999,69.22,0.7688529326784166
18746260,2026-05-28 01:15:27+00:00,0.4649999999999999,0,0.0,0.0,0.0,0.0,0.0,0.0,0.04999999999999999,69.22,0.7688529326784166
18746260,2026-05-28 01:15:28+00:00,0.4649999999999999,0,0.0,0.0,0.0,0.0,0.0,0.0,0.04999999999999999,69.22,0.7688529326784166
18746260,2026-05-28 01:15:29+00:00,0.4649999999999999,0,0.0,0.0,0.0,0.0,0.0,0.0,0.04999999999999999,69.22,0.7688529326784166
18746260,2026-05-28 01:15:30+00:00,0.4649999999999999,0,0.0,0.0,0.0,0.0,0.0,0.0,0.04999999999999999,69.22,0.7688529326784166
18746260,2026-05-28 01:15:31+00:00,0.4649999999999999,0,0.0,0.0,0.0,0.0,0.0,0.0,0.04999999999999999,69.22,0.7688529326784166
18746260,2026-05-28 01:15:32+00:00,0.4649999999999999,0,0.0,0.0,0.0,0.0,0.0,0.0,0.04999999999999999,69.22,0.7688529326784166
18746260,2026-05-28 01:15:33+00:00,0.4649999999999999,0,0.0,0.0,0.0,0.0,0.0,0.0,0.04999999999999999,69.22,0.7688529326784166
18746260,2026-05-28 01:15:34+00:00,0.4649999999999999,0,0.0,0.0,0.0,0.0,0.0,0.0,0.04999999999999999,69.22,0.7688529326784166
18746260,2026-05-28 01:15:35+00:00,0.4649999999999999,0,0.0,0.0,0.0,0.0,0.0,0.0,0.04999999999999999,69.22,0.7688529326784166
18746260,2026-05-28 01:15:36+00:00,0.4649999999999999,0,0.0,0.0,0.0,0.0,0.0,0.0,0.04999999999999999,69.22,0.7688529326784166
18746260,2026-05-28 01:15:37+00:00,0.4649999999999999,0,0.0,0.0,0.0,0.0,0.0,0.0,0.04999999999999999,69.22,0.7688529326784166
18746260,2026-05-28 01:15:38+00:00,0.4649999999999999,0,0.0,0.0,0.0,0.0,0.0,0.0,0.04999999999999999,69.22,0.7688529326784166
18746260,2026-05-28 01:15:39+00:00,0.4649999999999999,0,0.0,0.0,0.0,0.0,0.0,0.0,0.04999999999999999,69.22,0.7688529326784166
18746260,2026-05-28 01:15:40+00:00,0.4649999999999999,0,0.0,0.0,0.0,0.0,0.0,0.0,0.04999999999999999,69.22,0.7688529326784166
18746260,2026-05-28 01:15:41+00:00,0.4649999999999999,0,0.0,0.0,0.0,0.0,0.0,0.0,0.04999999999999999,69.22,0.7688529326784166
18746260,2026-05-28 01:15:42+00:00,0.4649999999999999,0,0.0,0.0,0.0,0.0,0.0,0.0,0.04999999999999999,69.22,0.7688529326784166
18746260,2026-05-28 01:15:43+00:00,0.4649999999999999,0,0.0,0.0,0.0,0.0,0.0,0.0,0.04999999999999999,69.22,0.7688529326784166
18746260,2026-05-28 01:15:44+00:00,0.4649999999999999,0,0.0,0.0,0.0,0.0,0.0,0.0,0.04999999999999999,69.22,0.7688529326784166
18746260,2026-05-28 01:15:45+00:00,0.4649999999999999,0,0.0,0.0,0.0,0.0,0.0,0.0,0.04999999999999999,69.22,0.7688529326784166
18746260,2026-05-28 01:15:46+00:00,0.4649999999999999,0,0.0,0.0,0.0,0.0,0.0,0.0,0.04999999999999999,69.22,0.7688529326784166
18746260,2026-05-28 01:15:47+00:00,0.4649999999999999,0,0.0,0.0,0.0,0.0,0.0,0.0,0.04999999999999999,69.22,0.7688529326784166
18746260,2026-05-28 01:15:48+00:00,0.4649999999999999,0,0.0,0.0,0.0,0.0,0.0,0.0,0.04999999999999999,69.22,0.7688529326784166
18746260,2026-05-28 01:15:49+00:00,0.4649999999999999,0,0.0,0.0,0.0,0.0,0.0,0.0,0.04999999999999999,69.22,0.7688529326784166
18746260,2026-05-28 01:15:50+00:00,0.4649999999999999,0,0.0,0.0,0.0,0.0,0.0,0.0,0.04999999999999999,69.22,0.7688529326784166
18746260,2026-05-28 01:15:51+00:00,0.4649999999999999,0,0.0,0.0,0.0,0.0,0.0,0.0,0.04999999999999999,69.22,0.7688529326784166
18746260,2026-05-28 01:15:52+00:00,0.4649999999999999,0,0.0,0.0,0.0,0.0,0.0,0.0,0.04999999999999999,69.22,0.7688529326784166
18746260,2026-05-28 01:15:53+00:00,0.4649999999999999,0,0.0,0.0,0.0,0.0,0.0,0.0,0.04999999999999999,69.22,0.7688529326784166
18746260,2026-05-28 01:15:54+00:00,0.4649999999999999,0,0.0,0.0,0.0,0.0,0.0,0.0,0.04999999999999999,69.22,0.7688529326784166
18746260,2026-05-28 01:15:55+00:00,0.4649999999999999,0,0.0,0.0,0.0,0.0,0.0,0.0,0.04999999999999999,69.22,0.7688529326784166
18746260,2026-05-28 01:15:56+00:00,0.4649999999999999,0,0.0,0.0,0.0,0.0,0.0,0.0,0.04999999999999999,69.22,0.7688529326784166
18746260,2026-05-28 01:15:57+00:00,0.4649999999999999,0,0.0,0.0,0.0,0.0,0.0,0.0,0.04999999999999999,69.22,0.7688529326784166
18746260,2026-05-28 01:15:58+00:00,0.4649999999999999,0,0.0,0.0,0.0,0.0,0.0,0.0,0.04999999999999999,69.22,0.7688529326784166
18746260,2026-05-28 01:15:59+00:00,0.4649999999999999,0,0.0,0.0,0.0,0.0,0.0,0.0,0.04999999999999999,69.22,0.7688529326784166
18746260,2026-05-28 01:16:00+00:00,0.4649999999999999,0,0.0,0.0,0.0,0.0,0.0,0.0,0.04999999999999999,69.22,0.7688529326784166
18746260,2026-05-28 01:16:01+00:00,0.4649999999999999,0,0.0,0.0,0.0,0.0,0.0,0.0,0.04999999999999999,69.22,0.7688529326784166
18746260,2026-05-28 01:16:02+00:00,0.4649999999999999,0,0.0,0.0,0.0,0.0,0.0,0.0,0.04999999999999999,69.22,0.7688529326784166
18746260,2026-05-28 01:16:03+00:00,0.4649999999999999,0,0.0,0.0,0.0,0.0,0.0,0.0,0.04999999999999999,69.22,0.7688529326784166
18746260,2026-05-28 01:16:04+00:00,0.4649999999999999,0,0.0,0.0,0.0,0.0,0.0,0.0,0.04999999999999999,69.22,0.7688529326784166
18746260,2026-05-28 01:16:05+00:00,0.4649999999999999,0,0.0,0.0,0.0,0.0,0.0,0.0,0.04999999999999999,69.22,0.7688529326784166
18746260,2026-05-28 01:16:06+00:00,0.4649999999999999,0,0.0,0.0,0.0,0.0,0.0,0.0,0.04999999999999999,69.22,0.7688529326784166
18746260,2026-05-28 01:16:07+00:00,0.4649999999999999,0,0.0,0.0,0.0,0.0,0.0,0.0,0.04999999999999999,69.22,0.7688529326784166
18746260,2026-05-28 01:16:08+00:00,0.4649999999999999,0,0.0,0.0,0.0,0.0,0.0,0.0,0.04999999999999999,69.22,0.7688529326784166
18746260,2026-05-28 01:16:09+00:00,0.4649999999999999,0,0.0,0.0,0.0,0.0,0.0,0.0,0.04999999999999999,69.22,0.7688529326784166
18746260,2026-05-28 01:16:10+00:00,0.4649999999999999,0,0.0,0.0,0.0,0.0,0.0,0.0,0.04999999999999999,69.22,0.7688529326784166
18746260,2026-05-28 01:16:11+00:00,0.4649999999999999,0,0.0,0.0,0.0,0.0,0.0,0.0,0.04999999999999999,69.22,0.7688529326784166
18746260,2026-05-28 01:16:12+00:00,0.4649999999999999,0,0.0,0.0,0.0,0.0,0.0,0.0,0.04999999999999999,69.22,0.7688529326784166
18746260,2026-05-28 01:16:13+00:00,0.4649999999999999,0,0.0,0.0,0.0,0.0,0.0,0.0,0.04999999999999999,69.22,0.7688529326784166
18746260,2026-05-28 01:16:14+00:00,0.4649999999999999,0,0.0,0.0,0.0,0.0,0.0,0.0,0.04999999999999999,69.22,0.7688529326784166
18746260,2026-05-28 01:16:15+00:00,0.4649999999999999,0,0.0,0.0,0.0,0.0,0.0,0.0,0.04999999999999999,69.22,0.7688529326784166
18746260,2026-05-28 01:16:16+00:00,0.4649999999999999,0,0.0,0.0,0.0,0.0,0.0,0.0,0.04999999999999999,69.22,0.7688529326784166
18746260,2026-05-28 01:16:17+00:00,0.4649999999999999,0,0.0,0.0,0.0,0.0,0.0,0.0,0.04999999999999999,69.22,0.7688529326784166
18746260,2026-05-28 01:16:18+00:00,0.4649999999999999,0,0.0,0.0,0.0,0.0,0.0,0.0,0.04999999999999999,69.22,0.7688529326784166
18746260,2026-05-28 01:16:19+00:00,0.4649999999999999,0,0.0,0.0,0.0,0.0,0.0,0.0,0.04999999999999999,69.22,0.7688529326784166
18746260,2026-05-28 01:16:20+00:00,0.4649999999999999,0,0.0,0.0,0.0,0.0,0.0,0.0,0.04999999999999999,69.22,0.7688529326784166
18746260,2026-05-28 01:16:21+00:00,0.4649999999999999,0,0.0,0.0,0.0,0.0,0.0,0.0,0.04999999999999999,69.22,0.7688529326784166
18746260,2026-05-28 01:16:22+00:00,0.4649999999999999,0,0.0,0.0,0.0,0.0,0.0,0.0,0.04999999999999999,69.22,0.7688529326784166
18746260,2026-05-28 01:16:23+00:00,0.4649999999999999,0,0.0,0.0,0.0,0.0,0.0,0.0,0.04999999999999999,69.22,0.7688529326784166
18746260,2026-05-28 01:16:24+00:00,0.4649999999999999,0,0.0,0.0,0.0,0.0,0.0,0.0,0.04999999999999999,69.22,0.7688529326784166
18746260,2026-05-28 01:16:25+00:00,0.4649999999999999,0,0.0,0.0,0.0,0.0,0.0,0.0,0.04999999999999999,69.22,0.7688529326784166
18746260,2026-05-28 01:16:26+00:00,0.4649999999999999,0,0.0,0.0,0.0,0.0,0.0,0.0,0.04999999999999999,69.22,0.7688529326784166
18746260,2026-05-28 01:16:27+00:00,0.4649999999999999,0,0.0,0.0,0.0,0.0,0.0,0.0,0.04999999999999999,69.22,0.7688529326784166
18746260,2026-05-28 01:16:28+00:00,0.4649999999999999,0,0.0,0.0,0.0,0.0,0.0,0.0,0.04999999999999999,69.22,0.7688529326784166
18746260,2026-05-28 01:16:29+00:00,0.4649999999999999,0,0.0,0.0,0.0,0.0,0.0,0.0,0.04999999999999999,69.22,0.7688529326784166
18746260,2026-05-28 01:16:30+00:00,0.4649999999999999,0,0.0,0.0,0.0,0.0,0.0,0.0,0.04999999999999999,69.22,0.7688529326784166
18746260,2026-05-28 01:16:31+00:00,0.4649999999999999,0,0.0,0.0,0.0,0.0,0.0,0.0,0.04999999999999999,69.22,0.7688529326784166
18746260,2026-05-28 01:16:32+00:00,0.4649999999999999,0,0.0,0.0,0.0,0.0,0.0,0.0,0.04999999999999999,69.22,0.7688529326784166
18746260,2026-05-28 01:16:33+00:00,0.4649999999999999,0,0.0,0.0,0.0,0.0,0.0,0.0,0.04999999999999999,69.22,0.7688529326784166
18746260,2026-05-28 01:16:34+00:00,0.4649999999999999,0,0.0,0.0,0.0,0.0,0.0,0.0,0.04999999999999999,69.22,0.7688529326784166
18746260,2026-05-28 01:16:35+00:00,0.4649999999999999,0,0.0,0.0,0.0,0.0,0.0,0.0,0.04999999999999999,69.22,0.7688529326784166
18746260,2026-05-28 01:16:36+00:00,0.4649999999999999,0,0.0,0.0,0.0,0.0,0.0,0.0,0.04999999999999999,69.22,0.7688529326784166
18746260,2026-05-28 01:16:37+00:00,0.4649999999999999,0,0.0,0.0,0.0,0.0,0.0,0.0,0.04999999999999999,69.22,0.7688529326784166
18746260,2026-05-28 01:16:38+00:00,0.4649999999999999,0,0.0,0.0,0.0,0.0,0.0,0.0,0.04999999999999999,69.22,0.7688529326784166
18746260,2026-05-28 01:16:39+00:00,0.4649999999999999,0,0.0,0.0,0.0,0.0,0.0,0.0,0.04999999999999999,69.22,0.7688529326784166
18746260,2026-05-28 01:16:40+00:00,0.4649999999999999,0,0.0,0.0,0.0,0.0,0.0,0.0,0.04999999999999999,69.22,0.7688529326784166
18746260,2026-05-28 01:16:41+00:00,0.4649999999999999,0,0.0,0.0,0.0,0.0,0.0,0.0,0.04999999999999999,69.22,0.7688529326784166
18746260,2026-05-28 01:16:42+00:00,0.4649999999999999,0,0.0,0.0,0.0,0.0,0.0,0.0,0.04999999999999999,69.22,0.7688529326784166
18746260,2026-05-28 01:16:43+00:00,0.4649999999999999,0,0.0,0.0,0.0,0.0,0.0,0.0,0.04999999999999999,69.22,0.7688529326784166
18746260,2026-05-28 01:16:44+00:00,0.4649999999999999,0,0.0,0.0,0.0,0.0,0.0,0.0,0.04999999999999999,69.22,0.7688529326784166
18746260,2026-05-28 01:16:45+00:00,0.4649999999999999,0,0.0,0.0,0.0,0.0,0.0,0.0,0.04999999999999999,69.22,0.7688529326784166
18746260,2026-05-28 01:16:46+00:00,0.4649999999999999,0,0.0,0.0,0.0,0.0,0.0,0.0,0.04999999999999999,69.22,0.7688529326784166
18746260,2026-05-28 01:16:47+00:00,0.4649999999999999,0,0.0,0.0,0.0,0.0,0.0,0.0,0.04999999999999999,69.22,0.7688529326784166
18746260,2026-05-28 01:16:48+00:00,0.4649999999999999,0,0.0,0.0,0.0,0.0,0.0,0.0,0.04999999999999999,69.22,0.7688529326784166
18746260,2026-05-28 01:16:49+00:00,0.4649999999999999,0,0.0,0.0,0.0,0.0,0.0,0.0,0.04999999999999999,69.22,0.7688529326784166
18746260,2026-05-28 01:16:50+00:00,0.4649999999999999,0,0.0,0.0,0.0,0.0,0.0,0.0,0.04999999999999999,69.22,0.7688529326784166
18746260,2026-05-28 01:16:51+00:00,0.4649999999999999,0,0.0,0.0,0.0,0.0,0.0,0.0,0.04999999999999999,69.22,0.7688529326784166
18746260,2026-05-28 01:16:52+00:00,0.4649999999999999,0,0.0,0.0,0.0,0.0,0.0,0.0,0.04999999999999999,69.22,0.7688529326784166
18746260,2026-05-28 01:16:53+00:00,0.4649999999999999,0,0.0,0.0,0.0,0.0,0.0,0.0,0.04999999999999999,69.22,0.7688529326784166
18746260,2026-05-28 01:16:54+00:00,0.4649999999999999,0,0.0,0.0,0.0,0.0,0.0,0.0,0.04999999999999999,69.22,0.7688529326784166
18746260,2026-05-28 01:16:55+00:00,0.4649999999999999,0,0.0,0.0,0.0,0.0,0.0,0.0,0.04999999999999999,69.22,0.7688529326784166
18746260,2026-05-28 01:16:56+00:00,0.4649999999999999,0,0.0,0.0,0.0,0.0,0.0,0.0,0.04999999999999999,69.22,0.7688529326784166
18746260,2026-05-28 01:16:57+00:00,0.4649999999999999,0,0.0,0.0,0.0,0.0,0.0,0.0,0.04999999999999999,69.22,0.7688529326784166
18746260,2026-05-28 01:16:58+00:00,0.4649999999999999,0,0.0,0.0,0.0,0.0,0.0,0.0,0.04999999999999999,69.22,0.7688529326784166
18746260,2026-05-28 01:16:59+00:00,0.4649999999999999,0,0.0,0.0,0.0,0.0,0.0,0.0,0.04999999999999999,69.22,0.7688529326784166
18746260,2026-05-28 01:17:00+00:00,0.4649999999999999,0,0.0,0.0,0.0,0.0,0.0,0.0,0.04999999999999999,69.22,0.7688529326784166
18746260,2026-05-28 01:17:01+00:00,0.4649999999999999,0,0.0,0.0,0.0,0.0,0.0,0.0,0.04999999999999999,69.22,0.7688529326784166
18746260,2026-05-28 01:17:02+00:00,0.4649999999999999,0,0.0,0.0,0.0,0.0,0.0,0.0,0.04999999999999999,69.22,0.7688529326784166
18746260,2026-05-28 01:17:03+00:00,0.4649999999999999,0,0.0,0.0,0.0,0.0,0.0,0.0,0.04999999999999999,69.22,0.7688529326784166
18746260,2026-05-28 01:17:04+00:00,0.4649999999999999,0,0.0,0.0,0.0,0.0,0.0,0.0,0.04999999999999999,69.22,0.7688529326784166
18746260,2026-05-28 01:17:05+00:00,0.4649999999999999,0,0.0,0.0,0.0,0.0,0.0,0.0,0.04999999999999999,69.22,0.7688529326784166
18746260,2026-05-28 01:17:06+00:00,0.4649999999999999,0,0.0,0.0,0.0,0.0,0.0,0.0,0.04999999999999999,69.22,0.7688529326784166
18746260,2026-05-28 01:17:07+00:00,0.4649999999999999,0,0.0,0.0,0.0,0.0,0.0,0.0,0.04999999999999999,69.22,0.7688529326784166
18746260,2026-05-28 01:17:08+00:00,0.4649999999999999,0,0.0,0.0,0.0,0.0,0.0,0.0,0.04999999999999999,69.22,0.7688529326784166
18746260,2026-05-28 01:17:09+00:00,0.4649999999999999,0,0.0,0.0,0.0,0.0,0.0,0.0,0.04999999999999999,69.22,0.7688529326784166
18746260,2026-05-28 01:17:10+00:00,0.4649999999999999,0,0.0,0.0,0.0,0.0,0.0,0.0,0.04999999999999999,69.22,0.7688529326784166
18746260,2026-05-28 01:17:11+00:00,0.4649999999999999,0,0.0,0.0,0.0,0.0,0.0,0.0,0.04999999999999999,69.22,0.7688529326784166
18746260,2026-05-28 01:17:12+00:00,0.4649999999999999,0,0.0,0.0,0.0,0.0,0.0,0.0,0.04999999999999999,69.22,0.7688529326784166
18746260,2026-05-28 01:17:13+00:00,0.4649999999999999,0,0.0,0.0,0.0,0.0,0.0,0.0,0.04999999999999999,69.22,0.7688529326784166
18746260,2026-05-28 01:17:14+00:00,0.4649999999999999,0,0.0,0.0,0.0,0.0,0.0,0.0,0.04999999999999999,69.22,0.7688529326784166
18746260,2026-05-28 01:17:15+00:00,0.4649999999999999,0,0.0,0.0,0.0,0.0,0.0,0.0,0.04999999999999999,69.22,0.7688529326784166
18746260,2026-05-28 01:17:16+00:00,0.4649999999999999,0,0.0,0.0,0.0,0.0,0.0,0.0,0.04999999999999999,69.22,0.7688529326784166
18746260,2026-05-28 01:17:17+00:00,0.4649999999999999,0,0.0,0.0,0.0,0.0,0.0,0.0,0.04999999999999999,69.22,0.7688529326784166
18746260,2026-05-28 01:17:18+00:00,0.4649999999999999,0,0.0,0.0,0.0,0.0,0.0,0.0,0.04999999999999999,69.22,0.7688529326784166
18746260,2026-05-28 01:17:19+00:00,0.4649999999999999,0,0.0,0.0,0.0,0.0,0.0,0.0,0.04999999999999999,69.22,0.7688529326784166
18746260,2026-05-28 01:17:20+00:00,0.4649999999999999,0,0.0,0.0,0.0,0.0,0.0,0.0,0.04999999999999999,69.22,0.7688529326784166
18746260,2026-05-28 01:17:21+00:00,0.4649999999999999,0,0.0,0.0,0.0,0.0,0.0,0.0,0.04999999999999999,69.22,0.7688529326784166
18746260,2026-05-28 01:17:22+00:00,0.4649999999999999,0,0.0,0.0,0.0,0.0,0.0,0.0,0.04999999999999999,69.22,0.7688529326784166
18746260,2026-05-28 01:17:23+00:00,0.4649999999999999,0,0.0,0.0,0.0,0.0,0.0,0.0,0.04999999999999999,69.22,0.7688529326784166
18746260,2026-05-28 01:17:24+00:00,0.4649999999999999,0,0.0,0.0,0.0,0.0,0.0,0.0,0.04999999999999999,69.22,0.7688529326784166
18746260,2026-05-28 01:17:25+00:00,0.4649999999999999,0,0.0,0.0,0.0,0.0,0.0,0.0,0.04999999999999999,69.22,0.7688529326784166
18746260,2026-05-28 01:17:26+00:00,0.4649999999999999,0,0.0,0.0,0.0,0.0,0.0,0.0,0.04999999999999999,69.22,0.7688529326784166
18746260,2026-05-28 01:17:27+00:00,0.4649999999999999,0,0.0,0.0,0.0,0.0,0.0,0.0,0.04999999999999999,69.22,0.7688529326784166
18746260,2026-05-28 01:17:28+00:00,0.4649999999999999,0,0.0,0.0,0.0,0.0,0.0,0.0,0.04999999999999999,69.22,0.7688529326784166
18746260,2026-05-28 01:17:29+00:00,0.4649999999999999,0,0.0,0.0,0.0,0.0,0.0,0.0,0.04999999999999999,69.22,0.7688529326784166
18746260,2026-05-28 01:17:30+00:00,0.4649999999999999,0,0.0,0.0,0.0,0.0,0.0,0.0,0.04999999999999999,69.22,0.7688529326784166
18746260,2026-05-28 01:17:31+00:00,0.4649999999999999,0,0.0,0.0,0.0,0.0,0.0,0.0,0.04999999999999999,69.22,0.7688529326784166
18746260,2026-05-28 01:17:32+00:00,0.4649999999999999,0,0.0,0.0,0.0,0.0,0.0,0.0,0.04999999999999999,69.22,0.7688529326784166
18746260,2026-05-28 01:17:33+00:00,0.4649999999999999,0,0.0,0.0,0.0,0.0,0.0,0.0,0.04999999999999999,69.22,0.7688529326784166
18746260,2026-05-28 01:17:34+00:00,0.4649999999999999,0,0.0,0.0,0.0,0.0,0.0,0.0,0.04999999999999999,69.22,0.7688529326784166
18746260,2026-05-28 01:17:35+00:00,0.4649999999999999,0,0.0,0.0,0.0,0.0,0.0,0.0,0.04999999999999999,69.22,0.7688529326784166
18746260,2026-05-28 01:17:36+00:00,0.4649999999999999,0,0.0,0.0,0.0,0.0,0.0,0.0,0.04999999999999999,69.22,0.7688529326784166
18746260,2026-05-28 01:17:37+00:00,0.4649999999999999,0,0.0,0.0,0.0,0.0,0.0,0.0,0.04999999999999999,69.22,0.7688529326784166
18746260,2026-05-28 01:17:38+00:00,0.4649999999999999,0,0.0,0.0,0.0,0.0,0.0,0.0,0.04999999999999999,69.22,0.7688529326784166
18746260,2026-05-28 01:17:39+00:00,0.4649999999999999,0,0.0,0.0,0.0,0.0,0.0,0.0,0.04999999999999999,69.22,0.7688529326784166
18746260,2026-05-28 01:17:40+00:00,0.4649999999999999,0,0.0,0.0,0.0,0.0,0.0,0.0,0.04999999999999999,69.22,0.7688529326784166
18746260,2026-05-28 01:17:41+00:00,0.4649999999999999,0,0.0,0.0,0.0,0.0,0.0,0.0,0.04999999999999999,69.22,0.7688529326784166
18746260,2026-05-28 01:17:42+00:00,0.4649999999999999,0,0.0,0.0,0.0,0.0,0.0,0.0,0.04999999999999999,69.22,0.7688529326784166
18746260,2026-05-28 01:17:43+00:00,0.4649999999999999,0,0.0,0.0,0.0,0.0,0.0,0.0,0.04999999999999999,69.22,0.7688529326784166
18746260,2026-05-28 01:17:44+00:00,0.4649999999999999,0,0.0,0.0,0.0,0.0,0.0,0.0,0.04999999999999999,69.22,0.7688529326784166
18746260,2026-05-28 01:17:45+00:00,0.4649999999999999,0,0.0,0.0,0.0,0.0,0.0,0.0,0.04999999999999999,69.22,0.7688529326784166
18746260,2026-05-28 01:17:46+00:00,0.4649999999999999,0,0.0,0.0,0.0,0.0,0.0,0.0,0.04999999999999999,69.22,0.7688529326784166
18746260,2026-05-28 01:17:47+00:00,0.4649999999999999,0,0.0,0.0,0.0,0.0,0.0,0.0,0.04999999999999999,69.22,0.7688529326784166
18746260,2026-05-28 01:17:48+00:00,0.4649999999999999,0,0.0,0.0,0.0,0.0,0.0,0.0,0.04999999999999999,69.22,0.7688529326784166
18746260,2026-05-28 01:17:49+00:00,0.4649999999999999,0,0.0,0.0,0.0,0.0,0.0,0.0,0.04999999999999999,69.22,0.7688529326784166
18746260,2026-05-28 01:17:50+00:00,0.4649999999999999,0,0.0,0.0,0.0,0.0,0.0,0.0,0.04999999999999999,69.22,0.7688529326784166
18746260,2026-05-28 01:17:51+00:00,0.4649999999999999,0,0.0,0.0,0.0,0.0,0.0,0.0,0.04999999999999999,69.22,0.7688529326784166
18746260,2026-05-28 01:17:52+00:00,0.4649999999999999,0,0.0,0.0,0.0,0.0,0.0,0.0,0.04999999999999999,69.22,0.7688529326784166
18746260,2026-05-28 01:17:53+00:00,0.4649999999999999,0,0.0,0.0,0.0,0.0,0.0,0.0,0.04999999999999999,69.22,0.7688529326784166
18746260,2026-05-28 01:17:54+00:00,0.4649999999999999,0,0.0,0.0,0.0,0.0,0.0,0.0,0.04999999999999999,69.22,0.7688529326784166
18746260,2026-05-28 01:17:55+00:00,0.4649999999999999,0,0.0,0.0,0.0,0.0,0.0,0.0,0.04999999999999999,69.22,0.7688529326784166
18746260,2026-05-28 01:17:56+00:00,0.4649999999999999,0,0.0,0.0,0.0,0.0,0.0,0.0,0.04999999999999999,69.22,0.7688529326784166
18746260,2026-05-28 01:17:57+00:00,0.4649999999999999,0,0.0,0.0,0.0,0.0,0.0,0.0,0.04999999999999999,69.22,0.7688529326784166
18746260,2026-05-28 01:17:58+00:00,0.4649999999999999,0,0.0,0.0,0.0,0.0,0.0,0.0,0.04999999999999999,69.22,0.7688529326784166
18746260,2026-05-28 01:17:59+00:00,0.4649999999999999,0,0.0,0.0,0.0,0.0,0.0,0.0,0.04999999999999999,69.22,0.7688529326784166
18746260,2026-05-28 01:18:00+00:00,0.4649999999999999,0,0.0,0.0,0.0,0.0,0.0,0.0,0.04999999999999999,69.22,0.7688529326784166
18746260,2026-05-28 01:18:01+00:00,0.4649999999999999,0,0.0,0.0,0.0,0.0,0.0,0.0,0.04999999999999999,69.22,0.7688529326784166
18746260,2026-05-28 01:18:02+00:00,0.4649999999999999,0,0.0,0.0,0.0,0.0,0.0,0.0,0.04999999999999999,69.22,0.7688529326784166
18746260,2026-05-28 01:18:03+00:00,0.4649999999999999,0,0.0,0.0,0.0,0.0,0.0,0.0,0.04999999999999999,69.22,0.7688529326784166
18746260,2026-05-28 01:18:04+00:00,0.4649999999999999,0,0.0,0.0,0.0,0.0,0.0,0.0,0.04999999999999999,69.22,0.7688529326784166
18746260,2026-05-28 01:18:05+00:00,0.4649999999999999,0,0.0,0.0,0.0,0.0,0.0,0.0,0.04999999999999999,69.22,0.7688529326784166
18746260,2026-05-28 01:18:06+00:00,0.4649999999999999,0,0.0,0.0,0.0,0.0,0.0,0.0,0.04999999999999999,69.22,0.7688529326784166
18746260,2026-05-28 01:18:07+00:00,0.4649999999999999,0,0.0,0.0,0.0,0.0,0.0,0.0,0.04999999999999999,69.22,0.7688529326784166
18746260,2026-05-28 01:18:08+00:00,0.4649999999999999,0,0.0,0.0,0.0,0.0,0.0,0.0,0.04999999999999999,69.22,0.7688529326784166
18746260,2026-05-28 01:18:09+00:00,0.4649999999999999,0,0.0,0.0,0.0,0.0,0.0,0.0,0.04999999999999999,69.22,0.7688529326784166
18746260,2026-05-28 01:18:10+00:00,0.4649999999999999,0,0.0,0.0,0.0,0.0,0.0,0.0,0.04999999999999999,69.22,0.7688529326784166
18746260,2026-05-28 01:18:11+00:00,0.4649999999999999,0,0.0,0.0,0.0,0.0,0.0,0.0,0.04999999999999999,69.22,0.7688529326784166
18746260,2026-05-28 01:18:12+00:00,0.4649999999999999,0,0.0,0.0,0.0,0.0,0.0,0.0,0.04999999999999999,69.22,0.7688529326784166
18746260,2026-05-28 01:18:13+00:00,0.4649999999999999,0,0.0,0.0,0.0,0.0,0.0,0.0,0.04999999999999999,69.22,0.7688529326784166
18746260,2026-05-28 01:18:14+00:00,0.4649999999999999,0,0.0,0.0,0.0,0.0,0.0,0.0,0.04999999999999999,69.22,0.7688529326784166
18746260,2026-05-28 01:18:15+00:00,0.4649999999999999,0,0.0,0.0,0.0,0.0,0.0,0.0,0.04999999999999999,69.22,0.7688529326784166
18746260,2026-05-28 01:18:16+00:00,0.4649999999999999,0,0.0,0.0,0.0,0.0,0.0,0.0,0.04999999999999999,69.22,0.7688529326784166
18746260,2026-05-28 01:18:17+00:00,0.4649999999999999,0,0.0,0.0,0.0,0.0,0.0,0.0,0.04999999999999999,69.22,0.7688529326784166
18746260,2026-05-28 01:18:18+00:00,0.4649999999999999,0,0.0,0.0,0.0,0.0,0.0,0.0,0.04999999999999999,69.22,0.7688529326784166
18746260,2026-05-28 01:18:19+00:00,0.4649999999999999,0,0.0,0.0,0.0,0.0,0.0,0.0,0.04999999999999999,69.22,0.7688529326784166
18746260,2026-05-28 01:18:20+00:00,0.4649999999999999,0,0.0,0.0,0.0,0.0,0.0,0.0,0.04999999999999999,69.22,0.7688529326784166
18746260,2026-05-28 01:18:21+00:00,0.4649999999999999,0,0.0,0.0,0.0,0.0,0.0,0.0,0.04999999999999999,69.22,0.7688529326784166
18746260,2026-05-28 01:18:22+00:00,0.4649999999999999,0,0.0,0.0,0.0,0.0,0.0,0.0,0.04999999999999999,69.22,0.7688529326784166
18746260,2026-05-28 01:18:23+00:00,0.4649999999999999,0,0.0,0.0,0.0,0.0,0.0,0.0,0.04999999999999999,69.22,0.7688529326784166
18746260,2026-05-28 01:18:24+00:00,0.4649999999999999,0,0.0,0.0,0.0,0.0,0.0,0.0,0.04999999999999999,69.22,0.7688529326784166
18746260,2026-05-28 01:18:25+00:00,0.4649999999999999,0,0.0,0.0,0.0,0.0,0.0,0.0,0.04999999999999999,69.22,0.7688529326784166
18746260,2026-05-28 01:18:26+00:00,0.4649999999999999,0,0.0,0.0,0.0,0.0,0.0,0.0,0.04999999999999999,69.22,0.7688529326784166
18746260,2026-05-28 01:18:27+00:00,0.4649999999999999,0,0.0,0.0,0.0,0.0,0.0,0.0,0.04999999999999999,69.22,0.7688529326784166
18746260,2026-05-28 01:18:28+00:00,0.4649999999999999,0,0.0,0.0,0.0,0.0,0.0,0.0,0.04999999999999999,69.22,0.7688529326784166
18746260,2026-05-28 01:18:29+00:00,0.4649999999999999,0,0.0,0.0,0.0,0.0,0.0,0.0,0.04999999999999999,69.22,0.7688529326784166
18746260,2026-05-28 01:18:30+00:00,0.4649999999999999,0,0.0,0.0,0.0,0.0,0.0,0.0,0.04999999999999999,69.22,0.7688529326784166
18746260,2026-05-28 01:18:31+00:00,0.4649999999999999,0,0.0,0.0,0.0,0.0,0.0,0.0,0.04999999999999999,69.22,0.7688529326784166
18746260,2026-05-28 01:18:32+00:00,0.4649999999999999,0,0.0,0.0,0.0,0.0,0.0,0.0,0.04999999999999999,69.22,0.7688529326784166
18746260,2026-05-28 01:18:33+00:00,0.4649999999999999,0,0.0,0.0,0.0,0.0,0.0,0.0,0.04999999999999999,69.22,0.7688529326784166
18746260,2026-05-28 01:18:34+00:00,0.4649999999999999,0,0.0,0.0,0.0,0.0,0.0,0.0,0.04999999999999999,69.22,0.7688529326784166
18746260,2026-05-28 01:18:35+00:00,0.4649999999999999,0,0.0,0.0,0.0,0.0,0.0,0.0,0.04999999999999999,69.22,0.7688529326784166
18746260,2026-05-28 01:18:36+00:00,0.4649999999999999,0,0.0,0.0,0.0,0.0,0.0,0.0,0.04999999999999999,69.22,0.7688529326784166
18746260,2026-05-28 01:18:37+00:00,0.4649999999999999,0,0.0,0.0,0.0,0.0,0.0,0.0,0.04999999999999999,69.22,0.7688529326784166
18746260,2026-05-28 01:18:38+00:00,0.4649999999999999,0,0.0,0.0,0.0,0.0,0.0,0.0,0.04999999999999999,69.22,0.7688529326784166
18746260,2026-05-28 01:18:39+00:00,0.4649999999999999,0,0.0,0.0,0.0,0.0,0.0,0.0,0.04999999999999999,69.22,0.7688529326784166
18746260,2026-05-28 01:18:40+00:00,0.4649999999999999,0,0.0,0.0,0.0,0.0,0.0,0.0,0.04999999999999999,69.22,0.7688529326784166
18746260,2026-05-28 01:18:41+00:00,0.4649999999999999,0,0.0,0.0,0.0,0.0,0.0,0.0,0.04999999999999999,69.22,0.7688529326784166
18746260,2026-05-28 01:18:42+00:00,0.4649999999999999,0,0.0,0.0,0.0,0.0,0.0,0.0,0.04999999999999999,69.22,0.7688529326784166
18746260,2026-05-28 01:18:43+00:00,0.4649999999999999,0,0.0,0.0,0.0,0.0,0.0,0.0,0.04999999999999999,69.22,0.7688529326784166
18746260,2026-05-28 01:18:44+00:00,0.4649999999999999,0,0.0,0.0,0.0,0.0,0.0,0.0,0.04999999999999999,69.22,0.7688529326784166
18746260,2026-05-28 01:18:45+00:00,0.4649999999999999,0,0.0,0.0,0.0,0.0,0.0,0.0,0.04999999999999999,69.22,0.7688529326784166
18746260,2026-05-28 01:18:46+00:00,0.4649999999999999,0,0.0,0.0,0.0,0.0,0.0,0.0,0.04999999999999999,69.22,0.7688529326784166
18746260,2026-05-28 01:18:47+00:00,0.4649999999999999,0,0.0,0.0,0.0,0.0,0.0,0.0,0.04999999999999999,69.22,0.7688529326784166
18746260,2026-05-28 01:18:48+00:00,0.4649999999999999,0,0.0,0.0,0.0,0.0,0.0,0.0,0.04999999999999999,69.22,0.7688529326784166
18746260,2026-05-28 01:18:49+00:00,0.4649999999999999,0,0.0,0.0,0.0,0.0,0.0,0.0,0.04999999999999999,69.22,0.7688529326784166
18746260,2026-05-28 01:18:50+00:00,0.4649999999999999,0,0.0,0.0,0.0,0.0,0.0,0.0,0.04999999999999999,69.22,0.7688529326784166
18746260,2026-05-28 01:18:51+00:00,0.4649999999999999,0,0.0,0.0,0.0,0.0,0.0,0.0,0.04999999999999999,69.22,0.7688529326784166
18746260,2026-05-28 01:18:52+00:00,0.4649999999999999,0,0.0,0.0,0.0,0.0,0.0,0.0,0.04999999999999999,69.22,0.7688529326784166
18746260,2026-05-28 01:18:53+00:00,0.4649999999999999,0,0.0,0.0,0.0,0.0,0.0,0.0,0.04999999999999999,69.22,0.7688529326784166
18746260,2026-05-28 01:18:54+00:00,0.4649999999999999,0,0.0,0.0,0.0,0.0,0.0,0.0,0.04999999999999999,69.22,0.7688529326784166
18746260,2026-05-28 01:18:55+00:00,0.4649999999999999,0,0.0,0.0,0.0,0.0,0.0,0.0,0.04999999999999999,69.22,0.7688529326784166
18746260,2026-05-28 01:18:56+00:00,0.4649999999999999,0,0.0,0.0,0.0,0.0,0.0,0.0,0.04999999999999999,69.22,0.7688529326784166
18746260,2026-05-28 01:18:57+00:00,0.4649999999999999,0,0.0,0.0,0.0,0.0,0.0,0.0,0.04999999999999999,69.22,0.7688529326784166
18746260,2026-05-28 01:18:58+00:00,0.4649999999999999,0,0.0,0.0,0.0,0.0,0.0,0.0,0.04999999999999999,69.22,0.7688529326784166
18746260,2026-05-28 01:18:59+00:00,0.4649999999999999,0,0.0,0.0,0.0,0.0,0.0,0.0,0.04999999999999999,69.22,0.7688529326784166
18746260,2026-05-28 01:19:00+00:00,0.4649999999999999,0,0.0,0.0,0.0,0.0,0.0,0.0,0.04999999999999999,69.22,0.7688529326784166
18746260,2026-05-28 01:19:01+00:00,0.4649999999999999,0,0.0,0.0,0.0,0.0,0.0,0.0,0.04999999999999999,69.22,0.7688529326784166
18746260,2026-05-28 01:19:02+00:00,0.4649999999999999,0,0.0,0.0,0.0,0.0,0.0,0.0,0.04999999999999999,69.22,0.7688529326784166
18746260,2026-05-28 01:19:03+00:00,0.4649999999999999,0,0.0,0.0,0.0,0.0,0.0,0.0,0.04999999999999999,69.22,0.7688529326784166
18746260,2026-05-28 01:19:04+00:00,0.4649999999999999,0,0.0,0.0,0.0,0.0,0.0,0.0,0.04999999999999999,69.22,0.7688529326784166
18746260,2026-05-28 01:19:05+00:00,0.4649999999999999,0,0.0,0.0,0.0,0.0,0.0,0.0,0.04999999999999999,69.22,0.7688529326784166
18746260,2026-05-28 01:19:06+00:00,0.4649999999999999,0,0.0,0.0,0.0,0.0,0.0,0.0,0.04999999999999999,69.22,0.7688529326784166
18746260,2026-05-28 01:19:07+00:00,0.4649999999999999,0,0.0,0.0,0.0,0.0,0.0,0.0,0.04999999999999999,69.22,0.7688529326784166
18746260,2026-05-28 01:19:08+00:00,0.4649999999999999,0,0.0,0.0,0.0,0.0,0.0,0.0,0.04999999999999999,69.22,0.7688529326784166
18746260,2026-05-28 01:19:09+00:00,0.4649999999999999,0,0.0,0.0,0.0,0.0,0.0,0.0,0.04999999999999999,69.22,0.7688529326784166
18746260,2026-05-28 01:19:10+00:00,0.4649999999999999,0,0.0,0.0,0.0,0.0,0.0,0.0,0.04999999999999999,69.22,0.7688529326784166
18746260,2026-05-28 01:19:11+00:00,0.4649999999999999,0,0.0,0.0,0.0,0.0,0.0,0.0,0.04999999999999999,69.22,0.7688529326784166
18746260,2026-05-28 01:19:12+00:00,0.4649999999999999,0,0.0,0.0,0.0,0.0,0.0,0.0,0.04999999999999999,69.22,0.7688529326784166
18746260,2026-05-28 01:19:13+00:00,0.4649999999999999,0,0.0,0.0,0.0,0.0,0.0,0.0,0.04999999999999999,69.22,0.7688529326784166
18746260,2026-05-28 01:19:14+00:00,0.4649999999999999,0,0.0,0.0,0.0,0.0,0.0,0.0,0.04999999999999999,69.22,0.7688529326784166
18746260,2026-05-28 01:19:15+00:00,0.4649999999999999,0,0.0,0.0,0.0,0.0,0.0,0.0,0.04999999999999999,69.22,0.7688529326784166
18746260,2026-05-28 01:19:16+00:00,0.4649999999999999,0,0.0,0.0,0.0,0.0,0.0,0.0,0.04999999999999999,69.22,0.7688529326784166
18746260,2026-05-28 01:19:17+00:00,0.4649999999999999,0,0.0,0.0,0.0,0.0,0.0,0.0,0.04999999999999999,69.22,0.7688529326784166
18746260,2026-05-28 01:19:18+00:00,0.4649999999999999,0,0.0,0.0,0.0,0.0,0.0,0.0,0.04999999999999999,69.22,0.7688529326784166
18746260,2026-05-28 01:19:19+00:00,0.4649999999999999,0,0.0,0.0,0.0,0.0,0.0,0.0,0.04999999999999999,69.22,0.7688529326784166
18746260,2026-05-28 01:19:20+00:00,0.4649999999999999,0,0.0,0.0,0.0,0.0,0.0,0.0,0.04999999999999999,69.22,0.7688529326784166
18746260,2026-05-28 01:19:21+00:00,0.4649999999999999,0,0.0,0.0,0.0,0.0,0.0,0.0,0.04999999999999999,69.22,0.7688529326784166
18746260,2026-05-28 01:19:22+00:00,0.4649999999999999,0,0.0,0.0,0.0,0.0,0.0,0.0,0.04999999999999999,69.22,0.7688529326784166
18746260,2026-05-28 01:19:23+00:00,0.4649999999999999,0,0.0,0.0,0.0,0.0,0.0,0.0,0.04999999999999999,69.22,0.7688529326784166
18746260,2026-05-28 01:19:24+00:00,0.4649999999999999,0,0.0,0.0,0.0,0.0,0.0,0.0,0.04999999999999999,69.22,0.7688529326784166
18746260,2026-05-28 01:19:25+00:00,0.4649999999999999,0,0.0,0.0,0.0,0.0,0.0,0.0,0.04999999999999999,69.22,0.7688529326784166
18746260,2026-05-28 01:19:26+00:00,0.4649999999999999,0,0.0,0.0,0.0,0.0,0.0,0.0,0.04999999999999999,69.22,0.7688529326784166
18746260,2026-05-28 01:19:27+00:00,0.4649999999999999,0,0.0,0.0,0.0,0.0,0.0,0.0,0.04999999999999999,69.22,0.7688529326784166
18746260,2026-05-28 01:19:28+00:00,0.4649999999999999,0,0.0,0.0,0.0,0.0,0.0,0.0,0.04999999999999999,69.22,0.7688529326784166
18746260,2026-05-28 01:19:29+00:00,0.4649999999999999,0,0.0,0.0,0.0,0.0,0.0,0.0,0.04999999999999999,69.22,0.7688529326784166
18746260,2026-05-28 01:19:30+00:00,0.4649999999999999,0,0.0,0.0,0.0,0.0,0.0,0.0,0.04999999999999999,69.22,0.7688529326784166
18746260,2026-05-28 01:19:31+00:00,0.4649999999999999,0,0.0,0.0,0.0,0.0,0.0,0.0,0.04999999999999999,69.22,0.7688529326784166
18746260,2026-05-28 01:19:32+00:00,0.4649999999999999,0,0.0,0.0,0.0,0.0,0.0,0.0,0.04999999999999999,69.22,0.7688529326784166
18746260,2026-05-28 01:19:33+00:00,0.4649999999999999,0,0.0,0.0,0.0,0.0,0.0,0.0,0.04999999999999999,69.22,0.7688529326784166
18746260,2026-05-28 01:19:34+00:00,0.4649999999999999,0,0.0,0.0,0.0,0.0,0.0,0.0,0.04999999999999999,69.22,0.7688529326784166
18746260,2026-05-28 01:19:35+00:00,0.4649999999999999,0,0.0,0.0,0.0,0.0,0.0,0.0,0.04999999999999999,69.22,0.7688529326784166
18746260,2026-05-28 01:19:36+00:00,0.4649999999999999,0,0.0,0.0,0.0,0.0,0.0,0.0,0.04999999999999999,69.22,0.7688529326784166
18746260,2026-05-28 01:19:37+00:00,0.4649999999999999,0,0.0,0.0,0.0,0.0,0.0,0.0,0.04999999999999999,69.22,0.7688529326784166
18746260,2026-05-28 01:19:38+00:00,0.4649999999999999,0,0.0,0.0,0.0,0.0,0.0,0.0,0.04999999999999999,69.22,0.7688529326784166
18746260,2026-05-28 01:19:39+00:00,0.4649999999999999,0,0.0,0.0,0.0,0.0,0.0,0.0,0.04999999999999999,69.22,0.7688529326784166
18746260,2026-05-28 01:19:40+00:00,0.4649999999999999,0,0.0,0.0,0.0,0.0,0.0,0.0,0.04999999999999999,69.22,0.7688529326784166
18746260,2026-05-28 01:19:41+00:00,0.4649999999999999,0,0.0,0.0,0.0,0.0,0.0,0.0,0.04999999999999999,69.22,0.7688529326784166
18746260,2026-05-28 01:19:42+00:00,0.4649999999999999,0,0.0,0.0,0.0,0.0,0.0,0.0,0.04999999999999999,69.22,0.7688529326784166
18746260,2026-05-28 01:19:43+00:00,0.4649999999999999,0,0.0,0.0,0.0,0.0,0.0,0.0,0.04999999999999999,69.22,0.7688529326784166
18746260,2026-05-28 01:19:44+00:00,0.4649999999999999,0,0.0,0.0,0.0,0.0,0.0,0.0,0.04999999999999999,69.22,0.7688529326784166
18746260,2026-05-28 01:19:45+00:00,0.4649999999999999,0,0.0,0.0,0.0,0.0,0.0,0.0,0.04999999999999999,69.22,0.7688529326784166
18746260,2026-05-28 01:19:46+00:00,0.4649999999999999,0,0.0,0.0,0.0,0.0,0.0,0.0,0.04999999999999999,69.22,0.7688529326784166
18746260,2026-05-28 01:19:47+00:00,0.4649999999999999,0,0.0,0.0,0.0,0.0,0.0,0.0,0.04999999999999999,69.22,0.7688529326784166
18746260,2026-05-28 01:19:48+00:00,0.4649999999999999,0,0.0,0.0,0.0,0.0,0.0,0.0,0.04999999999999999,69.22,0.7688529326784166
18746260,2026-05-28 01:19:49+00:00,0.4649999999999999,0,0.0,0.0,0.0,0.0,0.0,0.0,0.04999999999999999,69.22,0.7688529326784166
18746260,2026-05-28 01:19:50+00:00,0.4649999999999999,0,0.0,0.0,0.0,0.0,0.0,0.0,0.04999999999999999,69.22,0.7688529326784166
18746260,2026-05-28 01:19:51+00:00,0.4649999999999999,0,0.0,0.0,0.0,0.0,0.0,0.0,0.04999999999999999,69.22,0.7688529326784166
18746260,2026-05-28 01:19:52+00:00,0.4649999999999999,0,0.0,0.0,0.0,0.0,0.0,0.0,0.04999999999999999,69.22,0.7688529326784166
18746260,2026-05-28 01:19:53+00:00,0.4649999999999999,0,0.0,0.0,0.0,0.0,0.0,0.0,0.04999999999999999,69.22,0.7688529326784166
18746260,2026-05-28 01:19:54+00:00,0.4649999999999999,0,0.0,0.0,0.0,0.0,0.0,0.0,0.04999999999999999,69.22,0.7688529326784166
18746260,2026-05-28 01:19:55+00:00,0.4649999999999999,0,0.0,0.0,0.0,0.0,0.0,0.0,0.04999999999999999,69.22,0.7688529326784166
18746260,2026-05-28 01:19:56+00:00,0.4649999999999999,0,0.0,0.0,0.0,0.0,0.0,0.0,0.04999999999999999,69.22,0.7688529326784166
18746260,2026-05-28 01:19:57+00:00,0.4649999999999999,0,0.0,0.0,0.0,0.0,0.0,0.0,0.04999999999999999,69.22,0.7688529326784166
18746260,2026-05-28 01:19:58+00:00,0.4649999999999999,0,0.0,0.0,0.0,0.0,0.0,0.0,0.04999999999999999,69.22,0.7688529326784166
18746260,2026-05-28 01:19:59+00:00,0.4649999999999999,0,0.0,0.0,0.0,0.0,0.0,0.0,0.04999999999999999,69.22,0.7688529326784166
18746260,2026-05-28 01:20:00+00:00,0.4649999999999999,0,0.0,0.0,0.0,0.0,0.0,0.0,0.04999999999999999,69.22,0.7688529326784166
18746260,2026-05-28 01:20:01+00:00,0.4649999999999999,0,0.0,0.0,0.0,0.0,0.0,0.0,0.04999999999999999,69.22,0.7688529326784166
18746260,2026-05-28 01:20:02+00:00,0.4649999999999999,0,0.0,0.0,0.0,0.0,0.0,0.0,0.04999999999999999,69.22,0.7688529326784166
18746260,2026-05-28 01:20:03+00:00,0.4649999999999999,0,0.0,0.0,0.0,0.0,0.0,0.0,0.04999999999999999,69.22,0.7688529326784166
18746260,2026-05-28 01:20:04+00:00,0.4649999999999999,0,0.0,0.0,0.0,0.0,0.0,0.0,0.04999999999999999,69.22,0.7688529326784166
18746260,2026-05-28 01:20:05+00:00,0.4649999999999999,0,0.0,0.0,0.0,0.0,0.0,0.0,0.04999999999999999,69.22,0.7688529326784166
18746260,2026-05-28 01:20:06+00:00,0.4649999999999999,0,0.0,0.0,0.0,0.0,0.0,0.0,0.04999999999999999,69.22,0.7688529326784166
18746260,2026-05-28 01:20:07+00:00,0.4649999999999999,0,0.0,0.0,0.0,0.0,0.0,0.0,0.04999999999999999,69.22,0.7688529326784166
18746260,2026-05-28 01:20:08+00:00,0.4649999999999999,0,0.0,0.0,0.0,0.0,0.0,0.0,0.04999999999999999,69.22,0.7688529326784166
18746260,2026-05-28 01:20:09+00:00,0.4649999999999999,0,0.0,0.0,0.0,0.0,0.0,0.0,0.04999999999999999,69.22,0.7688529326784166
18746260,2026-05-28 01:20:10+00:00,0.4649999999999999,0,0.0,0.0,0.0,0.0,0.0,0.0,0.04999999999999999,69.22,0.7688529326784166
18746260,2026-05-28 01:20:11+00:00,0.4649999999999999,0,0.0,0.0,0.0,0.0,0.0,0.0,0.04999999999999999,69.22,0.7688529326784166
18746260,2026-05-28 01:20:12+00:00,0.4649999999999999,0,0.0,0.0,0.0,0.0,0.0,0.0,0.04999999999999999,69.22,0.7688529326784166
18746260,2026-05-28 01:20:13+00:00,0.4649999999999999,0,0.0,0.0,0.0,0.0,0.0,0.0,0.04999999999999999,69.22,0.7688529326784166
18746260,2026-05-28 01:20:14+00:00,0.4649999999999999,0,0.0,0.0,0.0,0.0,0.0,0.0,0.04999999999999999,69.22,0.7688529326784166
18746260,2026-05-28 01:20:15+00:00,0.4649999999999999,0,0.0,0.0,0.0,0.0,0.0,0.0,0.04999999999999999,69.22,0.7688529326784166
18746260,2026-05-28 01:20:16+00:00,0.4649999999999999,0,0.0,0.0,0.0,0.0,0.0,0.0,0.04999999999999999,69.22,0.7688529326784166
18746260,2026-05-28 01:20:17+00:00,0.4649999999999999,0,0.0,0.0,0.0,0.0,0.0,0.0,0.04999999999999999,69.22,0.7688529326784166
18746260,2026-05-28 01:20:18+00:00,0.4649999999999999,0,0.0,0.0,0.0,0.0,0.0,0.0,0.04999999999999999,69.22,0.7688529326784166
18746260,2026-05-28 01:20:19+00:00,0.4649999999999999,0,0.0,0.0,0.0,0.0,0.0,0.0,0.04999999999999999,69.22,0.7688529326784166
18746260,2026-05-28 01:20:20+00:00,0.4649999999999999,0,0.0,0.0,0.0,0.0,0.0,0.0,0.04999999999999999,69.22,0.7688529326784166
18746260,2026-05-28 01:20:21+00:00,0.4649999999999999,0,0.0,0.0,0.0,0.0,0.0,0.0,0.04999999999999999,69.22,0.7688529326784166
18746260,2026-05-28 01:20:22+00:00,0.4649999999999999,0,0.0,0.0,0.0,0.0,0.0,0.0,0.04999999999999999,69.22,0.7688529326784166
18746260,2026-05-28 01:20:23+00:00,0.4649999999999999,0,0.0,0.0,0.0,0.0,0.0,0.0,0.04999999999999999,69.22,0.7688529326784166
18746260,2026-05-28 01:20:24+00:00,0.4649999999999999,0,0.0,0.0,0.0,0.0,0.0,0.0,0.04999999999999999,69.22,0.7688529326784166
18746260,2026-05-28 01:20:25+00:00,0.4649999999999999,0,0.0,0.0,0.0,0.0,0.0,0.0,0.04999999999999999,69.22,0.7688529326784166
18746260,2026-05-28 01:20:26+00:00,0.4649999999999999,0,0.0,0.0,0.0,0.0,0.0,0.0,0.04999999999999999,69.22,0.7688529326784166
18746260,2026-05-28 01:20:27+00:00,0.4649999999999999,0,0.0,0.0,0.0,0.0,0.0,0.0,0.04999999999999999,69.22,0.7688529326784166
18746260,2026-05-28 01:20:28+00:00,0.4649999999999999,0,0.0,0.0,0.0,0.0,0.0,0.0,0.04999999999999999,69.22,0.7688529326784166
18746260,2026-05-28 01:20:29+00:00,0.4649999999999999,0,0.0,0.0,0.0,0.0,0.0,0.0,0.04999999999999999,69.22,0.7688529326784166
18746260,2026-05-28 01:20:30+00:00,0.4649999999999999,0,0.0,0.0,0.0,0.0,0.0,0.0,0.04999999999999999,69.22,0.7688529326784166
18746260,2026-05-28 01:20:31+00:00,0.4649999999999999,0,0.0,0.0,0.0,0.0,0.0,0.0,0.04999999999999999,69.22,0.7688529326784166
18746260,2026-05-28 01:20:32+00:00,0.4649999999999999,0,0.0,0.0,0.0,0.0,0.0,0.0,0.04999999999999999,69.22,0.7688529326784166
18746260,2026-05-28 01:20:33+00:00,0.4649999999999999,0,0.0,0.0,0.0,0.0,0.0,0.0,0.04999999999999999,69.22,0.7688529326784166
18746260,2026-05-28 01:20:34+00:00,0.4649999999999999,0,0.0,0.0,0.0,0.0,0.0,0.0,0.04999999999999999,69.22,0.7688529326784166
18746260,2026-05-28 01:20:35+00:00,0.4649999999999999,0,0.0,0.0,0.0,0.0,0.0,0.0,0.04999999999999999,69.22,0.7688529326784166
18746260,2026-05-28 01:20:36+00:00,0.4649999999999999,0,0.0,0.0,0.0,0.0,0.0,0.0,0.04999999999999999,69.22,0.7688529326784166
18746260,2026-05-28 01:20:37+00:00,0.4649999999999999,0,0.0,0.0,0.0,0.0,0.0,0.0,0.04999999999999999,69.22,0.7688529326784166
18746260,2026-05-28 01:20:38+00:00,0.4649999999999999,0,0.0,0.0,0.0,0.0,0.0,0.0,0.04999999999999999,69.22,0.7688529326784166
18746260,2026-05-28 01:20:39+00:00,0.4649999999999999,0,0.0,0.0,0.0,0.0,0.0,0.0,0.04999999999999999,69.22,0.7688529326784166
18746260,2026-05-28 01:20:40+00:00,0.4649999999999999,0,0.0,0.0,0.0,0.0,0.0,0.0,0.04999999999999999,69.22,0.7688529326784166
18746260,2026-05-28 01:20:41+00:00,0.4649999999999999,0,0.0,0.0,0.0,0.0,0.0,0.0,0.04999999999999999,69.22,0.7688529326784166
18746260,2026-05-28 01:20:42+00:00,0.4649999999999999,0,0.0,0.0,0.0,0.0,0.0,0.0,0.04999999999999999,69.22,0.7688529326784166
18746260,2026-05-28 01:20:43+00:00,0.4649999999999999,0,0.0,0.0,0.0,0.0,0.0,0.0,0.04999999999999999,69.22,0.7688529326784166
18746260,2026-05-28 01:20:44+00:00,0.4649999999999999,0,0.0,0.0,0.0,0.0,0.0,0.0,0.04999999999999999,69.22,0.7688529326784166
18746260,2026-05-28 01:20:45+00:00,0.4649999999999999,0,0.0,0.0,0.0,0.0,0.0,0.0,0.04999999999999999,69.22,0.7688529326784166
18746260,2026-05-28 01:20:46+00:00,0.4649999999999999,0,0.0,0.0,0.0,0.0,0.0,0.0,0.04999999999999999,69.22,0.7688529326784166
18746260,2026-05-28 01:20:47+00:00,0.4649999999999999,0,0.0,0.0,0.0,0.0,0.0,0.0,0.04999999999999999,69.22,0.7688529326784166
18746260,2026-05-28 01:20:48+00:00,0.4649999999999999,0,0.0,0.0,0.0,0.0,0.0,0.0,0.04999999999999999,69.22,0.7688529326784166
18746260,2026-05-28 01:20:49+00:00,0.4649999999999999,0,0.0,0.0,0.0,0.0,0.0,0.0,0.04999999999999999,69.22,0.7688529326784166
18746260,2026-05-28 01:20:50+00:00,0.4649999999999999,0,0.0,0.0,0.0,0.0,0.0,0.0,0.04999999999999999,69.22,0.7688529326784166
18746260,2026-05-28 01:20:51+00:00,0.4649999999999999,0,0.0,0.0,0.0,0.0,0.0,0.0,0.04999999999999999,69.22,0.7688529326784166
18746260,2026-05-28 01:20:52+00:00,0.4649999999999999,0,0.0,0.0,0.0,0.0,0.0,0.0,0.04999999999999999,69.22,0.7688529326784166
18746260,2026-05-28 01:20:53+00:00,0.4649999999999999,0,0.0,0.0,0.0,0.0,0.0,0.0,0.04999999999999999,69.22,0.7688529326784166
18746260,2026-05-28 01:20:54+00:00,0.4649999999999999,0,0.0,0.0,0.0,0.0,0.0,0.0,0.04999999999999999,69.22,0.7688529326784166
18746260,2026-05-28 01:20:55+00:00,0.4649999999999999,0,0.0,0.0,0.0,0.0,0.0,0.0,0.04999999999999999,69.22,0.7688529326784166
18746260,2026-05-28 01:20:56+00:00,0.4649999999999999,0,0.0,0.0,0.0,0.0,0.0,0.0,0.04999999999999999,69.22,0.7688529326784166
18746260,2026-05-28 01:20:57+00:00,0.4649999999999999,0,0.0,0.0,0.0,0.0,0.0,0.0,0.04999999999999999,69.22,0.7688529326784166
18746260,2026-05-28 01:20:58+00:00,0.4649999999999999,0,0.0,0.0,0.0,0.0,0.0,0.0,0.04999999999999999,69.22,0.7688529326784166
18746260,2026-05-28 01:20:59+00:00,0.4649999999999999,0,0.0,0.0,0.0,0.0,0.0,0.0,0.04999999999999999,69.22,0.7688529326784166
18746260,2026-05-28 01:21:00+00:00,0.4649999999999999,0,0.0,0.0,0.0,0.0,0.0,0.0,0.04999999999999999,69.22,0.7688529326784166
18746260,2026-05-28 01:21:01+00:00,0.4649999999999999,0,0.0,0.0,0.0,0.0,0.0,0.0,0.04999999999999999,69.22,0.7688529326784166
18746260,2026-05-28 01:21:02+00:00,0.4649999999999999,0,0.0,0.0,0.0,0.0,0.0,0.0,0.04999999999999999,69.22,0.7688529326784166
18746260,2026-05-28 01:21:03+00:00,0.4649999999999999,0,0.0,0.0,0.0,0.0,0.0,0.0,0.04999999999999999,69.22,0.7688529326784166
18746260,2026-05-28 01:21:04+00:00,0.4649999999999999,0,0.0,0.0,0.0,0.0,0.0,0.0,0.04999999999999999,69.22,0.7688529326784166
18746260,2026-05-28 01:21:05+00:00,0.4649999999999999,0,0.0,0.0,0.0,0.0,0.0,0.0,0.04999999999999999,69.22,0.7688529326784166
18746260,2026-05-28 01:21:06+00:00,0.4649999999999999,0,0.0,0.0,0.0,0.0,0.0,0.0,0.04999999999999999,69.22,0.7688529326784166
18746260,2026-05-28 01:21:07+00:00,0.4649999999999999,0,0.0,0.0,0.0,0.0,0.0,0.0,0.04999999999999999,69.22,0.7688529326784166
18746260,2026-05-28 01:21:08+00:00,0.4649999999999999,0,0.0,0.0,0.0,0.0,0.0,0.0,0.04999999999999999,69.22,0.7688529326784166
18746260,2026-05-28 01:21:09+00:00,0.4649999999999999,0,0.0,0.0,0.0,0.0,0.0,0.0,0.04999999999999999,69.22,0.7688529326784166
18746260,2026-05-28 01:21:10+00:00,0.4649999999999999,0,0.0,0.0,0.0,0.0,0.0,0.0,0.04999999999999999,69.22,0.7688529326784166
18746260,2026-05-28 01:21:11+00:00,0.4649999999999999,0,0.0,0.0,0.0,0.0,0.0,0.0,0.04999999999999999,69.22,0.7688529326784166
18746260,2026-05-28 01:21:12+00:00,0.4649999999999999,0,0.0,0.0,0.0,0.0,0.0,0.0,0.04999999999999999,69.22,0.7688529326784166
18746260,2026-05-28 01:21:13+00:00,0.4649999999999999,0,0.0,0.0,0.0,0.0,0.0,0.0,0.04999999999999999,69.22,0.7688529326784166
18746260,2026-05-28 01:21:14+00:00,0.4649999999999999,0,0.0,0.0,0.0,0.0,0.0,0.0,0.04999999999999999,69.22,0.7688529326784166
18746260,2026-05-28 01:21:15+00:00,0.4649999999999999,0,0.0,0.0,0.0,0.0,0.0,0.0,0.04999999999999999,69.22,0.7688529326784166
18746260,2026-05-28 01:21:16+00:00,0.4649999999999999,0,0.0,0.0,0.0,0.0,0.0,0.0,0.04999999999999999,69.22,0.7688529326784166
18746260,2026-05-28 01:21:17+00:00,0.4649999999999999,0,0.0,0.0,0.0,0.0,0.0,0.0,0.04999999999999999,69.22,0.7688529326784166
18746260,2026-05-28 01:21:18+00:00,0.4649999999999999,0,0.0,0.0,0.0,0.0,0.0,0.0,0.04999999999999999,69.22,0.7688529326784166
18746260,2026-05-28 01:21:19+00:00,0.4649999999999999,0,0.0,0.0,0.0,0.0,0.0,0.0,0.04999999999999999,69.22,0.7688529326784166
18746260,2026-05-28 01:21:20+00:00,0.4649999999999999,0,0.0,0.0,0.0,0.0,0.0,0.0,0.04999999999999999,69.22,0.7688529326784166
18746260,2026-05-28 01:21:21+00:00,0.4649999999999999,0,0.0,0.0,0.0,0.0,0.0,0.0,0.04999999999999999,69.22,0.7688529326784166
18746260,2026-05-28 01:21:22+00:00,0.4649999999999999,0,0.0,0.0,0.0,0.0,0.0,0.0,0.04999999999999999,69.22,0.7688529326784166
18746260,2026-05-28 01:21:23+00:00,0.4649999999999999,0,0.0,0.0,0.0,0.0,0.0,0.0,0.04999999999999999,69.22,0.7688529326784166
18746260,2026-05-28 01:21:24+00:00,0.4649999999999999,0,0.0,0.0,0.0,0.0,0.0,0.0,0.04999999999999999,69.22,0.7688529326784166
18746260,2026-05-28 01:21:25+00:00,0.4649999999999999,0,0.0,0.0,0.0,0.0,0.0,0.0,0.04999999999999999,69.22,0.7688529326784166
18746260,2026-05-28 01:21:26+00:00,0.4649999999999999,0,0.0,0.0,0.0,0.0,0.0,0.0,0.04999999999999999,69.22,0.7688529326784166
18746260,2026-05-28 01:21:27+00:00,0.4649999999999999,0,0.0,0.0,0.0,0.0,0.0,0.0,0.04999999999999999,69.22,0.7688529326784166
18746260,2026-05-28 01:21:28+00:00,0.4649999999999999,0,0.0,0.0,0.0,0.0,0.0,0.0,0.04999999999999999,69.22,0.7688529326784166
18746260,2026-05-28 01:21:29+00:00,0.4649999999999999,0,0.0,0.0,0.0,0.0,0.0,0.0,0.04999999999999999,69.22,0.7688529326784166
18746260,2026-05-28 01:21:30+00:00,0.4649999999999999,0,0.0,0.0,0.0,0.0,0.0,0.0,0.04999999999999999,69.22,0.7688529326784166
18746260,2026-05-28 01:21:31+00:00,0.4649999999999999,0,0.0,0.0,0.0,0.0,0.0,0.0,0.04999999999999999,69.22,0.7688529326784166
18746260,2026-05-28 01:21:32+00:00,0.4649999999999999,0,0.0,0.0,0.0,0.0,0.0,0.0,0.04999999999999999,69.22,0.7688529326784166
18746260,2026-05-28 01:21:33+00:00,0.4649999999999999,0,0.0,0.0,0.0,0.0,0.0,0.0,0.04999999999999999,69.22,0.7688529326784166
18746260,2026-05-28 01:21:34+00:00,0.4649999999999999,0,0.0,0.0,0.0,0.0,0.0,0.0,0.04999999999999999,69.22,0.7688529326784166
18746260,2026-05-28 01:21:35+00:00,0.4649999999999999,0,0.0,0.0,0.0,0.0,0.0,0.0,0.04999999999999999,69.22,0.7688529326784166
18746260,2026-05-28 01:21:36+00:00,0.4649999999999999,0,0.0,0.0,0.0,0.0,0.0,0.0,0.04999999999999999,69.22,0.7688529326784166
18746260,2026-05-28 01:21:37+00:00,0.4649999999999999,0,0.0,0.0,0.0,0.0,0.0,0.0,0.04999999999999999,69.22,0.7688529326784166
18746260,2026-05-28 01:21:38+00:00,0.4649999999999999,0,0.0,0.0,0.0,0.0,0.0,0.0,0.04999999999999999,69.22,0.7688529326784166
18746260,2026-05-28 01:21:39+00:00,0.4649999999999999,0,0.0,0.0,0.0,0.0,0.0,0.0,0.04999999999999999,69.22,0.7688529326784166
18746260,2026-05-28 01:21:40+00:00,0.4649999999999999,0,0.0,0.0,0.0,0.0,0.0,0.0,0.04999999999999999,69.22,0.7688529326784166
18746260,2026-05-28 01:21:41+00:00,0.4649999999999999,0,0.0,0.0,0.0,0.0,0.0,0.0,0.04999999999999999,69.22,0.7688529326784166
18746260,2026-05-28 01:21:42+00:00,0.4649999999999999,0,0.0,0.0,0.0,0.0,0.0,0.0,0.04999999999999999,69.22,0.7688529326784166
18746260,2026-05-28 01:21:43+00:00,0.4649999999999999,0,0.0,0.0,0.0,0.0,0.0,0.0,0.04999999999999999,69.22,0.7688529326784166
18746260,2026-05-28 01:21:44+00:00,0.4649999999999999,0,0.0,0.0,0.0,0.0,0.0,0.0,0.04999999999999999,69.22,0.7688529326784166
18746260,2026-05-28 01:21:45+00:00,0.4649999999999999,0,0.0,0.0,0.0,0.0,0.0,0.0,0.04999999999999999,69.22,0.7688529326784166
18746260,2026-05-28 01:21:46+00:00,0.4649999999999999,0,0.0,0.0,0.0,0.0,0.0,0.0,0.04999999999999999,69.22,0.7688529326784166
18746260,2026-05-28 01:21:47+00:00,0.4649999999999999,0,0.0,0.0,0.0,0.0,0.0,0.0,0.04999999999999999,69.22,0.7688529326784166
18746260,2026-05-28 01:21:48+00:00,0.4649999999999999,0,0.0,0.0,0.0,0.0,0.0,0.0,0.04999999999999999,69.22,0.7688529326784166
18746260,2026-05-28 01:21:49+00:00,0.4649999999999999,0,0.0,0.0,0.0,0.0,0.0,0.0,0.04999999999999999,69.22,0.7688529326784166
18746260,2026-05-28 01:21:50+00:00,0.4649999999999999,0,0.0,0.0,0.0,0.0,0.0,0.0,0.04999999999999999,69.22,0.7688529326784166
18746260,2026-05-28 01:21:51+00:00,0.4649999999999999,0,0.0,0.0,0.0,0.0,0.0,0.0,0.04999999999999999,69.22,0.7688529326784166
18746260,2026-05-28 01:21:52+00:00,0.4649999999999999,0,0.0,0.0,0.0,0.0,0.0,0.0,0.04999999999999999,69.22,0.7688529326784166
18746260,2026-05-28 01:21:53+00:00,0.4649999999999999,0,0.0,0.0,0.0,0.0,0.0,0.0,0.04999999999999999,69.22,0.7688529326784166
18746260,2026-05-28 01:21:54+00:00,0.4649999999999999,0,0.0,0.0,0.0,0.0,0.0,0.0,0.04999999999999999,69.22,0.7688529326784166
18746260,2026-05-28 01:21:55+00:00,0.4649999999999999,0,0.0,0.0,0.0,0.0,0.0,0.0,0.04999999999999999,69.22,0.7688529326784166
18746260,2026-05-28 01:21:56+00:00,0.4649999999999999,0,0.0,0.0,0.0,0.0,0.0,0.0,0.04999999999999999,69.22,0.7688529326784166
18746260,2026-05-28 01:21:57+00:00,0.4649999999999999,0,0.0,0.0,0.0,0.0,0.0,0.0,0.04999999999999999,69.22,0.7688529326784166
18746260,2026-05-28 01:21:58+00:00,0.4649999999999999,0,0.0,0.0,0.0,0.0,0.0,0.0,0.04999999999999999,69.22,0.7688529326784166
18746260,2026-05-28 01:21:59+00:00,0.4649999999999999,0,0.0,0.0,0.0,0.0,0.0,0.0,0.04999999999999999,69.22,0.7688529326784166
18746260,2026-05-28 01:22:00+00:00,0.4649999999999999,0,0.0,0.0,0.0,0.0,0.0,0.0,0.04999999999999999,69.22,0.7688529326784166
18746260,2026-05-28 01:22:01+00:00,0.4649999999999999,0,0.0,0.0,0.0,0.0,0.0,0.0,0.04999999999999999,69.22,0.7688529326784166
18746260,2026-05-28 01:22:02+00:00,0.4649999999999999,0,0.0,0.0,0.0,0.0,0.0,0.0,0.04999999999999999,69.22,0.7688529326784166
18746260,2026-05-28 01:22:03+00:00,0.4649999999999999,0,0.0,0.0,0.0,0.0,0.0,0.0,0.04999999999999999,69.22,0.7688529326784166
18746260,2026-05-28 01:22:04+00:00,0.4649999999999999,0,0.0,0.0,0.0,0.0,0.0,0.0,0.04999999999999999,69.22,0.7688529326784166
18746260,2026-05-28 01:22:05+00:00,0.4649999999999999,0,0.0,0.0,0.0,0.0,0.0,0.0,0.04999999999999999,69.22,0.7688529326784166
18746260,2026-05-28 01:22:06+00:00,0.4649999999999999,0,0.0,0.0,0.0,0.0,0.0,0.0,0.04999999999999999,69.22,0.7688529326784166
18746260,2026-05-28 01:22:07+00:00,0.4649999999999999,0,0.0,0.0,0.0,0.0,0.0,0.0,0.04999999999999999,69.22,0.7688529326784166
18746260,2026-05-28 01:22:08+00:00,0.4649999999999999,0,0.0,0.0,0.0,0.0,0.0,0.0,0.04999999999999999,69.22,0.7688529326784166
18746260,2026-05-28 01:22:09+00:00,0.4649999999999999,0,0.0,0.0,0.0,0.0,0.0,0.0,0.04999999999999999,69.22,0.7688529326784166
18746260,2026-05-28 01:22:10+00:00,0.4649999999999999,0,0.0,0.0,0.0,0.0,0.0,0.0,0.04999999999999999,69.22,0.7688529326784166
18746260,2026-05-28 01:22:11+00:00,0.4649999999999999,0,0.0,0.0,0.0,0.0,0.0,0.0,0.04999999999999999,69.22,0.7688529326784166
18746260,2026-05-28 01:22:12+00:00,0.4649999999999999,0,0.0,0.0,0.0,0.0,0.0,0.0,0.04999999999999999,69.22,0.7688529326784166
18746260,2026-05-28 01:22:13+00:00,0.4649999999999999,0,0.0,0.0,0.0,0.0,0.0,0.0,0.04999999999999999,69.22,0.7688529326784166
18746260,2026-05-28 01:22:14+00:00,0.4649999999999999,0,0.0,0.0,0.0,0.0,0.0,0.0,0.04999999999999999,69.22,0.7688529326784166
18746260,2026-05-28 01:22:15+00:00,0.4649999999999999,0,0.0,0.0,0.0,0.0,0.0,0.0,0.04999999999999999,69.22,0.7688529326784166
18746260,2026-05-28 01:22:16+00:00,0.4649999999999999,0,0.0,0.0,0.0,0.0,0.0,0.0,0.04999999999999999,69.22,0.7688529326784166
18746260,2026-05-28 01:22:17+00:00,0.4649999999999999,0,0.0,0.0,0.0,0.0,0.0,0.0,0.04999999999999999,69.22,0.7688529326784166
18746260,2026-05-28 01:22:18+00:00,0.4649999999999999,0,0.0,0.0,0.0,0.0,0.0,0.0,0.04999999999999999,69.22,0.7688529326784166
18746260,2026-05-28 01:22:19+00:00,0.4649999999999999,0,0.0,0.0,0.0,0.0,0.0,0.0,0.04999999999999999,69.22,0.7688529326784166
18746260,2026-05-28 01:22:20+00:00,0.4649999999999999,0,0.0,0.0,0.0,0.0,0.0,0.0,0.04999999999999999,69.22,0.7688529326784166
18746260,2026-05-28 01:22:21+00:00,0.4649999999999999,0,0.0,0.0,0.0,0.0,0.0,0.0,0.04999999999999999,69.22,0.7688529326784166
18746260,2026-05-28 01:22:22+00:00,0.4649999999999999,0,0.0,0.0,0.0,0.0,0.0,0.0,0.04999999999999999,69.22,0.7688529326784166
18746260,2026-05-28 01:22:23+00:00,0.4649999999999999,0,0.0,0.0,0.0,0.0,0.0,0.0,0.04999999999999999,69.22,0.7688529326784166
18746260,2026-05-28 01:22:24+00:00,0.4649999999999999,0,0.0,0.0,0.0,0.0,0.0,0.0,0.04999999999999999,69.22,0.7688529326784166
18746260,2026-05-28 01:22:25+00:00,0.4649999999999999,0,0.0,0.0,0.0,0.0,0.0,0.0,0.04999999999999999,69.22,0.7688529326784166
18746260,2026-05-28 01:22:26+00:00,0.4649999999999999,0,0.0,0.0,0.0,0.0,0.0,0.0,0.04999999999999999,69.22,0.7688529326784166
18746260,2026-05-28 01:22:27+00:00,0.4649999999999999,0,0.0,0.0,0.0,0.0,0.0,0.0,0.04999999999999999,69.22,0.7688529326784166
18746260,2026-05-28 01:22:28+00:00,0.4649999999999999,0,0.0,0.0,0.0,0.0,0.0,0.0,0.04999999999999999,69.22,0.7688529326784166
18746260,2026-05-28 01:22:29+00:00,0.4649999999999999,0,0.0,0.0,0.0,0.0,0.0,0.0,0.04999999999999999,69.22,0.7688529326784166
18746260,2026-05-28 01:22:30+00:00,0.4649999999999999,0,0.0,0.0,0.0,0.0,0.0,0.0,0.04999999999999999,69.22,0.7688529326784166
18746260,2026-05-28 01:22:31+00:00,0.4649999999999999,0,0.0,0.0,0.0,0.0,0.0,0.0,0.04999999999999999,69.22,0.7688529326784166
18746260,2026-05-28 01:22:32+00:00,0.4649999999999999,0,0.0,0.0,0.0,0.0,0.0,0.0,0.04999999999999999,69.22,0.7688529326784166
18746260,2026-05-28 01:22:33+00:00,0.4649999999999999,0,0.0,0.0,0.0,0.0,0.0,0.0,0.04999999999999999,69.22,0.7688529326784166
18746260,2026-05-28 01:22:34+00:00,0.4649999999999999,0,0.0,0.0,0.0,0.0,0.0,0.0,0.04999999999999999,69.22,0.7688529326784166
18746260,2026-05-28 01:22:35+00:00,0.4649999999999999,0,0.0,0.0,0.0,0.0,0.0,0.0,0.04999999999999999,69.22,0.7688529326784166
18746260,2026-05-28 01:22:36+00:00,0.4649999999999999,0,0.0,0.0,0.0,0.0,0.0,0.0,0.04999999999999999,69.22,0.7688529326784166
18746260,2026-05-28 01:22:37+00:00,0.4649999999999999,0,0.0,0.0,0.0,0.0,0.0,0.0,0.04999999999999999,69.22,0.7688529326784166
18746260,2026-05-28 01:22:38+00:00,0.4649999999999999,0,0.0,0.0,0.0,0.0,0.0,0.0,0.04999999999999999,69.22,0.7688529326784166
18746260,2026-05-28 01:22:39+00:00,0.4649999999999999,0,0.0,0.0,0.0,0.0,0.0,0.0,0.04999999999999999,69.22,0.7688529326784166
18746260,2026-05-28 01:22:40+00:00,0.4649999999999999,0,0.0,0.0,0.0,0.0,0.0,0.0,0.04999999999999999,69.22,0.7688529326784166
18746260,2026-05-28 01:22:41+00:00,0.4649999999999999,0,0.0,0.0,0.0,0.0,0.0,0.0,0.04999999999999999,69.22,0.7688529326784166
18746260,2026-05-28 01:22:42+00:00,0.4649999999999999,0,0.0,0.0,0.0,0.0,0.0,0.0,0.04999999999999999,69.22,0.7688529326784166
18746260,2026-05-28 01:22:43+00:00,0.4649999999999999,0,0.0,0.0,0.0,0.0,0.0,0.0,0.04999999999999999,69.22,0.7688529326784166
18746260,2026-05-28 01:22:44+00:00,0.4649999999999999,0,0.0,0.0,0.0,0.0,0.0,0.0,0.04999999999999999,69.22,0.7688529326784166
18746260,2026-05-28 01:22:45+00:00,0.4649999999999999,0,0.0,0.0,0.0,0.0,0.0,0.0,0.04999999999999999,69.22,0.7688529326784166
18746260,2026-05-28 01:22:46+00:00,0.4649999999999999,0,0.0,0.0,0.0,0.0,0.0,0.0,0.04999999999999999,69.22,0.7688529326784166
18746260,2026-05-28 01:22:47+00:00,0.4649999999999999,0,0.0,0.0,0.0,0.0,0.0,0.0,0.04999999999999999,69.22,0.7688529326784166
18746260,2026-05-28 01:22:48+00:00,0.4649999999999999,0,0.0,0.0,0.0,0.0,0.0,0.0,0.04999999999999999,69.22,0.7688529326784166
18746260,2026-05-28 01:22:49+00:00,0.4649999999999999,0,0.0,0.0,0.0,0.0,0.0,0.0,0.04999999999999999,69.22,0.7688529326784166
18746260,2026-05-28 01:22:50+00:00,0.4649999999999999,0,0.0,0.0,0.0,0.0,0.0,0.0,0.04999999999999999,69.22,0.7688529326784166
18746260,2026-05-28 01:22:51+00:00,0.4649999999999999,0,0.0,0.0,0.0,0.0,0.0,0.0,0.04999999999999999,69.22,0.7688529326784166
18746260,2026-05-28 01:22:52+00:00,0.4649999999999999,0,0.0,0.0,0.0,0.0,0.0,0.0,0.04999999999999999,69.22,0.7688529326784166
18746260,2026-05-28 01:22:53+00:00,0.4649999999999999,0,0.0,0.0,0.0,0.0,0.0,0.0,0.04999999999999999,69.22,0.7688529326784166
18746260,2026-05-28 01:22:54+00:00,0.4649999999999999,0,0.0,0.0,0.0,0.0,0.0,0.0,0.04999999999999999,69.22,0.7688529326784166
18746260,2026-05-28 01:22:55+00:00,0.4649999999999999,0,0.0,0.0,0.0,0.0,0.0,0.0,0.04999999999999999,69.22,0.7688529326784166
18746260,2026-05-28 01:22:56+00:00,0.4649999999999999,0,0.0,0.0,0.0,0.0,0.0,0.0,0.04999999999999999,69.22,0.7688529326784166
18746260,2026-05-28 01:22:57+00:00,0.4649999999999999,0,0.0,0.0,0.0,0.0,0.0,0.0,0.04999999999999999,69.22,0.7688529326784166
18746260,2026-05-28 01:22:58+00:00,0.4649999999999999,0,0.0,0.0,0.0,0.0,0.0,0.0,0.04999999999999999,69.22,0.7688529326784166
18746260,2026-05-28 01:22:59+00:00,0.4649999999999999,0,0.0,0.0,0.0,0.0,0.0,0.0,0.04999999999999999,69.22,0.7688529326784166
18746260,2026-05-28 01:23:00+00:00,0.4649999999999999,0,0.0,0.0,0.0,0.0,0.0,0.0,0.04999999999999999,69.22,0.7688529326784166
18746260,2026-05-28 01:23:01+00:00,0.4649999999999999,0,0.0,0.0,0.0,0.0,0.0,0.0,0.04999999999999999,69.22,0.7688529326784166
18746260,2026-05-28 01:23:02+00:00,0.4649999999999999,0,0.0,0.0,0.0,0.0,0.0,0.0,0.04999999999999999,69.22,0.7688529326784166
18746260,2026-05-28 01:23:03+00:00,0.4649999999999999,0,0.0,0.0,0.0,0.0,0.0,0.0,0.04999999999999999,69.22,0.7688529326784166
18746260,2026-05-28 01:23:04+00:00,0.4649999999999999,0,0.0,0.0,0.0,0.0,0.0,0.0,0.04999999999999999,69.22,0.7688529326784166
18746260,2026-05-28 01:23:05+00:00,0.4649999999999999,0,0.0,0.0,0.0,0.0,0.0,0.0,0.04999999999999999,69.22,0.7688529326784166
18746260,2026-05-28 01:23:06+00:00,0.4649999999999999,0,0.0,0.0,0.0,0.0,0.0,0.0,0.04999999999999999,69.22,0.7688529326784166
18746260,2026-05-28 01:23:07+00:00,0.4649999999999999,0,0.0,0.0,0.0,0.0,0.0,0.0,0.04999999999999999,69.22,0.7688529326784166
18746260,2026-05-28 01:23:08+00:00,0.4649999999999999,0,0.0,0.0,0.0,0.0,0.0,0.0,0.04999999999999999,69.22,0.7688529326784166
18746260,2026-05-28 01:23:09+00:00,0.4649999999999999,0,0.0,0.0,0.0,0.0,0.0,0.0,0.04999999999999999,69.22,0.7688529326784166
18746260,2026-05-28 01:23:10+00:00,0.4649999999999999,0,0.0,0.0,0.0,0.0,0.0,0.0,0.04999999999999999,69.22,0.7688529326784166
18746260,2026-05-28 01:23:11+00:00,0.4649999999999999,0,0.0,0.0,0.0,0.0,0.0,0.0,0.04999999999999999,69.22,0.7688529326784166
18746260,2026-05-28 01:23:12+00:00,0.4649999999999999,0,0.0,0.0,0.0,0.0,0.0,0.0,0.04999999999999999,69.22,0.7688529326784166
18746260,2026-05-28 01:23:13+00:00,0.4649999999999999,0,0.0,0.0,0.0,0.0,0.0,0.0,0.04999999999999999,69.22,0.7688529326784166
18746260,2026-05-28 01:23:14+00:00,0.4649999999999999,0,0.0,0.0,0.0,0.0,0.0,0.0,0.04999999999999999,69.22,0.7688529326784166
18746260,2026-05-28 01:23:15+00:00,0.4649999999999999,0,0.0,0.0,0.0,0.0,0.0,0.0,0.04999999999999999,69.22,0.7688529326784166
18746260,2026-05-28 01:23:16+00:00,0.4649999999999999,0,0.0,0.0,0.0,0.0,0.0,0.0,0.04999999999999999,69.22,0.7688529326784166
18746260,2026-05-28 01:23:17+00:00,0.4649999999999999,0,0.0,0.0,0.0,0.0,0.0,0.0,0.04999999999999999,69.22,0.7688529326784166
18746260,2026-05-28 01:23:18+00:00,0.4649999999999999,0,0.0,0.0,0.0,0.0,0.0,0.0,0.04999999999999999,69.22,0.7688529326784166
18746260,2026-05-28 01:23:19+00:00,0.4649999999999999,0,0.0,0.0,0.0,0.0,0.0,0.0,0.04999999999999999,69.22,0.7688529326784166
18746260,2026-05-28 01:23:20+00:00,0.4649999999999999,0,0.0,0.0,0.0,0.0,0.0,0.0,0.04999999999999999,69.22,0.7688529326784166
18746260,2026-05-28 01:23:21+00:00,0.4649999999999999,0,0.0,0.0,0.0,0.0,0.0,0.0,0.04999999999999999,69.22,0.7688529326784166
18746260,2026-05-28 01:23:22+00:00,0.4649999999999999,0,0.0,0.0,0.0,0.0,0.0,0.0,0.04999999999999999,69.22,0.7688529326784166
18746260,2026-05-28 01:23:23+00:00,0.4649999999999999,0,0.0,0.0,0.0,0.0,0.0,0.0,0.04999999999999999,69.22,0.7688529326784166
18746260,2026-05-28 01:23:24+00:00,0.4649999999999999,0,0.0,0.0,0.0,0.0,0.0,0.0,0.04999999999999999,69.22,0.7688529326784166
18746260,2026-05-28 01:23:25+00:00,0.4649999999999999,0,0.0,0.0,0.0,0.0,0.0,0.0,0.04999999999999999,69.22,0.7688529326784166
18746260,2026-05-28 01:23:26+00:00,0.4649999999999999,0,0.0,0.0,0.0,0.0,0.0,0.0,0.04999999999999999,69.22,0.7688529326784166
18746260,2026-05-28 01:23:27+00:00,0.4649999999999999,0,0.0,0.0,0.0,0.0,0.0,0.0,0.04999999999999999,69.22,0.7688529326784166
18746260,2026-05-28 01:23:28+00:00,0.4649999999999999,0,0.0,0.0,0.0,0.0,0.0,0.0,0.04999999999999999,69.22,0.7688529326784166
18746260,2026-05-28 01:23:29+00:00,0.4649999999999999,0,0.0,0.0,0.0,0.0,0.0,0.0,0.04999999999999999,69.22,0.7688529326784166
18746260,2026-05-28 01:23:30+00:00,0.4649999999999999,0,0.0,0.0,0.0,0.0,0.0,0.0,0.04999999999999999,69.22,0.7688529326784166
18746260,2026-05-28 01:23:31+00:00,0.4649999999999999,0,0.0,0.0,0.0,0.0,0.0,0.0,0.04999999999999999,69.22,0.7688529326784166
18746260,2026-05-28 01:23:32+00:00,0.4649999999999999,0,0.0,0.0,0.0,0.0,0.0,0.0,0.04999999999999999,69.22,0.7688529326784166
18746260,2026-05-28 01:23:33+00:00,0.4649999999999999,0,0.0,0.0,0.0,0.0,0.0,0.0,0.04999999999999999,69.22,0.7688529326784166
18746260,2026-05-28 01:23:34+00:00,0.4649999999999999,0,0.0,0.0,0.0,0.0,0.0,0.0,0.04999999999999999,69.22,0.7688529326784166
18746260,2026-05-28 01:23:35+00:00,0.4649999999999999,0,0.0,0.0,0.0,0.0,0.0,0.0,0.04999999999999999,69.22,0.7688529326784166
18746260,2026-05-28 01:23:36+00:00,0.4649999999999999,0,0.0,0.0,0.0,0.0,0.0,0.0,0.04999999999999999,69.22,0.7688529326784166
18746260,2026-05-28 01:23:37+00:00,0.4649999999999999,0,0.0,0.0,0.0,0.0,0.0,0.0,0.04999999999999999,69.22,0.7688529326784166
18746260,2026-05-28 01:23:38+00:00,0.4649999999999999,0,0.0,0.0,0.0,0.0,0.0,0.0,0.04999999999999999,69.22,0.7688529326784166
18746260,2026-05-28 01:23:39+00:00,0.4649999999999999,0,0.0,0.0,0.0,0.0,0.0,0.0,0.04999999999999999,69.22,0.7688529326784166
18746260,2026-05-28 01:23:40+00:00,0.4649999999999999,0,0.0,0.0,0.0,0.0,0.0,0.0,0.04999999999999999,69.22,0.7688529326784166
18746260,2026-05-28 01:23:41+00:00,0.4649999999999999,0,0.0,0.0,0.0,0.0,0.0,0.0,0.04999999999999999,69.22,0.7688529326784166
18746260,2026-05-28 01:23:42+00:00,0.4649999999999999,0,0.0,0.0,0.0,0.0,0.0,0.0,0.04999999999999999,69.22,0.7688529326784166
18746260,2026-05-28 01:23:43+00:00,0.4649999999999999,0,0.0,0.0,0.0,0.0,0.0,0.0,0.04999999999999999,69.22,0.7688529326784166
18746260,2026-05-28 01:23:44+00:00,0.4649999999999999,0,0.0,0.0,0.0,0.0,0.0,0.0,0.04999999999999999,69.22,0.7688529326784166
18746260,2026-05-28 01:23:45+00:00,0.4649999999999999,0,0.0,0.0,0.0,0.0,0.0,0.0,0.04999999999999999,69.22,0.7688529326784166
18746260,2026-05-28 01:23:46+00:00,0.4649999999999999,0,0.0,0.0,0.0,0.0,0.0,0.0,0.04999999999999999,69.22,0.7688529326784166
18746260,2026-05-28 01:23:47+00:00,0.4649999999999999,0,0.0,0.0,0.0,0.0,0.0,0.0,0.04999999999999999,69.22,0.7688529326784166
18746260,2026-05-28 01:23:48+00:00,0.4649999999999999,0,0.0,0.0,0.0,0.0,0.0,0.0,0.04999999999999999,69.22,0.7688529326784166
18746260,2026-05-28 01:23:49+00:00,0.4649999999999999,0,0.0,0.0,0.0,0.0,0.0,0.0,0.04999999999999999,69.22,0.7688529326784166
18746260,2026-05-28 01:23:50+00:00,0.4649999999999999,0,0.0,0.0,0.0,0.0,0.0,0.0,0.04999999999999999,69.22,0.7688529326784166
18746260,2026-05-28 01:23:51+00:00,0.4649999999999999,0,0.0,0.0,0.0,0.0,0.0,0.0,0.04999999999999999,69.22,0.7688529326784166
18746260,2026-05-28 01:23:52+00:00,0.4649999999999999,0,0.0,0.0,0.0,0.0,0.0,0.0,0.04999999999999999,69.22,0.7688529326784166
18746260,2026-05-28 01:23:53+00:00,0.4649999999999999,0,0.0,0.0,0.0,0.0,0.0,0.0,0.04999999999999999,69.22,0.7688529326784166
18746260,2026-05-28 01:23:54+00:00,0.4649999999999999,0,0.0,0.0,0.0,0.0,0.0,0.0,0.04999999999999999,69.22,0.7688529326784166
18746260,2026-05-28 01:23:55+00:00,0.4649999999999999,0,0.0,0.0,0.0,0.0,0.0,0.0,0.04999999999999999,69.22,0.7688529326784166
18746260,2026-05-28 01:23:56+00:00,0.4649999999999999,0,0.0,0.0,0.0,0.0,0.0,0.0,0.04999999999999999,69.22,0.7688529326784166
18746260,2026-05-28 01:23:57+00:00,0.4649999999999999,0,0.0,0.0,0.0,0.0,0.0,0.0,0.04999999999999999,69.22,0.7688529326784166
18746260,2026-05-28 01:23:58+00:00,0.4649999999999999,0,0.0,0.0,0.0,0.0,0.0,0.0,0.04999999999999999,69.22,0.7688529326784166
18746260,2026-05-28 01:23:59+00:00,0.4649999999999999,0,0.0,0.0,0.0,0.0,0.0,0.0,0.04999999999999999,69.22,0.7688529326784166
18746260,2026-05-28 01:24:00+00:00,0.4649999999999999,0,0.0,0.0,0.0,0.0,0.0,0.0,0.04999999999999999,69.22,0.7688529326784166
18746260,2026-05-28 01:24:01+00:00,0.4649999999999999,0,0.0,0.0,0.0,0.0,0.0,0.0,0.04999999999999999,69.22,0.7688529326784166
18746260,2026-05-28 01:24:02+00:00,0.4649999999999999,0,0.0,0.0,0.0,0.0,0.0,0.0,0.04999999999999999,69.22,0.7688529326784166
18746260,2026-05-28 01:24:03+00:00,0.4649999999999999,0,0.0,0.0,0.0,0.0,0.0,0.0,0.04999999999999999,69.22,0.7688529326784166
18746260,2026-05-28 01:24:04+00:00,0.4649999999999999,0,0.0,0.0,0.0,0.0,0.0,0.0,0.04999999999999999,69.22,0.7688529326784166
18746260,2026-05-28 01:24:05+00:00,0.4649999999999999,0,0.0,0.0,0.0,0.0,0.0,0.0,0.04999999999999999,69.22,0.7688529326784166
18746260,2026-05-28 01:24:06+00:00,0.4649999999999999,0,0.0,0.0,0.0,0.0,0.0,0.0,0.04999999999999999,69.22,0.7688529326784166
18746260,2026-05-28 01:24:07+00:00,0.4649999999999999,0,0.0,0.0,0.0,0.0,0.0,0.0,0.04999999999999999,69.22,0.7688529326784166
18746260,2026-05-28 01:24:08+00:00,0.4649999999999999,0,0.0,0.0,0.0,0.0,0.0,0.0,0.04999999999999999,69.22,0.7688529326784166
18746260,2026-05-28 01:24:09+00:00,0.4649999999999999,0,0.0,0.0,0.0,0.0,0.0,0.0,0.04999999999999999,69.22,0.7688529326784166
18746260,2026-05-28 01:24:10+00:00,0.4649999999999999,0,0.0,0.0,0.0,0.0,0.0,0.0,0.04999999999999999,69.22,0.7688529326784166
18746260,2026-05-28 01:24:11+00:00,0.4649999999999999,0,0.0,0.0,0.0,0.0,0.0,0.0,0.04999999999999999,69.22,0.7688529326784166
18746260,2026-05-28 01:24:12+00:00,0.4649999999999999,0,0.0,0.0,0.0,0.0,0.0,0.0,0.04999999999999999,69.22,0.7688529326784166
18746260,2026-05-28 01:24:13+00:00,0.4649999999999999,0,0.0,0.0,0.0,0.0,0.0,0.0,0.04999999999999999,69.22,0.7688529326784166
18746260,2026-05-28 01:24:14+00:00,0.4649999999999999,0,0.0,0.0,0.0,0.0,0.0,0.0,0.04999999999999999,69.22,0.7688529326784166
18746260,2026-05-28 01:24:15+00:00,0.4649999999999999,0,0.0,0.0,0.0,0.0,0.0,0.0,0.04999999999999999,69.22,0.7688529326784166
18746260,2026-05-28 01:24:16+00:00,0.4649999999999999,0,0.0,0.0,0.0,0.0,0.0,0.0,0.04999999999999999,69.22,0.7688529326784166
18746260,2026-05-28 01:24:17+00:00,0.4649999999999999,0,0.0,0.0,0.0,0.0,0.0,0.0,0.04999999999999999,69.22,0.7688529326784166
18746260,2026-05-28 01:24:18+00:00,0.4649999999999999,0,0.0,0.0,0.0,0.0,0.0,0.0,0.04999999999999999,69.22,0.7688529326784166
18746260,2026-05-28 01:24:19+00:00,0.4649999999999999,0,0.0,0.0,0.0,0.0,0.0,0.0,0.04999999999999999,69.22,0.7688529326784166
18746260,2026-05-28 01:24:20+00:00,0.4649999999999999,0,0.0,0.0,0.0,0.0,0.0,0.0,0.04999999999999999,69.22,0.7688529326784166
18746260,2026-05-28 01:24:21+00:00,0.4649999999999999,0,0.0,0.0,0.0,0.0,0.0,0.0,0.04999999999999999,69.22,0.7688529326784166
18746260,2026-05-28 01:24:22+00:00,0.4649999999999999,0,0.0,0.0,0.0,0.0,0.0,0.0,0.04999999999999999,69.22,0.7688529326784166
18746260,2026-05-28 01:24:23+00:00,0.4649999999999999,0,0.0,0.0,0.0,0.0,0.0,0.0,0.04999999999999999,69.22,0.7688529326784166
18746260,2026-05-28 01:24:24+00:00,0.4649999999999999,0,0.0,0.0,0.0,0.0,0.0,0.0,0.04999999999999999,69.22,0.7688529326784166
18746260,2026-05-28 01:24:25+00:00,0.4649999999999999,0,0.0,0.0,0.0,0.0,0.0,0.0,0.04999999999999999,69.22,0.7688529326784166
18746260,2026-05-28 01:24:26+00:00,0.4649999999999999,0,0.0,0.0,0.0,0.0,0.0,0.0,0.04999999999999999,69.22,0.7688529326784166
18746260,2026-05-28 01:24:27+00:00,0.4649999999999999,0,0.0,0.0,0.0,0.0,0.0,0.0,0.04999999999999999,69.22,0.7688529326784166
18746260,2026-05-28 01:24:28+00:00,0.4649999999999999,0,0.0,0.0,0.0,0.0,0.0,0.0,0.04999999999999999,69.22,0.7688529326784166
18746260,2026-05-28 01:24:29+00:00,0.4649999999999999,0,0.0,0.0,0.0,0.0,0.0,0.0,0.04999999999999999,69.22,0.7688529326784166
18746260,2026-05-28 01:24:30+00:00,0.4649999999999999,0,0.0,0.0,0.0,0.0,0.0,0.0,0.04999999999999999,69.22,0.7688529326784166
18746260,2026-05-28 01:24:31+00:00,0.4649999999999999,0,0.0,0.0,0.0,0.0,0.0,0.0,0.04999999999999999,69.22,0.7688529326784166
18746260,2026-05-28 01:24:32+00:00,0.4649999999999999,0,0.0,0.0,0.0,0.0,0.0,0.0,0.04999999999999999,69.22,0.7688529326784166
18746260,2026-05-28 01:24:33+00:00,0.4649999999999999,0,0.0,0.0,0.0,0.0,0.0,0.0,0.04999999999999999,69.22,0.7688529326784166
18746260,2026-05-28 01:24:34+00:00,0.4649999999999999,0,0.0,0.0,0.0,0.0,0.0,0.0,0.04999999999999999,69.22,0.7688529326784166
18746260,2026-05-28 01:24:35+00:00,0.4649999999999999,0,0.0,0.0,0.0,0.0,0.0,0.0,0.04999999999999999,69.22,0.7688529326784166
18746260,2026-05-28 01:24:36+00:00,0.4649999999999999,0,0.0,0.0,0.0,0.0,0.0,0.0,0.04999999999999999,69.22,0.7688529326784166
18746260,2026-05-28 01:24:37+00:00,0.4649999999999999,0,0.0,0.0,0.0,0.0,0.0,0.0,0.04999999999999999,69.22,0.7688529326784166
18746260,2026-05-28 01:24:38+00:00,0.4649999999999999,0,0.0,0.0,0.0,0.0,0.0,0.0,0.04999999999999999,69.22,0.7688529326784166
18746260,2026-05-28 01:24:39+00:00,0.4649999999999999,0,0.0,0.0,0.0,0.0,0.0,0.0,0.04999999999999999,69.22,0.7688529326784166
18746260,2026-05-28 01:24:40+00:00,0.4649999999999999,0,0.0,0.0,0.0,0.0,0.0,0.0,0.04999999999999999,69.22,0.7688529326784166
18746260,2026-05-28 01:24:41+00:00,0.4649999999999999,0,0.0,0.0,0.0,0.0,0.0,0.0,0.04999999999999999,69.22,0.7688529326784166
18746260,2026-05-28 01:24:42+00:00,0.4649999999999999,0,0.0,0.0,0.0,0.0,0.0,0.0,0.04999999999999999,69.22,0.7688529326784166
18746260,2026-05-28 01:24:43+00:00,0.4649999999999999,0,0.0,0.0,0.0,0.0,0.0,0.0,0.04999999999999999,69.22,0.7688529326784166
18746260,2026-05-28 01:24:44+00:00,0.4649999999999999,0,0.0,0.0,0.0,0.0,0.0,0.0,0.04999999999999999,69.22,0.7688529326784166
18746260,2026-05-28 01:24:45+00:00,0.4649999999999999,0,0.0,0.0,0.0,0.0,0.0,0.0,0.04999999999999999,69.22,0.7688529326784166
18746260,2026-05-28 01:24:46+00:00,0.4649999999999999,0,0.0,0.0,0.0,0.0,0.0,0.0,0.04999999999999999,69.22,0.7688529326784166
18746260,2026-05-28 01:24:47+00:00,0.4649999999999999,0,0.0,0.0,0.0,0.0,0.0,0.0,0.04999999999999999,69.22,0.7688529326784166
18746260,2026-05-28 01:24:48+00:00,0.4649999999999999,0,0.0,0.0,0.0,0.0,0.0,0.0,0.04999999999999999,69.22,0.7688529326784166
18746260,2026-05-28 01:24:49+00:00,0.4649999999999999,0,0.0,0.0,0.0,0.0,0.0,0.0,0.04999999999999999,69.22,0.7688529326784166
18746260,2026-05-28 01:24:50+00:00,0.4649999999999999,0,0.0,0.0,0.0,0.0,0.0,0.0,0.04999999999999999,69.22,0.7688529326784166
18746260,2026-05-28 01:24:51+00:00,0.4649999999999999,0,0.0,0.0,0.0,0.0,0.0,0.0,0.04999999999999999,69.22,0.7688529326784166
18746260,2026-05-28 01:24:52+00:00,0.4649999999999999,0,0.0,0.0,0.0,0.0,0.0,0.0,0.04999999999999999,69.22,0.7688529326784166
18746260,2026-05-28 01:24:53+00:00,0.4649999999999999,0,0.0,0.0,0.0,0.0,0.0,0.0,0.04999999999999999,69.22,0.7688529326784166
18746260,2026-05-28 01:24:54+00:00,0.4649999999999999,0,0.0,0.0,0.0,0.0,0.0,0.0,0.04999999999999999,69.22,0.7688529326784166
18746260,2026-05-28 01:24:55+00:00,0.4649999999999999,0,0.0,0.0,0.0,0.0,0.0,0.0,0.04999999999999999,69.22,0.7688529326784166
18746260,2026-05-28 01:24:56+00:00,0.4649999999999999,0,0.0,0.0,0.0,0.0,0.0,0.0,0.04999999999999999,69.22,0.7688529326784166
18746260,2026-05-28 01:24:57+00:00,0.4649999999999999,0,0.0,0.0,0.0,0.0,0.0,0.0,0.04999999999999999,69.22,0.7688529326784166
18746260,2026-05-28 01:24:58+00:00,0.4649999999999999,0,0.0,0.0,0.0,0.0,0.0,0.0,0.04999999999999999,69.22,0.7688529326784166
18746260,2026-05-28 01:24:59+00:00,0.4649999999999999,0,0.0,0.0,0.0,0.0,0.0,0.0,0.04999999999999999,69.22,0.7688529326784166
18746260,2026-05-28 01:25:00+00:00,0.4649999999999999,0,0.0,0.0,0.0,0.0,0.0,0.0,0.04999999999999999,69.22,0.7688529326784166
18746260,2026-05-28 01:25:01+00:00,0.4649999999999999,0,0.0,0.0,0.0,0.0,0.0,0.0,0.04999999999999999,69.22,0.7688529326784166
18746260,2026-05-28 01:25:02+00:00,0.4649999999999999,0,0.0,0.0,0.0,0.0,0.0,0.0,0.04999999999999999,69.22,0.7688529326784166
18746260,2026-05-28 01:25:03+00:00,0.4649999999999999,0,0.0,0.0,0.0,0.0,0.0,0.0,0.04999999999999999,69.22,0.7688529326784166
18746260,2026-05-28 01:25:04+00:00,0.4649999999999999,0,0.0,0.0,0.0,0.0,0.0,0.0,0.04999999999999999,69.22,0.7688529326784166
18746260,2026-05-28 01:25:05+00:00,0.4649999999999999,0,0.0,0.0,0.0,0.0,0.0,0.0,0.04999999999999999,69.22,0.7688529326784166
18746260,2026-05-28 01:25:06+00:00,0.4649999999999999,0,0.0,0.0,0.0,0.0,0.0,0.0,0.04999999999999999,69.22,0.7688529326784166
18746260,2026-05-28 01:25:07+00:00,0.4649999999999999,0,0.0,0.0,0.0,0.0,0.0,0.0,0.04999999999999999,69.22,0.7688529326784166
18746260,2026-05-28 01:25:08+00:00,0.4649999999999999,0,0.0,0.0,0.0,0.0,0.0,0.0,0.04999999999999999,69.22,0.7688529326784166
18746260,2026-05-28 01:25:09+00:00,0.4649999999999999,0,0.0,0.0,0.0,0.0,0.0,0.0,0.04999999999999999,69.22,0.7688529326784166
18746260,2026-05-28 01:25:10+00:00,0.4649999999999999,0,0.0,0.0,0.0,0.0,0.0,0.0,0.04999999999999999,69.22,0.7688529326784166
18746260,2026-05-28 01:25:11+00:00,0.4649999999999999,0,0.0,0.0,0.0,0.0,0.0,0.0,0.04999999999999999,69.22,0.7688529326784166
18746260,2026-05-28 01:25:12+00:00,0.4649999999999999,0,0.0,0.0,0.0,0.0,0.0,0.0,0.04999999999999999,69.22,0.7688529326784166
18746260,2026-05-28 01:25:13+00:00,0.4649999999999999,0,0.0,0.0,0.0,0.0,0.0,0.0,0.04999999999999999,69.22,0.7688529326784166
18746260,2026-05-28 01:25:14+00:00,0.4649999999999999,0,0.0,0.0,0.0,0.0,0.0,0.0,0.04999999999999999,69.22,0.7688529326784166
18746260,2026-05-28 01:25:15+00:00,0.4649999999999999,0,0.0,0.0,0.0,0.0,0.0,0.0,0.04999999999999999,69.22,0.7688529326784166
18746260,2026-05-28 01:25:16+00:00,0.4649999999999999,0,0.0,0.0,0.0,0.0,0.0,0.0,0.04999999999999999,69.22,0.7688529326784166
18746260,2026-05-28 01:25:17+00:00,0.4649999999999999,0,0.0,0.0,0.0,0.0,0.0,0.0,0.04999999999999999,69.22,0.7688529326784166
18746260,2026-05-28 01:25:18+00:00,0.4649999999999999,0,0.0,0.0,0.0,0.0,0.0,0.0,0.04999999999999999,69.22,0.7688529326784166
18746260,2026-05-28 01:25:19+00:00,0.4649999999999999,0,0.0,0.0,0.0,0.0,0.0,0.0,0.04999999999999999,69.22,0.7688529326784166
18746260,2026-05-28 01:25:20+00:00,0.4649999999999999,0,0.0,0.0,0.0,0.0,0.0,0.0,0.04999999999999999,69.22,0.7688529326784166
18746260,2026-05-28 01:25:21+00:00,0.4649999999999999,0,0.0,0.0,0.0,0.0,0.0,0.0,0.04999999999999999,69.22,0.7688529326784166
18746260,2026-05-28 01:25:22+00:00,0.4649999999999999,0,0.0,0.0,0.0,0.0,0.0,0.0,0.04999999999999999,69.22,0.7688529326784166
18746260,2026-05-28 01:25:23+00:00,0.4649999999999999,0,0.0,0.0,0.0,0.0,0.0,0.0,0.04999999999999999,69.22,0.7688529326784166
18746260,2026-05-28 01:25:24+00:00,0.4649999999999999,0,0.0,0.0,0.0,0.0,0.0,0.0,0.04999999999999999,69.22,0.7688529326784166
18746260,2026-05-28 01:25:25+00:00,0.4649999999999999,0,0.0,0.0,0.0,0.0,0.0,0.0,0.04999999999999999,69.22,0.7688529326784166
18746260,2026-05-28 01:25:26+00:00,0.4649999999999999,0,0.0,0.0,0.0,0.0,0.0,0.0,0.04999999999999999,69.22,0.7688529326784166
18746260,2026-05-28 01:25:27+00:00,0.4649999999999999,0,0.0,0.0,0.0,0.0,0.0,0.0,0.04999999999999999,69.22,0.7688529326784166
18746260,2026-05-28 01:25:28+00:00,0.4649999999999999,0,0.0,0.0,0.0,0.0,0.0,0.0,0.04999999999999999,69.22,0.7688529326784166
18746260,2026-05-28 01:25:29+00:00,0.4649999999999999,0,0.0,0.0,0.0,0.0,0.0,0.0,0.04999999999999999,69.22,0.7688529326784166
18746260,2026-05-28 01:25:30+00:00,0.4649999999999999,0,0.0,0.0,0.0,0.0,0.0,0.0,0.04999999999999999,69.22,0.7688529326784166
18746260,2026-05-28 01:25:31+00:00,0.4649999999999999,0,0.0,0.0,0.0,0.0,0.0,0.0,0.04999999999999999,69.22,0.7688529326784166
18746260,2026-05-28 01:25:32+00:00,0.4649999999999999,0,0.0,0.0,0.0,0.0,0.0,0.0,0.04999999999999999,69.22,0.7688529326784166
18746260,2026-05-28 01:25:33+00:00,0.4649999999999999,0,0.0,0.0,0.0,0.0,0.0,0.0,0.04999999999999999,69.22,0.7688529326784166
18746260,2026-05-28 01:25:34+00:00,0.4649999999999999,0,0.0,0.0,0.0,0.0,0.0,0.0,0.04999999999999999,69.22,0.7688529326784166
18746260,2026-05-28 01:25:35+00:00,0.4649999999999999,0,0.0,0.0,0.0,0.0,0.0,0.0,0.04999999999999999,69.22,0.7688529326784166
18746260,2026-05-28 01:25:36+00:00,0.4649999999999999,0,0.0,0.0,0.0,0.0,0.0,0.0,0.04999999999999999,69.22,0.7688529326784166
18746260,2026-05-28 01:25:37+00:00,0.4649999999999999,0,0.0,0.0,0.0,0.0,0.0,0.0,0.04999999999999999,69.22,0.7688529326784166
18746260,2026-05-28 01:25:38+00:00,0.4649999999999999,0,0.0,0.0,0.0,0.0,0.0,0.0,0.04999999999999999,69.22,0.7688529326784166
18746260,2026-05-28 01:25:39+00:00,0.4649999999999999,0,0.0,0.0,0.0,0.0,0.0,0.0,0.04999999999999999,69.22,0.7688529326784166
18746260,2026-05-28 01:25:40+00:00,0.4649999999999999,0,0.0,0.0,0.0,0.0,0.0,0.0,0.04999999999999999,69.22,0.7688529326784166
18746260,2026-05-28 01:25:41+00:00,0.4649999999999999,0,0.0,0.0,0.0,0.0,0.0,0.0,0.04999999999999999,69.22,0.7688529326784166
18746260,2026-05-28 01:25:42+00:00,0.4649999999999999,0,0.0,0.0,0.0,0.0,0.0,0.0,0.04999999999999999,69.22,0.7688529326784166
18746260,2026-05-28 01:25:43+00:00,0.4649999999999999,0,0.0,0.0,0.0,0.0,0.0,0.0,0.04999999999999999,69.22,0.7688529326784166
18746260,2026-05-28 01:25:44+00:00,0.4649999999999999,0,0.0,0.0,0.0,0.0,0.0,0.0,0.04999999999999999,69.22,0.7688529326784166
18746260,2026-05-28 01:25:45+00:00,0.4649999999999999,0,0.0,0.0,0.0,0.0,0.0,0.0,0.04999999999999999,69.22,0.7688529326784166
18746260,2026-05-28 01:25:46+00:00,0.4649999999999999,0,0.0,0.0,0.0,0.0,0.0,0.0,0.04999999999999999,69.22,0.7688529326784166
18746260,2026-05-28 01:25:47+00:00,0.4649999999999999,0,0.0,0.0,0.0,0.0,0.0,0.0,0.04999999999999999,69.22,0.7688529326784166
18746260,2026-05-28 01:25:48+00:00,0.4649999999999999,0,0.0,0.0,0.0,0.0,0.0,0.0,0.04999999999999999,69.22,0.7688529326784166
18746260,2026-05-28 01:25:49+00:00,0.4649999999999999,0,0.0,0.0,0.0,0.0,0.0,0.0,0.04999999999999999,69.22,0.7688529326784166
18746260,2026-05-28 01:25:50+00:00,0.4649999999999999,0,0.0,0.0,0.0,0.0,0.0,0.0,0.04999999999999999,69.22,0.7688529326784166
18746260,2026-05-28 01:25:51+00:00,0.4649999999999999,0,0.0,0.0,0.0,0.0,0.0,0.0,0.04999999999999999,69.22,0.7688529326784166
18746260,2026-05-28 01:25:52+00:00,0.4649999999999999,0,0.0,0.0,0.0,0.0,0.0,0.0,0.04999999999999999,69.22,0.7688529326784166
18746260,2026-05-28 01:25:53+00:00,0.4649999999999999,0,0.0,0.0,0.0,0.0,0.0,0.0,0.04999999999999999,69.22,0.7688529326784166
18746260,2026-05-28 01:25:54+00:00,0.4649999999999999,0,0.0,0.0,0.0,0.0,0.0,0.0,0.04999999999999999,69.22,0.7688529326784166
18746260,2026-05-28 01:25:55+00:00,0.4649999999999999,0,0.0,0.0,0.0,0.0,0.0,0.0,0.04999999999999999,69.22,0.7688529326784166
18746260,2026-05-28 01:25:56+00:00,0.4649999999999999,0,0.0,0.0,0.0,0.0,0.0,0.0,0.04999999999999999,69.22,0.7688529326784166
18746260,2026-05-28 01:25:57+00:00,0.4649999999999999,0,0.0,0.0,0.0,0.0,0.0,0.0,0.04999999999999999,69.22,0.7688529326784166
18746260,2026-05-28 01:25:58+00:00,0.4649999999999999,0,0.0,0.0,0.0,0.0,0.0,0.0,0.04999999999999999,69.22,0.7688529326784166
18746260,2026-05-28 01:25:59+00:00,0.4649999999999999,0,0.0,0.0,0.0,0.0,0.0,0.0,0.04999999999999999,69.22,0.7688529326784166
18746260,2026-05-28 01:26:00+00:00,0.4649999999999999,0,0.0,0.0,0.0,0.0,0.0,0.0,0.04999999999999999,69.22,0.7688529326784166
18746260,2026-05-28 01:26:01+00:00,0.4649999999999999,0,0.0,0.0,0.0,0.0,0.0,0.0,0.04999999999999999,69.22,0.7688529326784166
18746260,2026-05-28 01:26:02+00:00,0.4649999999999999,0,0.0,0.0,0.0,0.0,0.0,0.0,0.04999999999999999,69.22,0.7688529326784166
18746260,2026-05-28 01:26:03+00:00,0.4649999999999999,0,0.0,0.0,0.0,0.0,0.0,0.0,0.04999999999999999,69.22,0.7688529326784166
18746260,2026-05-28 01:26:04+00:00,0.4649999999999999,0,0.0,0.0,0.0,0.0,0.0,0.0,0.04999999999999999,69.22,0.7688529326784166
18746260,2026-05-28 01:26:05+00:00,0.4649999999999999,0,0.0,0.0,0.0,0.0,0.0,0.0,0.04999999999999999,69.22,0.7688529326784166
18746260,2026-05-28 01:26:06+00:00,0.4649999999999999,0,0.0,0.0,0.0,0.0,0.0,0.0,0.04999999999999999,69.22,0.7688529326784166
18746260,2026-05-28 01:26:07+00:00,0.4649999999999999,0,0.0,0.0,0.0,0.0,0.0,0.0,0.04999999999999999,69.22,0.7688529326784166
18746260,2026-05-28 01:26:08+00:00,0.4649999999999999,0,0.0,0.0,0.0,0.0,0.0,0.0,0.04999999999999999,69.22,0.7688529326784166
18746260,2026-05-28 01:26:09+00:00,0.4649999999999999,0,0.0,0.0,0.0,0.0,0.0,0.0,0.04999999999999999,69.22,0.7688529326784166
18746260,2026-05-28 01:26:10+00:00,0.4649999999999999,0,0.0,0.0,0.0,0.0,0.0,0.0,0.04999999999999999,69.22,0.7688529326784166
18746260,2026-05-28 01:26:11+00:00,0.4649999999999999,0,0.0,0.0,0.0,0.0,0.0,0.0,0.04999999999999999,69.22,0.7688529326784166
18746260,2026-05-28 01:26:12+00:00,0.4649999999999999,0,0.0,0.0,0.0,0.0,0.0,0.0,0.04999999999999999,69.22,0.7688529326784166
18746260,2026-05-28 01:26:13+00:00,0.4649999999999999,0,0.0,0.0,0.0,0.0,0.0,0.0,0.04999999999999999,69.22,0.7688529326784166
18746260,2026-05-28 01:26:14+00:00,0.4649999999999999,0,0.0,0.0,0.0,0.0,0.0,0.0,0.04999999999999999,69.22,0.7688529326784166
18746260,2026-05-28 01:26:15+00:00,0.4649999999999999,0,0.0,0.0,0.0,0.0,0.0,0.0,0.04999999999999999,69.22,0.7688529326784166
18746260,2026-05-28 01:26:16+00:00,0.4649999999999999,0,0.0,0.0,0.0,0.0,0.0,0.0,0.04999999999999999,69.22,0.7688529326784166
18746260,2026-05-28 01:26:17+00:00,0.4649999999999999,0,0.0,0.0,0.0,0.0,0.0,0.0,0.04999999999999999,69.22,0.7688529326784166
18746260,2026-05-28 01:26:18+00:00,0.4649999999999999,0,0.0,0.0,0.0,0.0,0.0,0.0,0.04999999999999999,69.22,0.7688529326784166
18746260,2026-05-28 01:26:19+00:00,0.4649999999999999,0,0.0,0.0,0.0,0.0,0.0,0.0,0.04999999999999999,69.22,0.7688529326784166
18746260,2026-05-28 01:26:20+00:00,0.4649999999999999,0,0.0,0.0,0.0,0.0,0.0,0.0,0.04999999999999999,69.22,0.7688529326784166
18746260,2026-05-28 01:26:21+00:00,0.4649999999999999,0,0.0,0.0,0.0,0.0,0.0,0.0,0.04999999999999999,69.22,0.7688529326784166
18746260,2026-05-28 01:26:22+00:00,0.4649999999999999,0,0.0,0.0,0.0,0.0,0.0,0.0,0.04999999999999999,69.22,0.7688529326784166
18746260,2026-05-28 01:26:23+00:00,0.4649999999999999,0,0.0,0.0,0.0,0.0,0.0,0.0,0.04999999999999999,69.22,0.7688529326784166
18746260,2026-05-28 01:26:24+00:00,0.4649999999999999,0,0.0,0.0,0.0,0.0,0.0,0.0,0.04999999999999999,69.22,0.7688529326784166
18746260,2026-05-28 01:26:25+00:00,0.4649999999999999,0,0.0,0.0,0.0,0.0,0.0,0.0,0.04999999999999999,69.22,0.7688529326784166
18746260,2026-05-28 01:26:26+00:00,0.4649999999999999,0,0.0,0.0,0.0,0.0,0.0,0.0,0.04999999999999999,69.22,0.7688529326784166
18746260,2026-05-28 01:26:27+00:00,0.4649999999999999,0,0.0,0.0,0.0,0.0,0.0,0.0,0.04999999999999999,69.22,0.7688529326784166
18746260,2026-05-28 01:26:28+00:00,0.4649999999999999,0,0.0,0.0,0.0,0.0,0.0,0.0,0.04999999999999999,69.22,0.7688529326784166
18746260,2026-05-28 01:26:29+00:00,0.4649999999999999,0,0.0,0.0,0.0,0.0,0.0,0.0,0.04999999999999999,69.22,0.7688529326784166
18746260,2026-05-28 01:26:30+00:00,0.4649999999999999,0,0.0,0.0,0.0,0.0,0.0,0.0,0.04999999999999999,69.22,0.7688529326784166
18746260,2026-05-28 01:26:31+00:00,0.4649999999999999,0,0.0,0.0,0.0,0.0,0.0,0.0,0.04999999999999999,69.22,0.7688529326784166
18746260,2026-05-28 01:26:32+00:00,0.4649999999999999,0,0.0,0.0,0.0,0.0,0.0,0.0,0.04999999999999999,69.22,0.7688529326784166
18746260,2026-05-28 01:26:33+00:00,0.4649999999999999,0,0.0,0.0,0.0,0.0,0.0,0.0,0.04999999999999999,69.22,0.7688529326784166
18746260,2026-05-28 01:26:34+00:00,0.4649999999999999,0,0.0,0.0,0.0,0.0,0.0,0.0,0.04999999999999999,69.22,0.7688529326784166
18746260,2026-05-28 01:26:35+00:00,0.4649999999999999,0,0.0,0.0,0.0,0.0,0.0,0.0,0.04999999999999999,69.22,0.7688529326784166
18746260,2026-05-28 01:26:36+00:00,0.4649999999999999,0,0.0,0.0,0.0,0.0,0.0,0.0,0.04999999999999999,69.22,0.7688529326784166
18746260,2026-05-28 01:26:37+00:00,0.4649999999999999,0,0.0,0.0,0.0,0.0,0.0,0.0,0.04999999999999999,69.22,0.7688529326784166
18746260,2026-05-28 01:26:38+00:00,0.4649999999999999,0,0.0,0.0,0.0,0.0,0.0,0.0,0.04999999999999999,69.22,0.7688529326784166
18746260,2026-05-28 01:26:39+00:00,0.4649999999999999,0,0.0,0.0,0.0,0.0,0.0,0.0,0.04999999999999999,69.22,0.7688529326784166
18746260,2026-05-28 01:26:40+00:00,0.4649999999999999,0,0.0,0.0,0.0,0.0,0.0,0.0,0.04999999999999999,69.22,0.7688529326784166
18746260,2026-05-28 01:26:41+00:00,0.4649999999999999,0,0.0,0.0,0.0,0.0,0.0,0.0,0.04999999999999999,69.22,0.7688529326784166
18746260,2026-05-28 01:26:42+00:00,0.4649999999999999,0,0.0,0.0,0.0,0.0,0.0,0.0,0.04999999999999999,69.22,0.7688529326784166
18746260,2026-05-28 01:26:43+00:00,0.4649999999999999,0,0.0,0.0,0.0,0.0,0.0,0.0,0.04999999999999999,69.22,0.7688529326784166
18746260,2026-05-28 01:26:44+00:00,0.4649999999999999,0,0.0,0.0,0.0,0.0,0.0,0.0,0.04999999999999999,69.22,0.7688529326784166
18746260,2026-05-28 01:26:45+00:00,0.4649999999999999,0,0.0,0.0,0.0,0.0,0.0,0.0,0.04999999999999999,69.22,0.7688529326784166
18746260,2026-05-28 01:26:46+00:00,0.4649999999999999,0,0.0,0.0,0.0,0.0,0.0,0.0,0.04999999999999999,69.22,0.7688529326784166
18746260,2026-05-28 01:26:47+00:00,0.4649999999999999,0,0.0,0.0,0.0,0.0,0.0,0.0,0.04999999999999999,69.22,0.7688529326784166
18746260,2026-05-28 01:26:48+00:00,0.4649999999999999,0,0.0,0.0,0.0,0.0,0.0,0.0,0.04999999999999999,69.22,0.7688529326784166
18746260,2026-05-28 01:26:49+00:00,0.4649999999999999,0,0.0,0.0,0.0,0.0,0.0,0.0,0.04999999999999999,69.22,0.7688529326784166
18746260,2026-05-28 01:26:50+00:00,0.4649999999999999,0,0.0,0.0,0.0,0.0,0.0,0.0,0.04999999999999999,69.22,0.7688529326784166
18746260,2026-05-28 01:26:51+00:00,0.4649999999999999,0,0.0,0.0,0.0,0.0,0.0,0.0,0.04999999999999999,69.22,0.7688529326784166
18746260,2026-05-28 01:26:52+00:00,0.4649999999999999,0,0.0,0.0,0.0,0.0,0.0,0.0,0.04999999999999999,69.22,0.7688529326784166
18746260,2026-05-28 01:26:53+00:00,0.4649999999999999,0,0.0,0.0,0.0,0.0,0.0,0.0,0.04999999999999999,69.22,0.7688529326784166
18746260,2026-05-28 01:26:54+00:00,0.4649999999999999,0,0.0,0.0,0.0,0.0,0.0,0.0,0.04999999999999999,69.22,0.7688529326784166
18746260,2026-05-28 01:26:55+00:00,0.4649999999999999,0,0.0,0.0,0.0,0.0,0.0,0.0,0.04999999999999999,69.22,0.7688529326784166
18746260,2026-05-28 01:26:56+00:00,0.4649999999999999,0,0.0,0.0,0.0,0.0,0.0,0.0,0.04999999999999999,69.22,0.7688529326784166
18746260,2026-05-28 01:26:57+00:00,0.4649999999999999,0,0.0,0.0,0.0,0.0,0.0,0.0,0.04999999999999999,69.22,0.7688529326784166
18746260,2026-05-28 01:26:58+00:00,0.4649999999999999,0,0.0,0.0,0.0,0.0,0.0,0.0,0.04999999999999999,69.22,0.7688529326784166
18746260,2026-05-28 01:26:59+00:00,0.4649999999999999,0,0.0,0.0,0.0,0.0,0.0,0.0,0.04999999999999999,69.22,0.7688529326784166
18746260,2026-05-28 01:27:00+00:00,0.4649999999999999,0,0.0,0.0,0.0,0.0,0.0,0.0,0.04999999999999999,69.22,0.7688529326784166
18746260,2026-05-28 01:27:01+00:00,0.4649999999999999,0,0.0,0.0,0.0,0.0,0.0,0.0,0.04999999999999999,69.22,0.7688529326784166
18746260,2026-05-28 01:27:02+00:00,0.4649999999999999,0,0.0,0.0,0.0,0.0,0.0,0.0,0.04999999999999999,69.22,0.7688529326784166
18746260,2026-05-28 01:27:03+00:00,0.4649999999999999,0,0.0,0.0,0.0,0.0,0.0,0.0,0.04999999999999999,69.22,0.7688529326784166
18746260,2026-05-28 01:27:04+00:00,0.4649999999999999,0,0.0,0.0,0.0,0.0,0.0,0.0,0.04999999999999999,69.22,0.7688529326784166
18746260,2026-05-28 01:27:05+00:00,0.4649999999999999,0,0.0,0.0,0.0,0.0,0.0,0.0,0.04999999999999999,69.22,0.7688529326784166
18746260,2026-05-28 01:27:06+00:00,0.4649999999999999,0,0.0,0.0,0.0,0.0,0.0,0.0,0.04999999999999999,69.22,0.7688529326784166
18746260,2026-05-28 01:27:07+00:00,0.4649999999999999,0,0.0,0.0,0.0,0.0,0.0,0.0,0.04999999999999999,69.22,0.7688529326784166
18746260,2026-05-28 01:27:08+00:00,0.4649999999999999,0,0.0,0.0,0.0,0.0,0.0,0.0,0.04999999999999999,69.22,0.7688529326784166
18746260,2026-05-28 01:27:09+00:00,0.4649999999999999,0,0.0,0.0,0.0,0.0,0.0,0.0,0.04999999999999999,69.22,0.7688529326784166
18746260,2026-05-28 01:27:10+00:00,0.4649999999999999,0,0.0,0.0,0.0,0.0,0.0,0.0,0.04999999999999999,69.22,0.7688529326784166
18746260,2026-05-28 01:27:11+00:00,0.4649999999999999,0,0.0,0.0,0.0,0.0,0.0,0.0,0.04999999999999999,69.22,0.7688529326784166
18746260,2026-05-28 01:27:12+00:00,0.4649999999999999,0,0.0,0.0,0.0,0.0,0.0,0.0,0.04999999999999999,69.22,0.7688529326784166
18746260,2026-05-28 01:27:13+00:00,0.4649999999999999,0,0.0,0.0,0.0,0.0,0.0,0.0,0.04999999999999999,69.22,0.7688529326784166
18746260,2026-05-28 01:27:14+00:00,0.4649999999999999,0,0.0,0.0,0.0,0.0,0.0,0.0,0.04999999999999999,69.22,0.7688529326784166
18746260,2026-05-28 01:27:15+00:00,0.4649999999999999,0,0.0,0.0,0.0,0.0,0.0,0.0,0.04999999999999999,69.22,0.7688529326784166
18746260,2026-05-28 01:27:16+00:00,0.4649999999999999,0,0.0,0.0,0.0,0.0,0.0,0.0,0.04999999999999999,69.22,0.7688529326784166
18746260,2026-05-28 01:27:17+00:00,0.4649999999999999,0,0.0,0.0,0.0,0.0,0.0,0.0,0.04999999999999999,69.22,0.7688529326784166
18746260,2026-05-28 01:27:18+00:00,0.4649999999999999,0,0.0,0.0,0.0,0.0,0.0,0.0,0.04999999999999999,69.22,0.7688529326784166
18746260,2026-05-28 01:27:19+00:00,0.4649999999999999,0,0.0,0.0,0.0,0.0,0.0,0.0,0.04999999999999999,69.22,0.7688529326784166
18746260,2026-05-28 01:27:20+00:00,0.4649999999999999,0,0.0,0.0,0.0,0.0,0.0,0.0,0.04999999999999999,69.22,0.7688529326784166
18746260,2026-05-28 01:27:21+00:00,0.4649999999999999,0,0.0,0.0,0.0,0.0,0.0,0.0,0.04999999999999999,69.22,0.7688529326784166
18746260,2026-05-28 01:27:22+00:00,0.4649999999999999,0,0.0,0.0,0.0,0.0,0.0,0.0,0.04999999999999999,69.22,0.7688529326784166
18746260,2026-05-28 01:27:23+00:00,0.4649999999999999,0,0.0,0.0,0.0,0.0,0.0,0.0,0.04999999999999999,69.22,0.7688529326784166
18746260,2026-05-28 01:27:24+00:00,0.4649999999999999,0,0.0,0.0,0.0,0.0,0.0,0.0,0.04999999999999999,69.22,0.7688529326784166
18746260,2026-05-28 01:27:25+00:00,0.4649999999999999,0,0.0,0.0,0.0,0.0,0.0,0.0,0.04999999999999999,69.22,0.7688529326784166
18746260,2026-05-28 01:27:26+00:00,0.4649999999999999,0,0.0,0.0,0.0,0.0,0.0,0.0,0.04999999999999999,69.22,0.7688529326784166
18746260,2026-05-28 01:27:27+00:00,0.4649999999999999,0,0.0,0.0,0.0,0.0,0.0,0.0,0.04999999999999999,69.22,0.7688529326784166
18746260,2026-05-28 01:27:28+00:00,0.4649999999999999,0,0.0,0.0,0.0,0.0,0.0,0.0,0.04999999999999999,69.22,0.7688529326784166
18746260,2026-05-28 01:27:29+00:00,0.4649999999999999,0,0.0,0.0,0.0,0.0,0.0,0.0,0.04999999999999999,69.22,0.7688529326784166
18746260,2026-05-28 01:27:30+00:00,0.4649999999999999,0,0.0,0.0,0.0,0.0,0.0,0.0,0.04999999999999999,69.22,0.7688529326784166
18746260,2026-05-28 01:27:31+00:00,0.4649999999999999,0,0.0,0.0,0.0,0.0,0.0,0.0,0.04999999999999999,69.22,0.7688529326784166
18746260,2026-05-28 01:27:32+00:00,0.4649999999999999,0,0.0,0.0,0.0,0.0,0.0,0.0,0.04999999999999999,69.22,0.7688529326784166
18746260,2026-05-28 01:27:33+00:00,0.4649999999999999,0,0.0,0.0,0.0,0.0,0.0,0.0,0.04999999999999999,69.22,0.7688529326784166
18746260,2026-05-28 01:27:34+00:00,0.4649999999999999,0,0.0,0.0,0.0,0.0,0.0,0.0,0.04999999999999999,69.22,0.7688529326784166
18746260,2026-05-28 01:27:35+00:00,0.4649999999999999,0,0.0,0.0,0.0,0.0,0.0,0.0,0.04999999999999999,69.22,0.7688529326784166
18746260,2026-05-28 01:27:36+00:00,0.4649999999999999,0,0.0,0.0,0.0,0.0,0.0,0.0,0.04999999999999999,69.22,0.7688529326784166
18746260,2026-05-28 01:27:37+00:00,0.4649999999999999,0,0.0,0.0,0.0,0.0,0.0,0.0,0.04999999999999999,69.22,0.7688529326784166
18746260,2026-05-28 01:27:38+00:00,0.4649999999999999,0,0.0,0.0,0.0,0.0,0.0,0.0,0.04999999999999999,69.22,0.7688529326784166
18746260,2026-05-28 01:27:39+00:00,0.4649999999999999,0,0.0,0.0,0.0,0.0,0.0,0.0,0.04999999999999999,69.22,0.7688529326784166
18746260,2026-05-28 01:27:40+00:00,0.4649999999999999,0,0.0,0.0,0.0,0.0,0.0,0.0,0.04999999999999999,69.22,0.7688529326784166
18746260,2026-05-28 01:27:41+00:00,0.4649999999999999,0,0.0,0.0,0.0,0.0,0.0,0.0,0.04999999999999999,69.22,0.7688529326784166
18746260,2026-05-28 01:27:42+00:00,0.4649999999999999,0,0.0,0.0,0.0,0.0,0.0,0.0,0.04999999999999999,69.22,0.7688529326784166
18746260,2026-05-28 01:27:43+00:00,0.4649999999999999,0,0.0,0.0,0.0,0.0,0.0,0.0,0.04999999999999999,69.22,0.7688529326784166
18746260,2026-05-28 01:27:44+00:00,0.4649999999999999,0,0.0,0.0,0.0,0.0,0.0,0.0,0.04999999999999999,69.22,0.7688529326784166
18746260,2026-05-28 01:27:45+00:00,0.4649999999999999,0,0.0,0.0,0.0,0.0,0.0,0.0,0.04999999999999999,69.22,0.7688529326784166
18746260,2026-05-28 01:27:46+00:00,0.4649999999999999,0,0.0,0.0,0.0,0.0,0.0,0.0,0.04999999999999999,69.22,0.7688529326784166
18746260,2026-05-28 01:27:47+00:00,0.4649999999999999,0,0.0,0.0,0.0,0.0,0.0,0.0,0.04999999999999999,69.22,0.7688529326784166
18746260,2026-05-28 01:27:48+00:00,0.4649999999999999,0,0.0,0.0,0.0,0.0,0.0,0.0,0.04999999999999999,69.22,0.7688529326784166
18746260,2026-05-28 01:27:49+00:00,0.4649999999999999,0,0.0,0.0,0.0,0.0,0.0,0.0,0.04999999999999999,69.22,0.7688529326784166
18746260,2026-05-28 01:27:50+00:00,0.4649999999999999,0,0.0,0.0,0.0,0.0,0.0,0.0,0.04999999999999999,69.22,0.7688529326784166
18746260,2026-05-28 01:27:51+00:00,0.4649999999999999,0,0.0,0.0,0.0,0.0,0.0,0.0,0.04999999999999999,69.22,0.7688529326784166
18746260,2026-05-28 01:27:52+00:00,0.4649999999999999,0,0.0,0.0,0.0,0.0,0.0,0.0,0.04999999999999999,69.22,0.7688529326784166
18746260,2026-05-28 01:27:53+00:00,0.4649999999999999,0,0.0,0.0,0.0,0.0,0.0,0.0,0.04999999999999999,69.22,0.7688529326784166
18746260,2026-05-28 01:27:54+00:00,0.4649999999999999,0,0.0,0.0,0.0,0.0,0.0,0.0,0.04999999999999999,69.22,0.7688529326784166
18746260,2026-05-28 01:27:55+00:00,0.4649999999999999,0,0.0,0.0,0.0,0.0,0.0,0.0,0.04999999999999999,69.22,0.7688529326784166
18746260,2026-05-28 01:27:56+00:00,0.4649999999999999,0,0.0,0.0,0.0,0.0,0.0,0.0,0.04999999999999999,69.22,0.7688529326784166
18746260,2026-05-28 01:27:57+00:00,0.4649999999999999,0,0.0,0.0,0.0,0.0,0.0,0.0,0.04999999999999999,69.22,0.7688529326784166
18746260,2026-05-28 01:27:58+00:00,0.4649999999999999,0,0.0,0.0,0.0,0.0,0.0,0.0,0.04999999999999999,69.22,0.7688529326784166
18746260,2026-05-28 01:27:59+00:00,0.4649999999999999,0,0.0,0.0,0.0,0.0,0.0,0.0,0.04999999999999999,69.22,0.7688529326784166
18746260,2026-05-28 01:28:00+00:00,0.4649999999999999,0,0.0,0.0,0.0,0.0,0.0,0.0,0.04999999999999999,69.22,0.7688529326784166
18746260,2026-05-28 01:28:01+00:00,0.4649999999999999,0,0.0,0.0,0.0,0.0,0.0,0.0,0.04999999999999999,69.22,0.7688529326784166
18746260,2026-05-28 01:28:02+00:00,0.4649999999999999,0,0.0,0.0,0.0,0.0,0.0,0.0,0.04999999999999999,69.22,0.7688529326784166
18746260,2026-05-28 01:28:03+00:00,0.4649999999999999,0,0.0,0.0,0.0,0.0,0.0,0.0,0.04999999999999999,69.22,0.7688529326784166
18746260,2026-05-28 01:28:04+00:00,0.4649999999999999,0,0.0,0.0,0.0,0.0,0.0,0.0,0.04999999999999999,69.22,0.7688529326784166
18746260,2026-05-28 01:28:05+00:00,0.4649999999999999,0,0.0,0.0,0.0,0.0,0.0,0.0,0.04999999999999999,69.22,0.7688529326784166
18746260,2026-05-28 01:28:06+00:00,0.4649999999999999,0,0.0,0.0,0.0,0.0,0.0,0.0,0.04999999999999999,69.22,0.7688529326784166
18746260,2026-05-28 01:28:07+00:00,0.4649999999999999,0,0.0,0.0,0.0,0.0,0.0,0.0,0.04999999999999999,69.22,0.7688529326784166
18746260,2026-05-28 01:28:08+00:00,0.4649999999999999,0,0.0,0.0,0.0,0.0,0.0,0.0,0.04999999999999999,69.22,0.7688529326784166
18746260,2026-05-28 01:28:09+00:00,0.4649999999999999,0,0.0,0.0,0.0,0.0,0.0,0.0,0.04999999999999999,69.22,0.7688529326784166
18746260,2026-05-28 01:28:10+00:00,0.4649999999999999,0,0.0,0.0,0.0,0.0,0.0,0.0,0.04999999999999999,69.22,0.7688529326784166
18746260,2026-05-28 01:28:11+00:00,0.4649999999999999,0,0.0,0.0,0.0,0.0,0.0,0.0,0.04999999999999999,69.22,0.7688529326784166
18746260,2026-05-28 01:28:12+00:00,0.4649999999999999,0,0.0,0.0,0.0,0.0,0.0,0.0,0.04999999999999999,69.22,0.7688529326784166
18746260,2026-05-28 01:28:13+00:00,0.4649999999999999,0,0.0,0.0,0.0,0.0,0.0,0.0,0.04999999999999999,69.22,0.7688529326784166
18746260,2026-05-28 01:28:14+00:00,0.4649999999999999,0,0.0,0.0,0.0,0.0,0.0,0.0,0.04999999999999999,69.22,0.7688529326784166
18746260,2026-05-28 01:28:15+00:00,0.4649999999999999,0,0.0,0.0,0.0,0.0,0.0,0.0,0.04999999999999999,69.22,0.7688529326784166
18746260,2026-05-28 01:28:16+00:00,0.4649999999999999,0,0.0,0.0,0.0,0.0,0.0,0.0,0.04999999999999999,69.22,0.7688529326784166
18746260,2026-05-28 01:28:17+00:00,0.4649999999999999,0,0.0,0.0,0.0,0.0,0.0,0.0,0.04999999999999999,69.22,0.7688529326784166
18746260,2026-05-28 01:28:18+00:00,0.4649999999999999,0,0.0,0.0,0.0,0.0,0.0,0.0,0.04999999999999999,69.22,0.7688529326784166
18746260,2026-05-28 01:28:19+00:00,0.4649999999999999,0,0.0,0.0,0.0,0.0,0.0,0.0,0.04999999999999999,69.22,0.7688529326784166
18746260,2026-05-28 01:28:20+00:00,0.4649999999999999,0,0.0,0.0,0.0,0.0,0.0,0.0,0.04999999999999999,69.22,0.7688529326784166
18746260,2026-05-28 01:28:21+00:00,0.4649999999999999,0,0.0,0.0,0.0,0.0,0.0,0.0,0.04999999999999999,69.22,0.7688529326784166
18746260,2026-05-28 01:28:22+00:00,0.4649999999999999,0,0.0,0.0,0.0,0.0,0.0,0.0,0.04999999999999999,69.22,0.7688529326784166
18746260,2026-05-28 01:28:23+00:00,0.4649999999999999,0,0.0,0.0,0.0,0.0,0.0,0.0,0.04999999999999999,69.22,0.7688529326784166
18746260,2026-05-28 01:28:24+00:00,0.4649999999999999,0,0.0,0.0,0.0,0.0,0.0,0.0,0.04999999999999999,69.22,0.7688529326784166
18746260,2026-05-28 01:28:25+00:00,0.4649999999999999,0,0.0,0.0,0.0,0.0,0.0,0.0,0.04999999999999999,69.22,0.7688529326784166
18746260,2026-05-28 01:28:26+00:00,0.4649999999999999,0,0.0,0.0,0.0,0.0,0.0,0.0,0.04999999999999999,69.22,0.7688529326784166
18746260,2026-05-28 01:28:27+00:00,0.4649999999999999,0,0.0,0.0,0.0,0.0,0.0,0.0,0.04999999999999999,69.22,0.7688529326784166
18746260,2026-05-28 01:28:28+00:00,0.4649999999999999,0,0.0,0.0,0.0,0.0,0.0,0.0,0.04999999999999999,69.22,0.7688529326784166
18746260,2026-05-28 01:28:29+00:00,0.4649999999999999,0,0.0,0.0,0.0,0.0,0.0,0.0,0.04999999999999999,69.22,0.7688529326784166
18746260,2026-05-28 01:28:30+00:00,0.4649999999999999,0,0.0,0.0,0.0,0.0,0.0,0.0,0.04999999999999999,69.22,0.7688529326784166
18746260,2026-05-28 01:28:31+00:00,0.4649999999999999,0,0.0,0.0,0.0,0.0,0.0,0.0,0.04999999999999999,69.22,0.7688529326784166
18746260,2026-05-28 01:28:32+00:00,0.4649999999999999,0,0.0,0.0,0.0,0.0,0.0,0.0,0.04999999999999999,69.22,0.7688529326784166
18746260,2026-05-28 01:28:33+00:00,0.4649999999999999,0,0.0,0.0,0.0,0.0,0.0,0.0,0.04999999999999999,69.22,0.7688529326784166
18746260,2026-05-28 01:28:34+00:00,0.4649999999999999,0,0.0,0.0,0.0,0.0,0.0,0.0,0.04999999999999999,69.22,0.7688529326784166
18746260,2026-05-28 01:28:35+00:00,0.4649999999999999,0,0.0,0.0,0.0,0.0,0.0,0.0,0.04999999999999999,69.22,0.7688529326784166
18746260,2026-05-28 01:28:36+00:00,0.4649999999999999,0,0.0,0.0,0.0,0.0,0.0,0.0,0.04999999999999999,69.22,0.7688529326784166
18746260,2026-05-28 01:28:37+00:00,0.4649999999999999,0,0.0,0.0,0.0,0.0,0.0,0.0,0.04999999999999999,69.22,0.7688529326784166
18746260,2026-05-28 01:28:38+00:00,0.4649999999999999,0,0.0,0.0,0.0,0.0,0.0,0.0,0.04999999999999999,69.22,0.7688529326784166
18746260,2026-05-28 01:28:39+00:00,0.4649999999999999,0,0.0,0.0,0.0,0.0,0.0,0.0,0.04999999999999999,69.22,0.7688529326784166
18746260,2026-05-28 01:28:40+00:00,0.4649999999999999,0,0.0,0.0,0.0,0.0,0.0,0.0,0.04999999999999999,69.22,0.7688529326784166
18746260,2026-05-28 01:28:41+00:00,0.4649999999999999,0,0.0,0.0,0.0,0.0,0.0,0.0,0.04999999999999999,69.22,0.7688529326784166
18746260,2026-05-28 01:28:42+00:00,0.4649999999999999,0,0.0,0.0,0.0,0.0,0.0,0.0,0.04999999999999999,69.22,0.7688529326784166
18746260,2026-05-28 01:28:43+00:00,0.4649999999999999,0,0.0,0.0,0.0,0.0,0.0,0.0,0.04999999999999999,69.22,0.7688529326784166
18746260,2026-05-28 01:28:44+00:00,0.4649999999999999,0,0.0,0.0,0.0,0.0,0.0,0.0,0.04999999999999999,69.22,0.7688529326784166
18746260,2026-05-28 01:28:45+00:00,0.4649999999999999,0,0.0,0.0,0.0,0.0,0.0,0.0,0.04999999999999999,69.22,0.7688529326784166
18746260,2026-05-28 01:28:46+00:00,0.4649999999999999,0,0.0,0.0,0.0,0.0,0.0,0.0,0.04999999999999999,69.22,0.7688529326784166
18746260,2026-05-28 01:28:47+00:00,0.4649999999999999,0,0.0,0.0,0.0,0.0,0.0,0.0,0.04999999999999999,69.22,0.7688529326784166
18746260,2026-05-28 01:28:48+00:00,0.4649999999999999,0,0.0,0.0,0.0,0.0,0.0,0.0,0.04999999999999999,69.22,0.7688529326784166
18746260,2026-05-28 01:28:49+00:00,0.4649999999999999,0,0.0,0.0,0.0,0.0,0.0,0.0,0.04999999999999999,69.22,0.7688529326784166
18746260,2026-05-28 01:28:50+00:00,0.4649999999999999,0,0.0,0.0,0.0,0.0,0.0,0.0,0.04999999999999999,69.22,0.7688529326784166
18746260,2026-05-28 01:28:51+00:00,0.4649999999999999,0,0.0,0.0,0.0,0.0,0.0,0.0,0.04999999999999999,69.22,0.7688529326784166
18746260,2026-05-28 01:28:52+00:00,0.4649999999999999,0,0.0,0.0,0.0,0.0,0.0,0.0,0.04999999999999999,69.22,0.7688529326784166
18746260,2026-05-28 01:28:53+00:00,0.4649999999999999,0,0.0,0.0,0.0,0.0,0.0,0.0,0.04999999999999999,69.22,0.7688529326784166
18746260,2026-05-28 01:28:54+00:00,0.4649999999999999,0,0.0,0.0,0.0,0.0,0.0,0.0,0.04999999999999999,69.22,0.7688529326784166
18746260,2026-05-28 01:28:55+00:00,0.4649999999999999,0,0.0,0.0,0.0,0.0,0.0,0.0,0.04999999999999999,69.22,0.7688529326784166
18746260,2026-05-28 01:28:56+00:00,0.4649999999999999,0,0.0,0.0,0.0,0.0,0.0,0.0,0.04999999999999999,69.22,0.7688529326784166
18746260,2026-05-28 01:28:57+00:00,0.4649999999999999,0,0.0,0.0,0.0,0.0,0.0,0.0,0.04999999999999999,69.22,0.7688529326784166
18746260,2026-05-28 01:28:58+00:00,0.4649999999999999,0,0.0,0.0,0.0,0.0,0.0,0.0,0.04999999999999999,69.22,0.7688529326784166
18746260,2026-05-28 01:28:59+00:00,0.4649999999999999,0,0.0,0.0,0.0,0.0,0.0,0.0,0.04999999999999999,69.22,0.7688529326784166
18746260,2026-05-28 01:29:00+00:00,0.4649999999999999,0,0.0,0.0,0.0,0.0,0.0,0.0,0.04999999999999999,69.22,0.7688529326784166
18746260,2026-05-28 01:29:01+00:00,0.4649999999999999,0,0.0,0.0,0.0,0.0,0.0,0.0,0.04999999999999999,69.22,0.7688529326784166
18746260,2026-05-28 01:29:02+00:00,0.4649999999999999,0,0.0,0.0,0.0,0.0,0.0,0.0,0.04999999999999999,69.22,0.7688529326784166
18746260,2026-05-28 01:29:03+00:00,0.4649999999999999,0,0.0,0.0,0.0,0.0,0.0,0.0,0.04999999999999999,69.22,0.7688529326784166
18746260,2026-05-28 01:29:04+00:00,0.4649999999999999,0,0.0,0.0,0.0,0.0,0.0,0.0,0.04999999999999999,69.22,0.7688529326784166
18746260,2026-05-28 01:29:05+00:00,0.4649999999999999,0,0.0,0.0,0.0,0.0,0.0,0.0,0.04999999999999999,69.22,0.7688529326784166
18746260,2026-05-28 01:29:06+00:00,0.4649999999999999,0,0.0,0.0,0.0,0.0,0.0,0.0,0.04999999999999999,69.22,0.7688529326784166
18746260,2026-05-28 01:29:07+00:00,0.4649999999999999,0,0.0,0.0,0.0,0.0,0.0,0.0,0.04999999999999999,69.22,0.7688529326784166
18746260,2026-05-28 01:29:08+00:00,0.4649999999999999,0,0.0,0.0,0.0,0.0,0.0,0.0,0.04999999999999999,69.22,0.7688529326784166
18746260,2026-05-28 01:29:09+00:00,0.4649999999999999,0,0.0,0.0,0.0,0.0,0.0,0.0,0.04999999999999999,69.22,0.7688529326784166
18746260,2026-05-28 01:29:10+00:00,0.4649999999999999,0,0.0,0.0,0.0,0.0,0.0,0.0,0.04999999999999999,69.22,0.7688529326784166
18746260,2026-05-28 01:29:11+00:00,0.4649999999999999,0,0.0,0.0,0.0,0.0,0.0,0.0,0.04999999999999999,69.22,0.7688529326784166
18746260,2026-05-28 01:29:12+00:00,0.4649999999999999,0,0.0,0.0,0.0,0.0,0.0,0.0,0.04999999999999999,69.22,0.7688529326784166
18746260,2026-05-28 01:29:13+00:00,0.4649999999999999,0,0.0,0.0,0.0,0.0,0.0,0.0,0.04999999999999999,69.22,0.7688529326784166
18746260,2026-05-28 01:29:14+00:00,0.4649999999999999,0,0.0,0.0,0.0,0.0,0.0,0.0,0.04999999999999999,69.22,0.7688529326784166
18746260,2026-05-28 01:29:15+00:00,0.4649999999999999,0,0.0,0.0,0.0,0.0,0.0,0.0,0.04999999999999999,69.22,0.7688529326784166
18746260,2026-05-28 01:29:16+00:00,0.4649999999999999,0,0.0,0.0,0.0,0.0,0.0,0.0,0.04999999999999999,69.22,0.7688529326784166
18746260,2026-05-28 01:29:17+00:00,0.4649999999999999,0,0.0,0.0,0.0,0.0,0.0,0.0,0.04999999999999999,69.22,0.7688529326784166
18746260,2026-05-28 01:29:18+00:00,0.4649999999999999,0,0.0,0.0,0.0,0.0,0.0,0.0,0.04999999999999999,69.22,0.7688529326784166
18746260,2026-05-28 01:29:19+00:00,0.4649999999999999,0,0.0,0.0,0.0,0.0,0.0,0.0,0.04999999999999999,69.22,0.7688529326784166
18746260,2026-05-28 01:29:20+00:00,0.4649999999999999,0,0.0,0.0,0.0,0.0,0.0,0.0,0.04999999999999999,69.22,0.7688529326784166
18746260,2026-05-28 01:29:21+00:00,0.4649999999999999,0,0.0,0.0,0.0,0.0,0.0,0.0,0.04999999999999999,69.22,0.7688529326784166
18746260,2026-05-28 01:29:22+00:00,0.4649999999999999,0,0.0,0.0,0.0,0.0,0.0,0.0,0.04999999999999999,69.22,0.7688529326784166
18746260,2026-05-28 01:29:23+00:00,0.4649999999999999,0,0.0,0.0,0.0,0.0,0.0,0.0,0.04999999999999999,69.22,0.7688529326784166
18746260,2026-05-28 01:29:24+00:00,0.4649999999999999,0,0.0,0.0,0.0,0.0,0.0,0.0,0.04999999999999999,69.22,0.7688529326784166
18746260,2026-05-28 01:29:25+00:00,0.4649999999999999,0,0.0,0.0,0.0,0.0,0.0,0.0,0.04999999999999999,69.22,0.7688529326784166
18746260,2026-05-28 01:29:26+00:00,0.4649999999999999,0,0.0,0.0,0.0,0.0,0.0,0.0,0.04999999999999999,69.22,0.7688529326784166
18746260,2026-05-28 01:29:27+00:00,0.4649999999999999,0,0.0,0.0,0.0,0.0,0.0,0.0,0.04999999999999999,69.22,0.7688529326784166
18746260,2026-05-28 01:29:28+00:00,0.4649999999999999,0,0.0,0.0,0.0,0.0,0.0,0.0,0.04999999999999999,69.22,0.7688529326784166
18746260,2026-05-28 01:29:29+00:00,0.4649999999999999,0,0.0,0.0,0.0,0.0,0.0,0.0,0.04999999999999999,69.22,0.7688529326784166
18746260,2026-05-28 01:29:30+00:00,0.4649999999999999,0,0.0,0.0,0.0,0.0,0.0,0.0,0.04999999999999999,69.22,0.7688529326784166
18746260,2026-05-28 01:29:31+00:00,0.4649999999999999,0,0.0,0.0,0.0,0.0,0.0,0.0,0.04999999999999999,69.22,0.7688529326784166
18746260,2026-05-28 01:29:32+00:00,0.4649999999999999,0,0.0,0.0,0.0,0.0,0.0,0.0,0.04999999999999999,69.22,0.7688529326784166
18746260,2026-05-28 01:29:33+00:00,0.4649999999999999,0,0.0,0.0,0.0,0.0,0.0,0.0,0.04999999999999999,69.22,0.7688529326784166
18746260,2026-05-28 01:29:34+00:00,0.4649999999999999,0,0.0,0.0,0.0,0.0,0.0,0.0,0.04999999999999999,69.22,0.7688529326784166
18746260,2026-05-28 01:29:35+00:00,0.4649999999999999,0,0.0,0.0,0.0,0.0,0.0,0.0,0.04999999999999999,69.22,0.7688529326784166
18746260,2026-05-28 01:29:36+00:00,0.4649999999999999,0,0.0,0.0,0.0,0.0,0.0,0.0,0.04999999999999999,69.22,0.7688529326784166
18746260,2026-05-28 01:29:37+00:00,0.4649999999999999,0,0.0,0.0,0.0,0.0,0.0,0.0,0.04999999999999999,69.22,0.7688529326784166
18746260,2026-05-28 01:29:38+00:00,0.4649999999999999,0,0.0,0.0,0.0,0.0,0.0,0.0,0.04999999999999999,69.22,0.7688529326784166
18746260,2026-05-28 01:29:39+00:00,0.4649999999999999,0,0.0,0.0,0.0,0.0,0.0,0.0,0.04999999999999999,69.22,0.7688529326784166
18746260,2026-05-28 01:29:40+00:00,0.4649999999999999,0,0.0,0.0,0.0,0.0,0.0,0.0,0.04999999999999999,69.22,0.7688529326784166
18746260,2026-05-28 01:29:41+00:00,0.4649999999999999,0,0.0,0.0,0.0,0.0,0.0,0.0,0.04999999999999999,69.22,0.7688529326784166
18746260,2026-05-28 01:29:42+00:00,0.4649999999999999,0,0.0,0.0,0.0,0.0,0.0,0.0,0.04999999999999999,69.22,0.7688529326784166
18746260,2026-05-28 01:29:43+00:00,0.4649999999999999,0,0.0,0.0,0.0,0.0,0.0,0.0,0.04999999999999999,69.22,0.7688529326784166
18746260,2026-05-28 01:29:44+00:00,0.4649999999999999,0,0.0,0.0,0.0,0.0,0.0,0.0,0.04999999999999999,69.22,0.7688529326784166
18746260,2026-05-28 01:29:45+00:00,0.4649999999999999,0,0.0,0.0,0.0,0.0,0.0,0.0,0.04999999999999999,69.22,0.7688529326784166
18746260,2026-05-28 01:29:46+00:00,0.4649999999999999,0,0.0,0.0,0.0,0.0,0.0,0.0,0.04999999999999999,69.22,0.7688529326784166
18746260,2026-05-28 01:29:47+00:00,0.4649999999999999,0,0.0,0.0,0.0,0.0,0.0,0.0,0.04999999999999999,69.22,0.7688529326784166
18746260,2026-05-28 01:29:48+00:00,0.4649999999999999,0,0.0,0.0,0.0,0.0,0.0,0.0,0.04999999999999999,69.22,0.7688529326784166
18746260,2026-05-28 01:29:49+00:00,0.4649999999999999,0,0.0,0.0,0.0,0.0,0.0,0.0,0.04999999999999999,69.22,0.7688529326784166
18746260,2026-05-28 01:29:50+00:00,0.4649999999999999,0,0.0,0.0,0.0,0.0,0.0,0.0,0.04999999999999999,69.22,0.7688529326784166
18746260,2026-05-28 01:29:51+00:00,0.4649999999999999,0,0.0,0.0,0.0,0.0,0.0,0.0,0.04999999999999999,69.22,0.7688529326784166
18746260,2026-05-28 01:29:52+00:00,0.4649999999999999,0,0.0,0.0,0.0,0.0,0.0,0.0,0.04999999999999999,69.22,0.7688529326784166
18746260,2026-05-28 01:29:53+00:00,0.4649999999999999,0,0.0,0.0,0.0,0.0,0.0,0.0,0.04999999999999999,69.22,0.7688529326784166
18746260,2026-05-28 01:29:54+00:00,0.4649999999999999,0,0.0,0.0,0.0,0.0,0.0,0.0,0.04999999999999999,69.22,0.7688529326784166
18746260,2026-05-28 01:29:55+00:00,0.4649999999999999,0,0.0,0.0,0.0,0.0,0.0,0.0,0.04999999999999999,69.22,0.7688529326784166
18746260,2026-05-28 01:29:56+00:00,0.4649999999999999,0,0.0,0.0,0.0,0.0,0.0,0.0,0.04999999999999999,69.22,0.7688529326784166
18746260,2026-05-28 01:29:57+00:00,0.4649999999999999,0,0.0,0.0,0.0,0.0,0.0,0.0,0.04999999999999999,69.22,0.7688529326784166
18746260,2026-05-28 01:29:58+00:00,0.4649999999999999,0,0.0,0.0,0.0,0.0,0.0,0.0,0.04999999999999999,69.22,0.7688529326784166
18746260,2026-05-28 01:29:59+00:00,0.4649999999999999,0,0.0,0.0,0.0,0.0,0.0,0.0,0.04999999999999999,69.22,0.7688529326784166
18746260,2026-05-28 01:30:00+00:00,0.4649999999999999,0,0.0,0.0,0.0,0.0,0.0,0.0,0.04999999999999999,69.22,0.7688529326784166
18746260,2026-05-28 01:30:01+00:00,0.4649999999999999,0,0.0,0.0,0.0,0.0,0.0,0.0,0.04999999999999999,69.22,0.7688529326784166
18746260,2026-05-28 01:30:02+00:00,0.4649999999999999,0,0.0,0.0,0.0,0.0,0.0,0.0,0.04999999999999999,69.22,0.7688529326784166
18746260,2026-05-28 01:30:03+00:00,0.4649999999999999,0,0.0,0.0,0.0,0.0,0.0,0.0,0.04999999999999999,69.22,0.7688529326784166
18746260,2026-05-28 01:30:04+00:00,0.4649999999999999,0,0.0,0.0,0.0,0.0,0.0,0.0,0.04999999999999999,69.22,0.7688529326784166
18746260,2026-05-28 01:30:05+00:00,0.4649999999999999,0,0.0,0.0,0.0,0.0,0.0,0.0,0.04999999999999999,69.22,0.7688529326784166
18746260,2026-05-28 01:30:06+00:00,0.4649999999999999,0,0.0,0.0,0.0,0.0,0.0,0.0,0.04999999999999999,69.22,0.7688529326784166
18746260,2026-05-28 01:30:07+00:00,0.4649999999999999,0,0.0,0.0,0.0,0.0,0.0,0.0,0.04999999999999999,69.22,0.7688529326784166
18746260,2026-05-28 01:30:08+00:00,0.4649999999999999,0,0.0,0.0,0.0,0.0,0.0,0.0,0.04999999999999999,69.22,0.7688529326784166
18746260,2026-05-28 01:30:09+00:00,0.4649999999999999,0,0.0,0.0,0.0,0.0,0.0,0.0,0.04999999999999999,69.22,0.7688529326784166
18746260,2026-05-28 01:30:10+00:00,0.4649999999999999,0,0.0,0.0,0.0,0.0,0.0,0.0,0.04999999999999999,69.22,0.7688529326784166
18746260,2026-05-28 01:30:11+00:00,0.4649999999999999,0,0.0,0.0,0.0,0.0,0.0,0.0,0.04999999999999999,69.22,0.7688529326784166
18746260,2026-05-28 01:30:12+00:00,0.4649999999999999,0,0.0,0.0,0.0,0.0,0.0,0.0,0.04999999999999999,69.22,0.7688529326784166
18746260,2026-05-28 01:30:13+00:00,0.4649999999999999,0,0.0,0.0,0.0,0.0,0.0,0.0,0.04999999999999999,69.22,0.7688529326784166
18746260,2026-05-28 01:30:14+00:00,0.4649999999999999,0,0.0,0.0,0.0,0.0,0.0,0.0,0.04999999999999999,69.22,0.7688529326784166
18746260,2026-05-28 01:30:15+00:00,0.4649999999999999,0,0.0,0.0,0.0,0.0,0.0,0.0,0.04999999999999999,69.22,0.7688529326784166
18746260,2026-05-28 01:30:16+00:00,0.4649999999999999,0,0.0,0.0,0.0,0.0,0.0,0.0,0.04999999999999999,69.22,0.7688529326784166
18746260,2026-05-28 01:30:17+00:00,0.4649999999999999,0,0.0,0.0,0.0,0.0,0.0,0.0,0.04999999999999999,69.22,0.7688529326784166
18746260,2026-05-28 01:30:18+00:00,0.4649999999999999,0,0.0,0.0,0.0,0.0,0.0,0.0,0.04999999999999999,69.22,0.7688529326784166
18746260,2026-05-28 01:30:19+00:00,0.4649999999999999,0,0.0,0.0,0.0,0.0,0.0,0.0,0.04999999999999999,69.22,0.7688529326784166
18746260,2026-05-28 01:30:20+00:00,0.4649999999999999,0,0.0,0.0,0.0,0.0,0.0,0.0,0.04999999999999999,69.22,0.7688529326784166
18746260,2026-05-28 01:30:21+00:00,0.4649999999999999,0,0.0,0.0,0.0,0.0,0.0,0.0,0.04999999999999999,69.22,0.7688529326784166
18746260,2026-05-28 01:30:22+00:00,0.4649999999999999,0,0.0,0.0,0.0,0.0,0.0,0.0,0.04999999999999999,69.22,0.7688529326784166
18746260,2026-05-28 01:30:23+00:00,0.4649999999999999,0,0.0,0.0,0.0,0.0,0.0,0.0,0.04999999999999999,69.22,0.7688529326784166
18746260,2026-05-28 01:30:24+00:00,0.4649999999999999,0,0.0,0.0,0.0,0.0,0.0,0.0,0.04999999999999999,69.22,0.7688529326784166
18746260,2026-05-28 01:30:25+00:00,0.4649999999999999,0,0.0,0.0,0.0,0.0,0.0,0.0,0.04999999999999999,69.22,0.7688529326784166
18746260,2026-05-28 01:30:26+00:00,0.4649999999999999,0,0.0,0.0,0.0,0.0,0.0,0.0,0.04999999999999999,69.22,0.7688529326784166
18746260,2026-05-28 01:30:27+00:00,0.4649999999999999,0,0.0,0.0,0.0,0.0,0.0,0.0,0.04999999999999999,69.22,0.7688529326784166
18746260,2026-05-28 01:30:28+00:00,0.4649999999999999,0,0.0,0.0,0.0,0.0,0.0,0.0,0.04999999999999999,69.22,0.7688529326784166
18746260,2026-05-28 01:30:29+00:00,0.4649999999999999,0,0.0,0.0,0.0,0.0,0.0,0.0,0.04999999999999999,69.22,0.7688529326784166
18746260,2026-05-28 01:30:30+00:00,0.4649999999999999,0,0.0,0.0,0.0,0.0,0.0,0.0,0.04999999999999999,69.22,0.7688529326784166
18746260,2026-05-28 01:30:31+00:00,0.4649999999999999,0,0.0,0.0,0.0,0.0,0.0,0.0,0.04999999999999999,69.22,0.7688529326784166
18746260,2026-05-28 01:30:32+00:00,0.4649999999999999,0,0.0,0.0,0.0,0.0,0.0,0.0,0.04999999999999999,69.22,0.7688529326784166
18746260,2026-05-28 01:30:33+00:00,0.4649999999999999,0,0.0,0.0,0.0,0.0,0.0,0.0,0.04999999999999999,69.22,0.7688529326784166
18746260,2026-05-28 01:30:34+00:00,0.4649999999999999,0,0.0,0.0,0.0,0.0,0.0,0.0,0.04999999999999999,69.22,0.7688529326784166
18746260,2026-05-28 01:30:35+00:00,0.4649999999999999,0,0.0,0.0,0.0,0.0,0.0,0.0,0.04999999999999999,69.22,0.7688529326784166
18746260,2026-05-28 01:30:36+00:00,0.4649999999999999,0,0.0,0.0,0.0,0.0,0.0,0.0,0.04999999999999999,69.22,0.7688529326784166
18746260,2026-05-28 01:30:37+00:00,0.4649999999999999,0,0.0,0.0,0.0,0.0,0.0,0.0,0.04999999999999999,69.22,0.7688529326784166
18746260,2026-05-28 01:30:38+00:00,0.4649999999999999,0,0.0,0.0,0.0,0.0,0.0,0.0,0.04999999999999999,69.22,0.7688529326784166
18746260,2026-05-28 01:30:39+00:00,0.4649999999999999,0,0.0,0.0,0.0,0.0,0.0,0.0,0.04999999999999999,69.22,0.7688529326784166
18746260,2026-05-28 01:30:40+00:00,0.4649999999999999,0,0.0,0.0,0.0,0.0,0.0,0.0,0.04999999999999999,69.22,0.7688529326784166
18746260,2026-05-28 01:30:41+00:00,0.4649999999999999,0,0.0,0.0,0.0,0.0,0.0,0.0,0.04999999999999999,69.22,0.7688529326784166
18746260,2026-05-28 01:30:42+00:00,0.4649999999999999,0,0.0,0.0,0.0,0.0,0.0,0.0,0.04999999999999999,69.22,0.7688529326784166
18746260,2026-05-28 01:30:43+00:00,0.4649999999999999,0,0.0,0.0,0.0,0.0,0.0,0.0,0.04999999999999999,69.22,0.7688529326784166
18746260,2026-05-28 01:30:44+00:00,0.4649999999999999,0,0.0,0.0,0.0,0.0,0.0,0.0,0.04999999999999999,69.22,0.7688529326784166
18746260,2026-05-28 01:30:45+00:00,0.4649999999999999,0,0.0,0.0,0.0,0.0,0.0,0.0,0.04999999999999999,69.22,0.7688529326784166
18746260,2026-05-28 01:30:46+00:00,0.4649999999999999,0,0.0,0.0,0.0,0.0,0.0,0.0,0.04999999999999999,69.22,0.7688529326784166
18746260,2026-05-28 01:30:47+00:00,0.4649999999999999,0,0.0,0.0,0.0,0.0,0.0,0.0,0.04999999999999999,69.22,0.7688529326784166
18746260,2026-05-28 01:30:48+00:00,0.4649999999999999,0,0.0,0.0,0.0,0.0,0.0,0.0,0.04999999999999999,69.22,0.7688529326784166
18746260,2026-05-28 01:30:49+00:00,0.4649999999999999,0,0.0,0.0,0.0,0.0,0.0,0.0,0.04999999999999999,69.22,0.7688529326784166
18746260,2026-05-28 01:30:50+00:00,0.4649999999999999,0,0.0,0.0,0.0,0.0,0.0,0.0,0.04999999999999999,69.22,0.7688529326784166
18746260,2026-05-28 01:30:51+00:00,0.4649999999999999,0,0.0,0.0,0.0,0.0,0.0,0.0,0.04999999999999999,69.22,0.7688529326784166
18746260,2026-05-28 01:30:52+00:00,0.4649999999999999,0,0.0,0.0,0.0,0.0,0.0,0.0,0.04999999999999999,69.22,0.7688529326784166
18746260,2026-05-28 01:30:53+00:00,0.4649999999999999,0,0.0,0.0,0.0,0.0,0.0,0.0,0.04999999999999999,69.22,0.7688529326784166
18746260,2026-05-28 01:30:54+00:00,0.4649999999999999,0,0.0,0.0,0.0,0.0,0.0,0.0,0.04999999999999999,69.22,0.7688529326784166
18746260,2026-05-28 01:30:55+00:00,0.4649999999999999,0,0.0,0.0,0.0,0.0,0.0,0.0,0.04999999999999999,69.22,0.7688529326784166
18746260,2026-05-28 01:30:56+00:00,0.4649999999999999,0,0.0,0.0,0.0,0.0,0.0,0.0,0.04999999999999999,69.22,0.7688529326784166
18746260,2026-05-28 01:30:57+00:00,0.4649999999999999,0,0.0,0.0,0.0,0.0,0.0,0.0,0.04999999999999999,69.22,0.7688529326784166
18746260,2026-05-28 01:30:58+00:00,0.4649999999999999,0,0.0,0.0,0.0,0.0,0.0,0.0,0.04999999999999999,69.22,0.7688529326784166
18746260,2026-05-28 01:30:59+00:00,0.4649999999999999,0,0.0,0.0,0.0,0.0,0.0,0.0,0.04999999999999999,69.22,0.7688529326784166
18746260,2026-05-28 01:31:00+00:00,0.4649999999999999,0,0.0,0.0,0.0,0.0,0.0,0.0,0.04999999999999999,69.22,0.7688529326784166
18746260,2026-05-28 01:31:01+00:00,0.4649999999999999,0,0.0,0.0,0.0,0.0,0.0,0.0,0.04999999999999999,69.22,0.7688529326784166
18746260,2026-05-28 01:31:02+00:00,0.4649999999999999,0,0.0,0.0,0.0,0.0,0.0,0.0,0.04999999999999999,69.22,0.7688529326784166
18746260,2026-05-28 01:31:03+00:00,0.4649999999999999,0,0.0,0.0,0.0,0.0,0.0,0.0,0.04999999999999999,69.22,0.7688529326784166
18746260,2026-05-28 01:31:04+00:00,0.4649999999999999,0,0.0,0.0,0.0,0.0,0.0,0.0,0.04999999999999999,69.22,0.7688529326784166
18746260,2026-05-28 01:31:05+00:00,0.4649999999999999,0,0.0,0.0,0.0,0.0,0.0,0.0,0.04999999999999999,69.22,0.7688529326784166
18746260,2026-05-28 01:31:06+00:00,0.4649999999999999,0,0.0,0.0,0.0,0.0,0.0,0.0,0.04999999999999999,69.22,0.7688529326784166
18746260,2026-05-28 01:31:07+00:00,0.4649999999999999,0,0.0,0.0,0.0,0.0,0.0,0.0,0.04999999999999999,69.22,0.7688529326784166
18746260,2026-05-28 01:31:08+00:00,0.4649999999999999,0,0.0,0.0,0.0,0.0,0.0,0.0,0.04999999999999999,69.22,0.7688529326784166
18746260,2026-05-28 01:31:09+00:00,0.4649999999999999,0,0.0,0.0,0.0,0.0,0.0,0.0,0.04999999999999999,69.22,0.7688529326784166
18746260,2026-05-28 01:31:10+00:00,0.4649999999999999,0,0.0,0.0,0.0,0.0,0.0,0.0,0.04999999999999999,69.22,0.7688529326784166
18746260,2026-05-28 01:31:11+00:00,0.4649999999999999,0,0.0,0.0,0.0,0.0,0.0,0.0,0.04999999999999999,69.22,0.7688529326784166
18746260,2026-05-28 01:31:12+00:00,0.4649999999999999,0,0.0,0.0,0.0,0.0,0.0,0.0,0.04999999999999999,69.22,0.7688529326784166
18746260,2026-05-28 01:31:13+00:00,0.4649999999999999,0,0.0,0.0,0.0,0.0,0.0,0.0,0.04999999999999999,69.22,0.7688529326784166
18746260,2026-05-28 01:31:14+00:00,0.4649999999999999,0,0.0,0.0,0.0,0.0,0.0,0.0,0.04999999999999999,69.22,0.7688529326784166
18746260,2026-05-28 01:31:15+00:00,0.4649999999999999,0,0.0,0.0,0.0,0.0,0.0,0.0,0.04999999999999999,69.22,0.7688529326784166
18746260,2026-05-28 01:31:16+00:00,0.4649999999999999,0,0.0,0.0,0.0,0.0,0.0,0.0,0.04999999999999999,69.22,0.7688529326784166
18746260,2026-05-28 01:31:17+00:00,0.4649999999999999,0,0.0,0.0,0.0,0.0,0.0,0.0,0.04999999999999999,69.22,0.7688529326784166
18746260,2026-05-28 01:31:18+00:00,0.4649999999999999,0,0.0,0.0,0.0,0.0,0.0,0.0,0.04999999999999999,69.22,0.7688529326784166
18746260,2026-05-28 01:31:19+00:00,0.4649999999999999,0,0.0,0.0,0.0,0.0,0.0,0.0,0.04999999999999999,69.22,0.7688529326784166
18746260,2026-05-28 01:31:20+00:00,0.4649999999999999,0,0.0,0.0,0.0,0.0,0.0,0.0,0.04999999999999999,69.22,0.7688529326784166
18746260,2026-05-28 01:31:21+00:00,0.4649999999999999,0,0.0,0.0,0.0,0.0,0.0,0.0,0.04999999999999999,69.22,0.7688529326784166
18746260,2026-05-28 01:31:22+00:00,0.4649999999999999,0,0.0,0.0,0.0,0.0,0.0,0.0,0.04999999999999999,69.22,0.7688529326784166
18746260,2026-05-28 01:31:23+00:00,0.4649999999999999,0,0.0,0.0,0.0,0.0,0.0,0.0,0.04999999999999999,69.22,0.7688529326784166
18746260,2026-05-28 01:31:24+00:00,0.4649999999999999,0,0.0,0.0,0.0,0.0,0.0,0.0,0.04999999999999999,69.22,0.7688529326784166
18746260,2026-05-28 01:31:25+00:00,0.4649999999999999,0,0.0,0.0,0.0,0.0,0.0,0.0,0.04999999999999999,69.22,0.7688529326784166
18746260,2026-05-28 01:31:26+00:00,0.4649999999999999,0,0.0,0.0,0.0,0.0,0.0,0.0,0.04999999999999999,69.22,0.7688529326784166
18746260,2026-05-28 01:31:27+00:00,0.4649999999999999,0,0.0,0.0,0.0,0.0,0.0,0.0,0.04999999999999999,69.22,0.7688529326784166
18746260,2026-05-28 01:31:28+00:00,0.4649999999999999,0,0.0,0.0,0.0,0.0,0.0,0.0,0.04999999999999999,69.22,0.7688529326784166
18746260,2026-05-28 01:31:29+00:00,0.4649999999999999,0,0.0,0.0,0.0,0.0,0.0,0.0,0.04999999999999999,69.22,0.7688529326784166
18746260,2026-05-28 01:31:30+00:00,0.4649999999999999,0,0.0,0.0,0.0,0.0,0.0,0.0,0.04999999999999999,69.22,0.7688529326784166
18746260,2026-05-28 01:31:31+00:00,0.4649999999999999,0,0.0,0.0,0.0,0.0,0.0,0.0,0.04999999999999999,69.22,0.7688529326784166
18746260,2026-05-28 01:31:32+00:00,0.4649999999999999,0,0.0,0.0,0.0,0.0,0.0,0.0,0.04999999999999999,69.22,0.7688529326784166
18746260,2026-05-28 01:31:33+00:00,0.4649999999999999,0,0.0,0.0,0.0,0.0,0.0,0.0,0.04999999999999999,69.22,0.7688529326784166
18746260,2026-05-28 01:31:34+00:00,0.4649999999999999,0,0.0,0.0,0.0,0.0,0.0,0.0,0.04999999999999999,69.22,0.7688529326784166
18746260,2026-05-28 01:31:35+00:00,0.4649999999999999,0,0.0,0.0,0.0,0.0,0.0,0.0,0.04999999999999999,69.22,0.7688529326784166
18746260,2026-05-28 01:31:36+00:00,0.4649999999999999,0,0.0,0.0,0.0,0.0,0.0,0.0,0.04999999999999999,69.22,0.7688529326784166
18746260,2026-05-28 01:31:37+00:00,0.4649999999999999,0,0.0,0.0,0.0,0.0,0.0,0.0,0.04999999999999999,69.22,0.7688529326784166
18746260,2026-05-28 01:31:38+00:00,0.4649999999999999,0,0.0,0.0,0.0,0.0,0.0,0.0,0.04999999999999999,69.22,0.7688529326784166
18746260,2026-05-28 01:31:39+00:00,0.4649999999999999,0,0.0,0.0,0.0,0.0,0.0,0.0,0.04999999999999999,69.22,0.7688529326784166
18746260,2026-05-28 01:31:40+00:00,0.4649999999999999,0,0.0,0.0,0.0,0.0,0.0,0.0,0.04999999999999999,69.22,0.7688529326784166
18746260,2026-05-28 01:31:41+00:00,0.4649999999999999,0,0.0,0.0,0.0,0.0,0.0,0.0,0.04999999999999999,69.22,0.7688529326784166
18746260,2026-05-28 01:31:42+00:00,0.4649999999999999,0,0.0,0.0,0.0,0.0,0.0,0.0,0.04999999999999999,69.22,0.7688529326784166
18746260,2026-05-28 01:31:43+00:00,0.4649999999999999,0,0.0,0.0,0.0,0.0,0.0,0.0,0.04999999999999999,69.22,0.7688529326784166
18746260,2026-05-28 01:31:44+00:00,0.4649999999999999,0,0.0,0.0,0.0,0.0,0.0,0.0,0.04999999999999999,69.22,0.7688529326784166
18746260,2026-05-28 01:31:45+00:00,0.4649999999999999,0,0.0,0.0,0.0,0.0,0.0,0.0,0.04999999999999999,69.22,0.7688529326784166
18746260,2026-05-28 01:31:46+00:00,0.4649999999999999,0,0.0,0.0,0.0,0.0,0.0,0.0,0.04999999999999999,69.22,0.7688529326784166
18746260,2026-05-28 01:31:47+00:00,0.4649999999999999,0,0.0,0.0,0.0,0.0,0.0,0.0,0.04999999999999999,69.22,0.7688529326784166
18746260,2026-05-28 01:31:48+00:00,0.4649999999999999,0,0.0,0.0,0.0,0.0,0.0,0.0,0.04999999999999999,69.22,0.7688529326784166
18746260,2026-05-28 01:31:49+00:00,0.4649999999999999,0,0.0,0.0,0.0,0.0,0.0,0.0,0.04999999999999999,69.22,0.7688529326784166
18746260,2026-05-28 01:31:50+00:00,0.4649999999999999,0,0.0,0.0,0.0,0.0,0.0,0.0,0.04999999999999999,69.22,0.7688529326784166
18746260,2026-05-28 01:31:51+00:00,0.4649999999999999,0,0.0,0.0,0.0,0.0,0.0,0.0,0.04999999999999999,69.22,0.7688529326784166
18746260,2026-05-28 01:31:52+00:00,0.4649999999999999,0,0.0,0.0,0.0,0.0,0.0,0.0,0.04999999999999999,69.22,0.7688529326784166
18746260,2026-05-28 01:31:53+00:00,0.4649999999999999,0,0.0,0.0,0.0,0.0,0.0,0.0,0.04999999999999999,69.22,0.7688529326784166
18746260,2026-05-28 01:31:54+00:00,0.4649999999999999,0,0.0,0.0,0.0,0.0,0.0,0.0,0.04999999999999999,69.22,0.7688529326784166
18746260,2026-05-28 01:31:55+00:00,0.4649999999999999,0,0.0,0.0,0.0,0.0,0.0,0.0,0.04999999999999999,69.22,0.7688529326784166
18746260,2026-05-28 01:31:56+00:00,0.4649999999999999,0,0.0,0.0,0.0,0.0,0.0,0.0,0.04999999999999999,69.22,0.7688529326784166
18746260,2026-05-28 01:31:57+00:00,0.4649999999999999,0,0.0,0.0,0.0,0.0,0.0,0.0,0.04999999999999999,69.22,0.7688529326784166
18746260,2026-05-28 01:31:58+00:00,0.4649999999999999,0,0.0,0.0,0.0,0.0,0.0,0.0,0.04999999999999999,69.22,0.7688529326784166
18746260,2026-05-28 01:31:59+00:00,0.4649999999999999,0,0.0,0.0,0.0,0.0,0.0,0.0,0.04999999999999999,69.22,0.7688529326784166
18746260,2026-05-28 01:32:00+00:00,0.4649999999999999,0,0.0,0.0,0.0,0.0,0.0,0.0,0.04999999999999999,69.22,0.7688529326784166
18746260,2026-05-28 01:32:01+00:00,0.4649999999999999,0,0.0,0.0,0.0,0.0,0.0,0.0,0.04999999999999999,69.22,0.7688529326784166
18746260,2026-05-28 01:32:02+00:00,0.4649999999999999,0,0.0,0.0,0.0,0.0,0.0,0.0,0.04999999999999999,69.22,0.7688529326784166
18746260,2026-05-28 01:32:03+00:00,0.4649999999999999,0,0.0,0.0,0.0,0.0,0.0,0.0,0.04999999999999999,69.22,0.7688529326784166
18746260,2026-05-28 01:32:04+00:00,0.4649999999999999,0,0.0,0.0,0.0,0.0,0.0,0.0,0.04999999999999999,69.22,0.7688529326784166
18746260,2026-05-28 01:32:05+00:00,0.4649999999999999,0,0.0,0.0,0.0,0.0,0.0,0.0,0.04999999999999999,69.22,0.7688529326784166
18746260,2026-05-28 01:32:06+00:00,0.4649999999999999,0,0.0,0.0,0.0,0.0,0.0,0.0,0.04999999999999999,69.22,0.7688529326784166
18746260,2026-05-28 01:32:07+00:00,0.4649999999999999,0,0.0,0.0,0.0,0.0,0.0,0.0,0.04999999999999999,69.22,0.7688529326784166
18746260,2026-05-28 01:32:08+00:00,0.4649999999999999,0,0.0,0.0,0.0,0.0,0.0,0.0,0.04999999999999999,69.22,0.7688529326784166
18746260,2026-05-28 01:32:09+00:00,0.4649999999999999,0,0.0,0.0,0.0,0.0,0.0,0.0,0.04999999999999999,69.22,0.7688529326784166
18746260,2026-05-28 01:32:10+00:00,0.4649999999999999,0,0.0,0.0,0.0,0.0,0.0,0.0,0.04999999999999999,69.22,0.7688529326784166
18746260,2026-05-28 01:32:11+00:00,0.4649999999999999,0,0.0,0.0,0.0,0.0,0.0,0.0,0.04999999999999999,69.22,0.7688529326784166
18746260,2026-05-28 01:32:12+00:00,0.4649999999999999,0,0.0,0.0,0.0,0.0,0.0,0.0,0.04999999999999999,69.22,0.7688529326784166
18746260,2026-05-28 01:32:13+00:00,0.4649999999999999,0,0.0,0.0,0.0,0.0,0.0,0.0,0.04999999999999999,69.22,0.7688529326784166
18746260,2026-05-28 01:32:14+00:00,0.4649999999999999,0,0.0,0.0,0.0,0.0,0.0,0.0,0.04999999999999999,69.22,0.7688529326784166
18746260,2026-05-28 01:32:15+00:00,0.4649999999999999,0,0.0,0.0,0.0,0.0,0.0,0.0,0.04999999999999999,69.22,0.7688529326784166
18746260,2026-05-28 01:32:16+00:00,0.4649999999999999,0,0.0,0.0,0.0,0.0,0.0,0.0,0.04999999999999999,69.22,0.7688529326784166
18746260,2026-05-28 01:32:17+00:00,0.4649999999999999,0,0.0,0.0,0.0,0.0,0.0,0.0,0.04999999999999999,69.22,0.7688529326784166
18746260,2026-05-28 01:32:18+00:00,0.4649999999999999,0,0.0,0.0,0.0,0.0,0.0,0.0,0.04999999999999999,69.22,0.7688529326784166
18746260,2026-05-28 01:32:19+00:00,0.4649999999999999,0,0.0,0.0,0.0,0.0,0.0,0.0,0.04999999999999999,69.22,0.7688529326784166
18746260,2026-05-28 01:32:20+00:00,0.4649999999999999,0,0.0,0.0,0.0,0.0,0.0,0.0,0.04999999999999999,69.22,0.7688529326784166
18746260,2026-05-28 01:32:21+00:00,0.4649999999999999,0,0.0,0.0,0.0,0.0,0.0,0.0,0.04999999999999999,69.22,0.7688529326784166
18746260,2026-05-28 01:32:22+00:00,0.4649999999999999,0,0.0,0.0,0.0,0.0,0.0,0.0,0.04999999999999999,69.22,0.7688529326784166
18746260,2026-05-28 01:32:23+00:00,0.4649999999999999,0,0.0,0.0,0.0,0.0,0.0,0.0,0.04999999999999999,69.22,0.7688529326784166
18746260,2026-05-28 01:32:24+00:00,0.4649999999999999,0,0.0,0.0,0.0,0.0,0.0,0.0,0.04999999999999999,69.22,0.7688529326784166
18746260,2026-05-28 01:32:25+00:00,0.4649999999999999,0,0.0,0.0,0.0,0.0,0.0,0.0,0.04999999999999999,69.22,0.7688529326784166
18746260,2026-05-28 01:32:26+00:00,0.4649999999999999,0,0.0,0.0,0.0,0.0,0.0,0.0,0.04999999999999999,69.22,0.7688529326784166
18746260,2026-05-28 01:32:27+00:00,0.4649999999999999,0,0.0,0.0,0.0,0.0,0.0,0.0,0.04999999999999999,69.22,0.7688529326784166
18746260,2026-05-28 01:32:28+00:00,0.4649999999999999,0,0.0,0.0,0.0,0.0,0.0,0.0,0.04999999999999999,69.22,0.7688529326784166
18746260,2026-05-28 01:32:29+00:00,0.4649999999999999,0,0.0,0.0,0.0,0.0,0.0,0.0,0.04999999999999999,69.22,0.7688529326784166
18746260,2026-05-28 01:32:30+00:00,0.4649999999999999,0,0.0,0.0,0.0,0.0,0.0,0.0,0.04999999999999999,69.22,0.7688529326784166
18746260,2026-05-28 01:32:31+00:00,0.4649999999999999,0,0.0,0.0,0.0,0.0,0.0,0.0,0.04999999999999999,69.22,0.7688529326784166
18746260,2026-05-28 01:32:32+00:00,0.4649999999999999,0,0.0,0.0,0.0,0.0,0.0,0.0,0.04999999999999999,69.22,0.7688529326784166
18746260,2026-05-28 01:32:33+00:00,0.4649999999999999,0,0.0,0.0,0.0,0.0,0.0,0.0,0.04999999999999999,69.22,0.7688529326784166
18746260,2026-05-28 01:32:34+00:00,0.4649999999999999,0,0.0,0.0,0.0,0.0,0.0,0.0,0.04999999999999999,69.22,0.7688529326784166
18746260,2026-05-28 01:32:35+00:00,0.4649999999999999,0,0.0,0.0,0.0,0.0,0.0,0.0,0.04999999999999999,69.22,0.7688529326784166
18746260,2026-05-28 01:32:36+00:00,0.4649999999999999,0,0.0,0.0,0.0,0.0,0.0,0.0,0.04999999999999999,69.22,0.7688529326784166
18746260,2026-05-28 01:32:37+00:00,0.4649999999999999,0,0.0,0.0,0.0,0.0,0.0,0.0,0.04999999999999999,69.22,0.7688529326784166
18746260,2026-05-28 01:32:38+00:00,0.4649999999999999,0,0.0,0.0,0.0,0.0,0.0,0.0,0.04999999999999999,69.22,0.7688529326784166
18746260,2026-05-28 01:32:39+00:00,0.4649999999999999,0,0.0,0.0,0.0,0.0,0.0,0.0,0.04999999999999999,69.22,0.7688529326784166
18746260,2026-05-28 01:32:40+00:00,0.4649999999999999,0,0.0,0.0,0.0,0.0,0.0,0.0,0.04999999999999999,69.22,0.7688529326784166
18746260,2026-05-28 01:32:41+00:00,0.4649999999999999,0,0.0,0.0,0.0,0.0,0.0,0.0,0.04999999999999999,69.22,0.7688529326784166
18746260,2026-05-28 01:32:42+00:00,0.4649999999999999,0,0.0,0.0,0.0,0.0,0.0,0.0,0.04999999999999999,69.22,0.7688529326784166
18746260,2026-05-28 01:32:43+00:00,0.4649999999999999,0,0.0,0.0,0.0,0.0,0.0,0.0,0.04999999999999999,69.22,0.7688529326784166
18746260,2026-05-28 01:32:44+00:00,0.4649999999999999,0,0.0,0.0,0.0,0.0,0.0,0.0,0.04999999999999999,69.22,0.7688529326784166
18746260,2026-05-28 01:32:45+00:00,0.4649999999999999,0,0.0,0.0,0.0,0.0,0.0,0.0,0.04999999999999999,69.22,0.7688529326784166
18746260,2026-05-28 01:32:46+00:00,0.4649999999999999,0,0.0,0.0,0.0,0.0,0.0,0.0,0.04999999999999999,69.22,0.7688529326784166
18746260,2026-05-28 01:32:47+00:00,0.4649999999999999,0,0.0,0.0,0.0,0.0,0.0,0.0,0.04999999999999999,69.22,0.7688529326784166
18746260,2026-05-28 01:32:48+00:00,0.4649999999999999,0,0.0,0.0,0.0,0.0,0.0,0.0,0.04999999999999999,69.22,0.7688529326784166
18746260,2026-05-28 01:32:49+00:00,0.4649999999999999,0,0.0,0.0,0.0,0.0,0.0,0.0,0.04999999999999999,69.22,0.7688529326784166
18746260,2026-05-28 01:32:50+00:00,0.4649999999999999,0,0.0,0.0,0.0,0.0,0.0,0.0,0.04999999999999999,69.22,0.7688529326784166
18746260,2026-05-28 01:32:51+00:00,0.4649999999999999,0,0.0,0.0,0.0,0.0,0.0,0.0,0.04999999999999999,69.22,0.7688529326784166
18746260,2026-05-28 01:32:52+00:00,0.4649999999999999,0,0.0,0.0,0.0,0.0,0.0,0.0,0.04999999999999999,69.22,0.7688529326784166
18746260,2026-05-28 01:32:53+00:00,0.4649999999999999,0,0.0,0.0,0.0,0.0,0.0,0.0,0.04999999999999999,69.22,0.7688529326784166
18746260,2026-05-28 01:32:54+00:00,0.4649999999999999,0,0.0,0.0,0.0,0.0,0.0,0.0,0.04999999999999999,69.22,0.7688529326784166
18746260,2026-05-28 01:32:55+00:00,0.4649999999999999,0,0.0,0.0,0.0,0.0,0.0,0.0,0.04999999999999999,69.22,0.7688529326784166
18746260,2026-05-28 01:32:56+00:00,0.4649999999999999,0,0.0,0.0,0.0,0.0,0.0,0.0,0.04999999999999999,69.22,0.7688529326784166
18746260,2026-05-28 01:32:57+00:00,0.4649999999999999,0,0.0,0.0,0.0,0.0,0.0,0.0,0.04999999999999999,69.22,0.7688529326784166
18746260,2026-05-28 01:32:58+00:00,0.4649999999999999,0,0.0,0.0,0.0,0.0,0.0,0.0,0.04999999999999999,69.22,0.7688529326784166
18746260,2026-05-28 01:32:59+00:00,0.4649999999999999,0,0.0,0.0,0.0,0.0,0.0,0.0,0.04999999999999999,69.22,0.7688529326784166
18746260,2026-05-28 01:33:00+00:00,0.4649999999999999,0,0.0,0.0,0.0,0.0,0.0,0.0,0.04999999999999999,69.22,0.7688529326784166
18746260,2026-05-28 01:33:01+00:00,0.4649999999999999,0,0.0,0.0,0.0,0.0,0.0,0.0,0.04999999999999999,69.22,0.7688529326784166
18746260,2026-05-28 01:33:02+00:00,0.4649999999999999,0,0.0,0.0,0.0,0.0,0.0,0.0,0.04999999999999999,69.22,0.7688529326784166
18746260,2026-05-28 01:33:03+00:00,0.4649999999999999,0,0.0,0.0,0.0,0.0,0.0,0.0,0.04999999999999999,69.22,0.7688529326784166
18746260,2026-05-28 01:33:04+00:00,0.4649999999999999,0,0.0,0.0,0.0,0.0,0.0,0.0,0.04999999999999999,69.22,0.7688529326784166
18746260,2026-05-28 01:33:05+00:00,0.4649999999999999,0,0.0,0.0,0.0,0.0,0.0,0.0,0.04999999999999999,69.22,0.7688529326784166
18746260,2026-05-28 01:33:06+00:00,0.4649999999999999,0,0.0,0.0,0.0,0.0,0.0,0.0,0.04999999999999999,69.22,0.7688529326784166
18746260,2026-05-28 01:33:07+00:00,0.4649999999999999,0,0.0,0.0,0.0,0.0,0.0,0.0,0.04999999999999999,69.22,0.7688529326784166
18746260,2026-05-28 01:33:08+00:00,0.4649999999999999,0,0.0,0.0,0.0,0.0,0.0,0.0,0.04999999999999999,69.22,0.7688529326784166
18746260,2026-05-28 01:33:09+00:00,0.4649999999999999,0,0.0,0.0,0.0,0.0,0.0,0.0,0.04999999999999999,69.22,0.7688529326784166
18746260,2026-05-28 01:33:10+00:00,0.4649999999999999,0,0.0,0.0,0.0,0.0,0.0,0.0,0.04999999999999999,69.22,0.7688529326784166
18746260,2026-05-28 01:33:11+00:00,0.4649999999999999,0,0.0,0.0,0.0,0.0,0.0,0.0,0.04999999999999999,69.22,0.7688529326784166
18746260,2026-05-28 01:33:12+00:00,0.4649999999999999,0,0.0,0.0,0.0,0.0,0.0,0.0,0.04999999999999999,69.22,0.7688529326784166
18746260,2026-05-28 01:33:13+00:00,0.4649999999999999,0,0.0,0.0,0.0,0.0,0.0,0.0,0.04999999999999999,69.22,0.7688529326784166
18746260,2026-05-28 01:33:14+00:00,0.4649999999999999,0,0.0,0.0,0.0,0.0,0.0,0.0,0.04999999999999999,69.22,0.7688529326784166
18746260,2026-05-28 01:33:15+00:00,0.4649999999999999,0,0.0,0.0,0.0,0.0,0.0,0.0,0.04999999999999999,69.22,0.7688529326784166
18746260,2026-05-28 01:33:16+00:00,0.4649999999999999,0,0.0,0.0,0.0,0.0,0.0,0.0,0.04999999999999999,69.22,0.7688529326784166
18746260,2026-05-28 01:33:17+00:00,0.4649999999999999,0,0.0,0.0,0.0,0.0,0.0,0.0,0.04999999999999999,69.22,0.7688529326784166
18746260,2026-05-28 01:33:18+00:00,0.4649999999999999,0,0.0,0.0,0.0,0.0,0.0,0.0,0.04999999999999999,69.22,0.7688529326784166
18746260,2026-05-28 01:33:19+00:00,0.4649999999999999,0,0.0,0.0,0.0,0.0,0.0,0.0,0.04999999999999999,69.22,0.7688529326784166
18746260,2026-05-28 01:33:20+00:00,0.4649999999999999,0,0.0,0.0,0.0,0.0,0.0,0.0,0.04999999999999999,69.22,0.7688529326784166
18746260,2026-05-28 01:33:21+00:00,0.4649999999999999,0,0.0,0.0,0.0,0.0,0.0,0.0,0.04999999999999999,69.22,0.7688529326784166
18746260,2026-05-28 01:33:22+00:00,0.4649999999999999,0,0.0,0.0,0.0,0.0,0.0,0.0,0.04999999999999999,69.22,0.7688529326784166
18746260,2026-05-28 01:33:23+00:00,0.4649999999999999,0,0.0,0.0,0.0,0.0,0.0,0.0,0.04999999999999999,69.22,0.7688529326784166
18746260,2026-05-28 01:33:24+00:00,0.4649999999999999,0,0.0,0.0,0.0,0.0,0.0,0.0,0.04999999999999999,69.22,0.7688529326784166
18746260,2026-05-28 01:33:25+00:00,0.4649999999999999,0,0.0,0.0,0.0,0.0,0.0,0.0,0.04999999999999999,69.22,0.7688529326784166
18746260,2026-05-28 01:33:26+00:00,0.4649999999999999,0,0.0,0.0,0.0,0.0,0.0,0.0,0.04999999999999999,69.22,0.7688529326784166
18746260,2026-05-28 01:33:27+00:00,0.4649999999999999,0,0.0,0.0,0.0,0.0,0.0,0.0,0.04999999999999999,69.22,0.7688529326784166
18746260,2026-05-28 01:33:28+00:00,0.4649999999999999,0,0.0,0.0,0.0,0.0,0.0,0.0,0.04999999999999999,69.22,0.7688529326784166
18746260,2026-05-28 01:33:29+00:00,0.4649999999999999,0,0.0,0.0,0.0,0.0,0.0,0.0,0.04999999999999999,69.22,0.7688529326784166
18746260,2026-05-28 01:33:30+00:00,0.4649999999999999,0,0.0,0.0,0.0,0.0,0.0,0.0,0.04999999999999999,69.22,0.7688529326784166
18746260,2026-05-28 01:33:31+00:00,0.4649999999999999,0,0.0,0.0,0.0,0.0,0.0,0.0,0.04999999999999999,69.22,0.7688529326784166
18746260,2026-05-28 01:33:32+00:00,0.4649999999999999,0,0.0,0.0,0.0,0.0,0.0,0.0,0.04999999999999999,69.22,0.7688529326784166
18746260,2026-05-28 01:33:33+00:00,0.4649999999999999,0,0.0,0.0,0.0,0.0,0.0,0.0,0.04999999999999999,69.22,0.7688529326784166
18746260,2026-05-28 01:33:34+00:00,0.4649999999999999,0,0.0,0.0,0.0,0.0,0.0,0.0,0.04999999999999999,69.22,0.7688529326784166
18746260,2026-05-28 01:33:35+00:00,0.4649999999999999,0,0.0,0.0,0.0,0.0,0.0,0.0,0.04999999999999999,69.22,0.7688529326784166
18746260,2026-05-28 01:33:36+00:00,0.4649999999999999,0,0.0,0.0,0.0,0.0,0.0,0.0,0.04999999999999999,69.22,0.7688529326784166
18746260,2026-05-28 01:33:37+00:00,0.4649999999999999,0,0.0,0.0,0.0,0.0,0.0,0.0,0.04999999999999999,69.22,0.7688529326784166
18746260,2026-05-28 01:33:38+00:00,0.4649999999999999,0,0.0,0.0,0.0,0.0,0.0,0.0,0.04999999999999999,69.22,0.7688529326784166
18746260,2026-05-28 01:33:39+00:00,0.4649999999999999,0,0.0,0.0,0.0,0.0,0.0,0.0,0.04999999999999999,69.22,0.7688529326784166
18746260,2026-05-28 01:33:40+00:00,0.4649999999999999,0,0.0,0.0,0.0,0.0,0.0,0.0,0.04999999999999999,69.22,0.7688529326784166
18746260,2026-05-28 01:33:41+00:00,0.4649999999999999,0,0.0,0.0,0.0,0.0,0.0,0.0,0.04999999999999999,69.22,0.7688529326784166
18746260,2026-05-28 01:33:42+00:00,0.4649999999999999,0,0.0,0.0,0.0,0.0,0.0,0.0,0.04999999999999999,69.22,0.7688529326784166
18746260,2026-05-28 01:33:43+00:00,0.4649999999999999,0,0.0,0.0,0.0,0.0,0.0,0.0,0.04999999999999999,69.22,0.7688529326784166
18746260,2026-05-28 01:33:44+00:00,0.4649999999999999,0,0.0,0.0,0.0,0.0,0.0,0.0,0.04999999999999999,69.22,0.7688529326784166
18746260,2026-05-28 01:33:45+00:00,0.4649999999999999,0,0.0,0.0,0.0,0.0,0.0,0.0,0.04999999999999999,69.22,0.7688529326784166
18746260,2026-05-28 01:33:46+00:00,0.4649999999999999,0,0.0,0.0,0.0,0.0,0.0,0.0,0.04999999999999999,69.22,0.7688529326784166
18746260,2026-05-28 01:33:47+00:00,0.4649999999999999,0,0.0,0.0,0.0,0.0,0.0,0.0,0.04999999999999999,69.22,0.7688529326784166
18746260,2026-05-28 01:33:48+00:00,0.4649999999999999,0,0.0,0.0,0.0,0.0,0.0,0.0,0.04999999999999999,69.22,0.7688529326784166
18746260,2026-05-28 01:33:49+00:00,0.4649999999999999,0,0.0,0.0,0.0,0.0,0.0,0.0,0.04999999999999999,69.22,0.7688529326784166
18746260,2026-05-28 01:33:50+00:00,0.4649999999999999,0,0.0,0.0,0.0,0.0,0.0,0.0,0.04999999999999999,69.22,0.7688529326784166
18746260,2026-05-28 01:33:51+00:00,0.4649999999999999,0,0.0,0.0,0.0,0.0,0.0,0.0,0.04999999999999999,69.22,0.7688529326784166
18746260,2026-05-28 01:33:52+00:00,0.4649999999999999,0,0.0,0.0,0.0,0.0,0.0,0.0,0.04999999999999999,69.22,0.7688529326784166
18746260,2026-05-28 01:33:53+00:00,0.4649999999999999,0,0.0,0.0,0.0,0.0,0.0,0.0,0.04999999999999999,69.22,0.7688529326784166
18746260,2026-05-28 01:33:54+00:00,0.4649999999999999,0,0.0,0.0,0.0,0.0,0.0,0.0,0.04999999999999999,69.22,0.7688529326784166
18746260,2026-05-28 01:33:55+00:00,0.4649999999999999,0,0.0,0.0,0.0,0.0,0.0,0.0,0.04999999999999999,69.22,0.7688529326784166
18746260,2026-05-28 01:33:56+00:00,0.4649999999999999,0,0.0,0.0,0.0,0.0,0.0,0.0,0.04999999999999999,69.22,0.7688529326784166
18746260,2026-05-28 01:33:57+00:00,0.4649999999999999,0,0.0,0.0,0.0,0.0,0.0,0.0,0.04999999999999999,69.22,0.7688529326784166
18746260,2026-05-28 01:33:58+00:00,0.4649999999999999,0,0.0,0.0,0.0,0.0,0.0,0.0,0.04999999999999999,69.22,0.7688529326784166
18746260,2026-05-28 01:33:59+00:00,0.4649999999999999,0,0.0,0.0,0.0,0.0,0.0,0.0,0.04999999999999999,69.22,0.7688529326784166
18746260,2026-05-28 01:34:00+00:00,0.4649999999999999,0,0.0,0.0,0.0,0.0,0.0,0.0,0.04999999999999999,69.22,0.7688529326784166
18746260,2026-05-28 01:34:01+00:00,0.4649999999999999,0,0.0,0.0,0.0,0.0,0.0,0.0,0.04999999999999999,69.22,0.7688529326784166
18746260,2026-05-28 01:34:02+00:00,0.4649999999999999,0,0.0,0.0,0.0,0.0,0.0,0.0,0.04999999999999999,69.22,0.7688529326784166
18746260,2026-05-28 01:34:03+00:00,0.4649999999999999,0,0.0,0.0,0.0,0.0,0.0,0.0,0.04999999999999999,69.22,0.7688529326784166
18746260,2026-05-28 01:34:04+00:00,0.4649999999999999,0,0.0,0.0,0.0,0.0,0.0,0.0,0.04999999999999999,69.22,0.7688529326784166
18746260,2026-05-28 01:34:05+00:00,0.4649999999999999,0,0.0,0.0,0.0,0.0,0.0,0.0,0.04999999999999999,69.22,0.7688529326784166
18746260,2026-05-28 01:34:06+00:00,0.4649999999999999,0,0.0,0.0,0.0,0.0,0.0,0.0,0.04999999999999999,69.22,0.7688529326784166
18746260,2026-05-28 01:34:07+00:00,0.4649999999999999,0,0.0,0.0,0.0,0.0,0.0,0.0,0.04999999999999999,69.22,0.7688529326784166
18746260,2026-05-28 01:34:08+00:00,0.4649999999999999,0,0.0,0.0,0.0,0.0,0.0,0.0,0.04999999999999999,69.22,0.7688529326784166
18746260,2026-05-28 01:34:09+00:00,0.4649999999999999,0,0.0,0.0,0.0,0.0,0.0,0.0,0.04999999999999999,69.22,0.7688529326784166
18746260,2026-05-28 01:34:10+00:00,0.4649999999999999,0,0.0,0.0,0.0,0.0,0.0,0.0,0.04999999999999999,69.22,0.7688529326784166
18746260,2026-05-28 01:34:11+00:00,0.4649999999999999,0,0.0,0.0,0.0,0.0,0.0,0.0,0.04999999999999999,69.22,0.7688529326784166
18746260,2026-05-28 01:34:12+00:00,0.4649999999999999,0,0.0,0.0,0.0,0.0,0.0,0.0,0.04999999999999999,69.22,0.7688529326784166
18746260,2026-05-28 01:34:13+00:00,0.4649999999999999,0,0.0,0.0,0.0,0.0,0.0,0.0,0.04999999999999999,69.22,0.7688529326784166
18746260,2026-05-28 01:34:14+00:00,0.4649999999999999,0,0.0,0.0,0.0,0.0,0.0,0.0,0.04999999999999999,69.22,0.7688529326784166
18746260,2026-05-28 01:34:15+00:00,0.4649999999999999,0,0.0,0.0,0.0,0.0,0.0,0.0,0.04999999999999999,69.22,0.7688529326784166
18746260,2026-05-28 01:34:16+00:00,0.4649999999999999,0,0.0,0.0,0.0,0.0,0.0,0.0,0.04999999999999999,69.22,0.7688529326784166
18746260,2026-05-28 01:34:17+00:00,0.4649999999999999,0,0.0,0.0,0.0,0.0,0.0,0.0,0.04999999999999999,69.22,0.7688529326784166
18746260,2026-05-28 01:34:18+00:00,0.4649999999999999,0,0.0,0.0,0.0,0.0,0.0,0.0,0.04999999999999999,69.22,0.7688529326784166
18746260,2026-05-28 01:34:19+00:00,0.4649999999999999,0,0.0,0.0,0.0,0.0,0.0,0.0,0.04999999999999999,69.22,0.7688529326784166
18746260,2026-05-28 01:34:20+00:00,0.4649999999999999,0,0.0,0.0,0.0,0.0,0.0,0.0,0.04999999999999999,69.22,0.7688529326784166
18746260,2026-05-28 01:34:21+00:00,0.4649999999999999,0,0.0,0.0,0.0,0.0,0.0,0.0,0.04999999999999999,69.22,0.7688529326784166
18746260,2026-05-28 01:34:22+00:00,0.4649999999999999,0,0.0,0.0,0.0,0.0,0.0,0.0,0.04999999999999999,69.22,0.7688529326784166
18746260,2026-05-28 01:34:23+00:00,0.4649999999999999,0,0.0,0.0,0.0,0.0,0.0,0.0,0.04999999999999999,69.22,0.7688529326784166
18746260,2026-05-28 01:34:24+00:00,0.4649999999999999,0,0.0,0.0,0.0,0.0,0.0,0.0,0.04999999999999999,69.22,0.7688529326784166
18746260,2026-05-28 01:34:25+00:00,0.4649999999999999,0,0.0,0.0,0.0,0.0,0.0,0.0,0.04999999999999999,69.22,0.7688529326784166
18746260,2026-05-28 01:34:26+00:00,0.4649999999999999,0,0.0,0.0,0.0,0.0,0.0,0.0,0.04999999999999999,69.22,0.7688529326784166
18746260,2026-05-28 01:34:27+00:00,0.4649999999999999,0,0.0,0.0,0.0,0.0,0.0,0.0,0.04999999999999999,69.22,0.7688529326784166
18746260,2026-05-28 01:34:28+00:00,0.4649999999999999,0,0.0,0.0,0.0,0.0,0.0,0.0,0.04999999999999999,69.22,0.7688529326784166
18746260,2026-05-28 01:34:29+00:00,0.4649999999999999,0,0.0,0.0,0.0,0.0,0.0,0.0,0.04999999999999999,69.22,0.7688529326784166
18746260,2026-05-28 01:34:30+00:00,0.4649999999999999,0,0.0,0.0,0.0,0.0,0.0,0.0,0.04999999999999999,69.22,0.7688529326784166
18746260,2026-05-28 01:34:31+00:00,0.4649999999999999,0,0.0,0.0,0.0,0.0,0.0,0.0,0.04999999999999999,69.22,0.7688529326784166
18746260,2026-05-28 01:34:32+00:00,0.4649999999999999,0,0.0,0.0,0.0,0.0,0.0,0.0,0.04999999999999999,69.22,0.7688529326784166
18746260,2026-05-28 01:34:33+00:00,0.4649999999999999,0,0.0,0.0,0.0,0.0,0.0,0.0,0.04999999999999999,69.22,0.7688529326784166
18746260,2026-05-28 01:34:34+00:00,0.4649999999999999,0,0.0,0.0,0.0,0.0,0.0,0.0,0.04999999999999999,69.22,0.7688529326784166
18746260,2026-05-28 01:34:35+00:00,0.4649999999999999,0,0.0,0.0,0.0,0.0,0.0,0.0,0.04999999999999999,69.22,0.7688529326784166
18746260,2026-05-28 01:34:36+00:00,0.4649999999999999,0,0.0,0.0,0.0,0.0,0.0,0.0,0.04999999999999999,69.22,0.7688529326784166
18746260,2026-05-28 01:34:37+00:00,0.4649999999999999,0,0.0,0.0,0.0,0.0,0.0,0.0,0.04999999999999999,69.22,0.7688529326784166
18746260,2026-05-28 01:34:38+00:00,0.4649999999999999,0,0.0,0.0,0.0,0.0,0.0,0.0,0.04999999999999999,69.22,0.7688529326784166
18746260,2026-05-28 01:34:39+00:00,0.4649999999999999,0,0.0,0.0,0.0,0.0,0.0,0.0,0.04999999999999999,69.22,0.7688529326784166
18746260,2026-05-28 01:34:40+00:00,0.4649999999999999,0,0.0,0.0,0.0,0.0,0.0,0.0,0.04999999999999999,69.22,0.7688529326784166
18746260,2026-05-28 01:34:41+00:00,0.4649999999999999,0,0.0,0.0,0.0,0.0,0.0,0.0,0.04999999999999999,69.22,0.7688529326784166
18746260,2026-05-28 01:34:42+00:00,0.4649999999999999,0,0.0,0.0,0.0,0.0,0.0,0.0,0.04999999999999999,69.22,0.7688529326784166
18746260,2026-05-28 01:34:43+00:00,0.4649999999999999,0,0.0,0.0,0.0,0.0,0.0,0.0,0.04999999999999999,69.22,0.7688529326784166
18746260,2026-05-28 01:34:44+00:00,0.4649999999999999,0,0.0,0.0,0.0,0.0,0.0,0.0,0.04999999999999999,69.22,0.7688529326784166
18746260,2026-05-28 01:34:45+00:00,0.4649999999999999,0,0.0,0.0,0.0,0.0,0.0,0.0,0.04999999999999999,69.22,0.7688529326784166
18746260,2026-05-28 01:34:46+00:00,0.4649999999999999,0,0.0,0.0,0.0,0.0,0.0,0.0,0.04999999999999999,69.22,0.7688529326784166
18746260,2026-05-28 01:34:47+00:00,0.4649999999999999,0,0.0,0.0,0.0,0.0,0.0,0.0,0.04999999999999999,69.22,0.7688529326784166
18746260,2026-05-28 01:34:48+00:00,0.4649999999999999,0,0.0,0.0,0.0,0.0,0.0,0.0,0.04999999999999999,69.22,0.7688529326784166
18746260,2026-05-28 01:34:49+00:00,0.4649999999999999,0,0.0,0.0,0.0,0.0,0.0,0.0,0.04999999999999999,69.22,0.7688529326784166
18746260,2026-05-28 01:34:50+00:00,0.4649999999999999,0,0.0,0.0,0.0,0.0,0.0,0.0,0.04999999999999999,69.22,0.7688529326784166
18746260,2026-05-28 01:34:51+00:00,0.4649999999999999,0,0.0,0.0,0.0,0.0,0.0,0.0,0.04999999999999999,69.22,0.7688529326784166
18746260,2026-05-28 01:34:52+00:00,0.4649999999999999,0,0.0,0.0,0.0,0.0,0.0,0.0,0.04999999999999999,69.22,0.7688529326784166
18746260,2026-05-28 01:34:53+00:00,0.4649999999999999,0,0.0,0.0,0.0,0.0,0.0,0.0,0.04999999999999999,69.22,0.7688529326784166
18746260,2026-05-28 01:34:54+00:00,0.4649999999999999,0,0.0,0.0,0.0,0.0,0.0,0.0,0.04999999999999999,69.22,0.7688529326784166
18746260,2026-05-28 01:34:55+00:00,0.4649999999999999,0,0.0,0.0,0.0,0.0,0.0,0.0,0.04999999999999999,69.22,0.7688529326784166
18746260,2026-05-28 01:34:56+00:00,0.4649999999999999,0,0.0,0.0,0.0,0.0,0.0,0.0,0.04999999999999999,69.22,0.7688529326784166
18746260,2026-05-28 01:34:57+00:00,0.4649999999999999,0,0.0,0.0,0.0,0.0,0.0,0.0,0.04999999999999999,69.22,0.7688529326784166
18746260,2026-05-28 01:34:58+00:00,0.4649999999999999,0,0.0,0.0,0.0,0.0,0.0,0.0,0.04999999999999999,69.22,0.7688529326784166
18746260,2026-05-28 01:34:59+00:00,0.4649999999999999,0,0.0,0.0,0.0,0.0,0.0,0.0,0.04999999999999999,69.22,0.7688529326784166
18746260,2026-05-28 01:35:00+00:00,0.4649999999999999,0,0.0,0.0,0.0,0.0,0.0,0.0,0.04999999999999999,69.22,0.7688529326784166
18746260,2026-05-28 01:35:01+00:00,0.4649999999999999,0,0.0,0.0,0.0,0.0,0.0,0.0,0.04999999999999999,69.22,0.7688529326784166
18746260,2026-05-28 01:35:02+00:00,0.4649999999999999,0,0.0,0.0,0.0,0.0,0.0,0.0,0.04999999999999999,69.22,0.7688529326784166
18746260,2026-05-28 01:35:03+00:00,0.4649999999999999,0,0.0,0.0,0.0,0.0,0.0,0.0,0.04999999999999999,69.22,0.7688529326784166
18746260,2026-05-28 01:35:04+00:00,0.4649999999999999,0,0.0,0.0,0.0,0.0,0.0,0.0,0.04999999999999999,69.22,0.7688529326784166
18746260,2026-05-28 01:35:05+00:00,0.4649999999999999,0,0.0,0.0,0.0,0.0,0.0,0.0,0.04999999999999999,69.22,0.7688529326784166
18746260,2026-05-28 01:35:06+00:00,0.4649999999999999,0,0.0,0.0,0.0,0.0,0.0,0.0,0.04999999999999999,69.22,0.7688529326784166
18746260,2026-05-28 01:35:07+00:00,0.4649999999999999,0,0.0,0.0,0.0,0.0,0.0,0.0,0.04999999999999999,69.22,0.7688529326784166
18746260,2026-05-28 01:35:08+00:00,0.4649999999999999,0,0.0,0.0,0.0,0.0,0.0,0.0,0.04999999999999999,69.22,0.7688529326784166
18746260,2026-05-28 01:35:09+00:00,0.4649999999999999,0,0.0,0.0,0.0,0.0,0.0,0.0,0.04999999999999999,69.22,0.7688529326784166
18746260,2026-05-28 01:35:10+00:00,0.4649999999999999,0,0.0,0.0,0.0,0.0,0.0,0.0,0.04999999999999999,69.22,0.7688529326784166
18746260,2026-05-28 01:35:11+00:00,0.4649999999999999,0,0.0,0.0,0.0,0.0,0.0,0.0,0.04999999999999999,69.22,0.7688529326784166
18746260,2026-05-28 01:35:12+00:00,0.4649999999999999,0,0.0,0.0,0.0,0.0,0.0,0.0,0.04999999999999999,69.22,0.7688529326784166
18746260,2026-05-28 01:35:13+00:00,0.4649999999999999,0,0.0,0.0,0.0,0.0,0.0,0.0,0.04999999999999999,69.22,0.7688529326784166
18746260,2026-05-28 01:35:14+00:00,0.4649999999999999,0,0.0,0.0,0.0,0.0,0.0,0.0,0.04999999999999999,69.22,0.7688529326784166
18746260,2026-05-28 01:35:15+00:00,0.4649999999999999,0,0.0,0.0,0.0,0.0,0.0,0.0,0.04999999999999999,69.22,0.7688529326784166
18746260,2026-05-28 01:35:16+00:00,0.4649999999999999,0,0.0,0.0,0.0,0.0,0.0,0.0,0.04999999999999999,69.22,0.7688529326784166
18746260,2026-05-28 01:35:17+00:00,0.4649999999999999,0,0.0,0.0,0.0,0.0,0.0,0.0,0.04999999999999999,69.22,0.7688529326784166
18746260,2026-05-28 01:35:18+00:00,0.4649999999999999,0,0.0,0.0,0.0,0.0,0.0,0.0,0.04999999999999999,69.22,0.7688529326784166
18746260,2026-05-28 01:35:19+00:00,0.4649999999999999,0,0.0,0.0,0.0,0.0,0.0,0.0,0.04999999999999999,69.22,0.7688529326784166
18746260,2026-05-28 01:35:20+00:00,0.4649999999999999,0,0.0,0.0,0.0,0.0,0.0,0.0,0.04999999999999999,69.22,0.7688529326784166
18746260,2026-05-28 01:35:21+00:00,0.4649999999999999,0,0.0,0.0,0.0,0.0,0.0,0.0,0.04999999999999999,69.22,0.7688529326784166
18746260,2026-05-28 01:35:22+00:00,0.4649999999999999,0,0.0,0.0,0.0,0.0,0.0,0.0,0.04999999999999999,69.22,0.7688529326784166
18746260,2026-05-28 01:35:23+00:00,0.4649999999999999,0,0.0,0.0,0.0,0.0,0.0,0.0,0.04999999999999999,69.22,0.7688529326784166
18746260,2026-05-28 01:35:24+00:00,0.4649999999999999,0,0.0,0.0,0.0,0.0,0.0,0.0,0.04999999999999999,69.22,0.7688529326784166
18746260,2026-05-28 01:35:25+00:00,0.4649999999999999,0,0.0,0.0,0.0,0.0,0.0,0.0,0.04999999999999999,69.22,0.7688529326784166
18746260,2026-05-28 01:35:26+00:00,0.4649999999999999,0,0.0,0.0,0.0,0.0,0.0,0.0,0.04999999999999999,69.22,0.7688529326784166
18746260,2026-05-28 01:35:27+00:00,0.4649999999999999,0,0.0,0.0,0.0,0.0,0.0,0.0,0.04999999999999999,69.22,0.7688529326784166
18746260,2026-05-28 01:35:28+00:00,0.4649999999999999,0,0.0,0.0,0.0,0.0,0.0,0.0,0.04999999999999999,69.22,0.7688529326784166
18746260,2026-05-28 01:35:29+00:00,0.4649999999999999,0,0.0,0.0,0.0,0.0,0.0,0.0,0.04999999999999999,69.22,0.7688529326784166
18746260,2026-05-28 01:35:30+00:00,0.4649999999999999,0,0.0,0.0,0.0,0.0,0.0,0.0,0.04999999999999999,69.22,0.7688529326784166
18746260,2026-05-28 01:35:31+00:00,0.4649999999999999,0,0.0,0.0,0.0,0.0,0.0,0.0,0.04999999999999999,69.22,0.7688529326784166
18746260,2026-05-28 01:35:32+00:00,0.4649999999999999,0,0.0,0.0,0.0,0.0,0.0,0.0,0.04999999999999999,69.22,0.7688529326784166
18746260,2026-05-28 01:35:33+00:00,0.4649999999999999,0,0.0,0.0,0.0,0.0,0.0,0.0,0.04999999999999999,69.22,0.7688529326784166
18746260,2026-05-28 01:35:34+00:00,0.4649999999999999,0,0.0,0.0,0.0,0.0,0.0,0.0,0.04999999999999999,69.22,0.7688529326784166
18746260,2026-05-28 01:35:35+00:00,0.4649999999999999,0,0.0,0.0,0.0,0.0,0.0,0.0,0.04999999999999999,69.22,0.7688529326784166
18746260,2026-05-28 01:35:36+00:00,0.4649999999999999,0,0.0,0.0,0.0,0.0,0.0,0.0,0.04999999999999999,69.22,0.7688529326784166
18746260,2026-05-28 01:35:37+00:00,0.4649999999999999,0,0.0,0.0,0.0,0.0,0.0,0.0,0.04999999999999999,69.22,0.7688529326784166
18746260,2026-05-28 01:35:38+00:00,0.4649999999999999,0,0.0,0.0,0.0,0.0,0.0,0.0,0.04999999999999999,69.22,0.7688529326784166
18746260,2026-05-28 01:35:39+00:00,0.4649999999999999,0,0.0,0.0,0.0,0.0,0.0,0.0,0.04999999999999999,69.22,0.7688529326784166
18746260,2026-05-28 01:35:40+00:00,0.4649999999999999,0,0.0,0.0,0.0,0.0,0.0,0.0,0.04999999999999999,69.22,0.7688529326784166
18746260,2026-05-28 01:35:41+00:00,0.4649999999999999,0,0.0,0.0,0.0,0.0,0.0,0.0,0.04999999999999999,69.22,0.7688529326784166
18746260,2026-05-28 01:35:42+00:00,0.4649999999999999,0,0.0,0.0,0.0,0.0,0.0,0.0,0.04999999999999999,69.22,0.7688529326784166
18746260,2026-05-28 01:35:43+00:00,0.4649999999999999,0,0.0,0.0,0.0,0.0,0.0,0.0,0.04999999999999999,69.22,0.7688529326784166
18746260,2026-05-28 01:35:44+00:00,0.4649999999999999,0,0.0,0.0,0.0,0.0,0.0,0.0,0.04999999999999999,69.22,0.7688529326784166
18746260,2026-05-28 01:35:45+00:00,0.4649999999999999,0,0.0,0.0,0.0,0.0,0.0,0.0,0.04999999999999999,69.22,0.7688529326784166
18746260,2026-05-28 01:35:46+00:00,0.4649999999999999,0,0.0,0.0,0.0,0.0,0.0,0.0,0.04999999999999999,69.22,0.7688529326784166
18746260,2026-05-28 01:35:47+00:00,0.4649999999999999,0,0.0,0.0,0.0,0.0,0.0,0.0,0.04999999999999999,69.22,0.7688529326784166
18746260,2026-05-28 01:35:48+00:00,0.4649999999999999,0,0.0,0.0,0.0,0.0,0.0,0.0,0.04999999999999999,69.22,0.7688529326784166
18746260,2026-05-28 01:35:49+00:00,0.4649999999999999,0,0.0,0.0,0.0,0.0,0.0,0.0,0.04999999999999999,69.22,0.7688529326784166
18746260,2026-05-28 01:35:50+00:00,0.4649999999999999,0,0.0,0.0,0.0,0.0,0.0,0.0,0.04999999999999999,69.22,0.7688529326784166
18746260,2026-05-28 01:35:51+00:00,0.4649999999999999,0,0.0,0.0,0.0,0.0,0.0,0.0,0.04999999999999999,69.22,0.7688529326784166
18746260,2026-05-28 01:35:52+00:00,0.4649999999999999,0,0.0,0.0,0.0,0.0,0.0,0.0,0.04999999999999999,69.22,0.7688529326784166
18746260,2026-05-28 01:35:53+00:00,0.4649999999999999,0,0.0,0.0,0.0,0.0,0.0,0.0,0.04999999999999999,69.22,0.7688529326784166
18746260,2026-05-28 01:35:54+00:00,0.4649999999999999,0,0.0,0.0,0.0,0.0,0.0,0.0,0.04999999999999999,69.22,0.7688529326784166
18746260,2026-05-28 01:35:55+00:00,0.4649999999999999,0,0.0,0.0,0.0,0.0,0.0,0.0,0.04999999999999999,69.22,0.7688529326784166
18746260,2026-05-28 01:35:56+00:00,0.4649999999999999,0,0.0,0.0,0.0,0.0,0.0,0.0,0.04999999999999999,69.22,0.7688529326784166
18746260,2026-05-28 01:35:57+00:00,0.4649999999999999,0,0.0,0.0,0.0,0.0,0.0,0.0,0.04999999999999999,69.22,0.7688529326784166
18746260,2026-05-28 01:35:58+00:00,0.4649999999999999,0,0.0,0.0,0.0,0.0,0.0,0.0,0.04999999999999999,69.22,0.7688529326784166
18746260,2026-05-28 01:35:59+00:00,0.4649999999999999,0,0.0,0.0,0.0,0.0,0.0,0.0,0.04999999999999999,69.22,0.7688529326784166
18746260,2026-05-28 01:36:00+00:00,0.4649999999999999,0,0.0,0.0,0.0,0.0,0.0,0.0,0.04999999999999999,69.22,0.7688529326784166
18746260,2026-05-28 01:36:01+00:00,0.4649999999999999,0,0.0,0.0,0.0,0.0,0.0,0.0,0.04999999999999999,69.22,0.7688529326784166
18746260,2026-05-28 01:36:02+00:00,0.4649999999999999,0,0.0,0.0,0.0,0.0,0.0,0.0,0.04999999999999999,69.22,0.7688529326784166
18746260,2026-05-28 01:36:03+00:00,0.4649999999999999,0,0.0,0.0,0.0,0.0,0.0,0.0,0.04999999999999999,69.22,0.7688529326784166
18746260,2026-05-28 01:36:04+00:00,0.4649999999999999,0,0.0,0.0,0.0,0.0,0.0,0.0,0.04999999999999999,69.22,0.7688529326784166
18746260,2026-05-28 01:36:05+00:00,0.4649999999999999,0,0.0,0.0,0.0,0.0,0.0,0.0,0.04999999999999999,69.22,0.7688529326784166
18746260,2026-05-28 01:36:06+00:00,0.4649999999999999,0,0.0,0.0,0.0,0.0,0.0,0.0,0.04999999999999999,69.22,0.7688529326784166
18746260,2026-05-28 01:36:07+00:00,0.4649999999999999,0,0.0,0.0,0.0,0.0,0.0,0.0,0.04999999999999999,69.22,0.7688529326784166
18746260,2026-05-28 01:36:08+00:00,0.4649999999999999,0,0.0,0.0,0.0,0.0,0.0,0.0,0.04999999999999999,69.22,0.7688529326784166
18746260,2026-05-28 01:36:09+00:00,0.4649999999999999,0,0.0,0.0,0.0,0.0,0.0,0.0,0.04999999999999999,69.22,0.7688529326784166
18746260,2026-05-28 01:36:10+00:00,0.4649999999999999,0,0.0,0.0,0.0,0.0,0.0,0.0,0.04999999999999999,69.22,0.7688529326784166
18746260,2026-05-28 01:36:11+00:00,0.4649999999999999,0,0.0,0.0,0.0,0.0,0.0,0.0,0.04999999999999999,69.22,0.7688529326784166
18746260,2026-05-28 01:36:12+00:00,0.4649999999999999,0,0.0,0.0,0.0,0.0,0.0,0.0,0.04999999999999999,69.22,0.7688529326784166
18746260,2026-05-28 01:36:13+00:00,0.4649999999999999,0,0.0,0.0,0.0,0.0,0.0,0.0,0.04999999999999999,69.22,0.7688529326784166
18746260,2026-05-28 01:36:14+00:00,0.4649999999999999,0,0.0,0.0,0.0,0.0,0.0,0.0,0.04999999999999999,69.22,0.7688529326784166
18746260,2026-05-28 01:36:15+00:00,0.4649999999999999,0,0.0,0.0,0.0,0.0,0.0,0.0,0.04999999999999999,69.22,0.7688529326784166
18746260,2026-05-28 01:36:16+00:00,0.4649999999999999,0,0.0,0.0,0.0,0.0,0.0,0.0,0.04999999999999999,69.22,0.7688529326784166
18746260,2026-05-28 01:36:17+00:00,0.4649999999999999,0,0.0,0.0,0.0,0.0,0.0,0.0,0.04999999999999999,69.22,0.7688529326784166
18746260,2026-05-28 01:36:18+00:00,0.4649999999999999,0,0.0,0.0,0.0,0.0,0.0,0.0,0.04999999999999999,69.22,0.7688529326784166
18746260,2026-05-28 01:36:19+00:00,0.4649999999999999,0,0.0,0.0,0.0,0.0,0.0,0.0,0.04999999999999999,69.22,0.7688529326784166
18746260,2026-05-28 01:36:20+00:00,0.4649999999999999,0,0.0,0.0,0.0,0.0,0.0,0.0,0.04999999999999999,69.22,0.7688529326784166
18746260,2026-05-28 01:36:21+00:00,0.4649999999999999,0,0.0,0.0,0.0,0.0,0.0,0.0,0.04999999999999999,69.22,0.7688529326784166
18746260,2026-05-28 01:36:22+00:00,0.4649999999999999,0,0.0,0.0,0.0,0.0,0.0,0.0,0.04999999999999999,69.22,0.7688529326784166
18746260,2026-05-28 01:36:23+00:00,0.4649999999999999,0,0.0,0.0,0.0,0.0,0.0,0.0,0.04999999999999999,69.22,0.7688529326784166
18746260,2026-05-28 01:36:24+00:00,0.4649999999999999,0,0.0,0.0,0.0,0.0,0.0,0.0,0.04999999999999999,69.22,0.7688529326784166
18746260,2026-05-28 01:36:25+00:00,0.4649999999999999,0,0.0,0.0,0.0,0.0,0.0,0.0,0.04999999999999999,69.22,0.7688529326784166
18746260,2026-05-28 01:36:26+00:00,0.4649999999999999,0,0.0,0.0,0.0,0.0,0.0,0.0,0.04999999999999999,69.22,0.7688529326784166
18746260,2026-05-28 01:36:27+00:00,0.4649999999999999,0,0.0,0.0,0.0,0.0,0.0,0.0,0.04999999999999999,69.22,0.7688529326784166
18746260,2026-05-28 01:36:28+00:00,0.4649999999999999,0,0.0,0.0,0.0,0.0,0.0,0.0,0.04999999999999999,69.22,0.7688529326784166
18746260,2026-05-28 01:36:29+00:00,0.4649999999999999,0,0.0,0.0,0.0,0.0,0.0,0.0,0.04999999999999999,69.22,0.7688529326784166
18746260,2026-05-28 01:36:30+00:00,0.4649999999999999,0,0.0,0.0,0.0,0.0,0.0,0.0,0.04999999999999999,69.22,0.7688529326784166
18746260,2026-05-28 01:36:31+00:00,0.4649999999999999,0,0.0,0.0,0.0,0.0,0.0,0.0,0.04999999999999999,69.22,0.7688529326784166
18746260,2026-05-28 01:36:32+00:00,0.4649999999999999,0,0.0,0.0,0.0,0.0,0.0,0.0,0.04999999999999999,69.22,0.7688529326784166
18746260,2026-05-28 01:36:33+00:00,0.4649999999999999,0,0.0,0.0,0.0,0.0,0.0,0.0,0.04999999999999999,69.22,0.7688529326784166
18746260,2026-05-28 01:36:34+00:00,0.4649999999999999,0,0.0,0.0,0.0,0.0,0.0,0.0,0.04999999999999999,69.22,0.7688529326784166
18746260,2026-05-28 01:36:35+00:00,0.4649999999999999,0,0.0,0.0,0.0,0.0,0.0,0.0,0.04999999999999999,69.22,0.7688529326784166
18746260,2026-05-28 01:36:36+00:00,0.4649999999999999,0,0.0,0.0,0.0,0.0,0.0,0.0,0.04999999999999999,69.22,0.7688529326784166
18746260,2026-05-28 01:36:37+00:00,0.4649999999999999,0,0.0,0.0,0.0,0.0,0.0,0.0,0.04999999999999999,69.22,0.7688529326784166
18746260,2026-05-28 01:36:38+00:00,0.4649999999999999,0,0.0,0.0,0.0,0.0,0.0,0.0,0.04999999999999999,69.22,0.7688529326784166
18746260,2026-05-28 01:36:39+00:00,0.4649999999999999,0,0.0,0.0,0.0,0.0,0.0,0.0,0.04999999999999999,69.22,0.7688529326784166
18746260,2026-05-28 01:36:40+00:00,0.4649999999999999,0,0.0,0.0,0.0,0.0,0.0,0.0,0.04999999999999999,69.22,0.7688529326784166
18746260,2026-05-28 01:36:41+00:00,0.4649999999999999,0,0.0,0.0,0.0,0.0,0.0,0.0,0.04999999999999999,69.22,0.7688529326784166
18746260,2026-05-28 01:36:42+00:00,0.4649999999999999,0,0.0,0.0,0.0,0.0,0.0,0.0,0.04999999999999999,69.22,0.7688529326784166
18746260,2026-05-28 01:36:43+00:00,0.4649999999999999,0,0.0,0.0,0.0,0.0,0.0,0.0,0.04999999999999999,69.22,0.7688529326784166
18746260,2026-05-28 01:36:44+00:00,0.4649999999999999,0,0.0,0.0,0.0,0.0,0.0,0.0,0.04999999999999999,69.22,0.7688529326784166
18746260,2026-05-28 01:36:45+00:00,0.4649999999999999,0,0.0,0.0,0.0,0.0,0.0,0.0,0.04999999999999999,69.22,0.7688529326784166
18746260,2026-05-28 01:36:46+00:00,0.4649999999999999,0,0.0,0.0,0.0,0.0,0.0,0.0,0.04999999999999999,69.22,0.7688529326784166
18746260,2026-05-28 01:36:47+00:00,0.4649999999999999,0,0.0,0.0,0.0,0.0,0.0,0.0,0.04999999999999999,69.22,0.7688529326784166
18746260,2026-05-28 01:36:48+00:00,0.4649999999999999,0,0.0,0.0,0.0,0.0,0.0,0.0,0.04999999999999999,69.22,0.7688529326784166
18746260,2026-05-28 01:36:49+00:00,0.4649999999999999,0,0.0,0.0,0.0,0.0,0.0,0.0,0.04999999999999999,69.22,0.7688529326784166
18746260,2026-05-28 01:36:50+00:00,0.4649999999999999,0,0.0,0.0,0.0,0.0,0.0,0.0,0.04999999999999999,69.22,0.7688529326784166
18746260,2026-05-28 01:36:51+00:00,0.4649999999999999,0,0.0,0.0,0.0,0.0,0.0,0.0,0.04999999999999999,69.22,0.7688529326784166
18746260,2026-05-28 01:36:52+00:00,0.4649999999999999,0,0.0,0.0,0.0,0.0,0.0,0.0,0.04999999999999999,69.22,0.7688529326784166
18746260,2026-05-28 01:36:53+00:00,0.4649999999999999,0,0.0,0.0,0.0,0.0,0.0,0.0,0.04999999999999999,69.22,0.7688529326784166
18746260,2026-05-28 01:36:54+00:00,0.4649999999999999,0,0.0,0.0,0.0,0.0,0.0,0.0,0.04999999999999999,69.22,0.7688529326784166
18746260,2026-05-28 01:36:55+00:00,0.4649999999999999,0,0.0,0.0,0.0,0.0,0.0,0.0,0.04999999999999999,69.22,0.7688529326784166
18746260,2026-05-28 01:36:56+00:00,0.4649999999999999,0,0.0,0.0,0.0,0.0,0.0,0.0,0.04999999999999999,69.22,0.7688529326784166
18746260,2026-05-28 01:36:57+00:00,0.4649999999999999,0,0.0,0.0,0.0,0.0,0.0,0.0,0.04999999999999999,69.22,0.7688529326784166
18746260,2026-05-28 01:36:58+00:00,0.4649999999999999,0,0.0,0.0,0.0,0.0,0.0,0.0,0.04999999999999999,69.22,0.7688529326784166
18746260,2026-05-28 01:36:59+00:00,0.4649999999999999,0,0.0,0.0,0.0,0.0,0.0,0.0,0.04999999999999999,69.22,0.7688529326784166
18746260,2026-05-28 01:37:00+00:00,0.4649999999999999,0,0.0,0.0,0.0,0.0,0.0,0.0,0.04999999999999999,69.22,0.7688529326784166
18746260,2026-05-28 01:37:01+00:00,0.4649999999999999,0,0.0,0.0,0.0,0.0,0.0,0.0,0.04999999999999999,69.22,0.7688529326784166
18746260,2026-05-28 01:37:02+00:00,0.4649999999999999,0,0.0,0.0,0.0,0.0,0.0,0.0,0.04999999999999999,69.22,0.7688529326784166
18746260,2026-05-28 01:37:03+00:00,0.4649999999999999,0,0.0,0.0,0.0,0.0,0.0,0.0,0.04999999999999999,69.22,0.7688529326784166
18746260,2026-05-28 01:37:04+00:00,0.4649999999999999,0,0.0,0.0,0.0,0.0,0.0,0.0,0.04999999999999999,69.22,0.7688529326784166
18746260,2026-05-28 01:37:05+00:00,0.4649999999999999,0,0.0,0.0,0.0,0.0,0.0,0.0,0.04999999999999999,69.22,0.7688529326784166
18746260,2026-05-28 01:37:06+00:00,0.4649999999999999,0,0.0,0.0,0.0,0.0,0.0,0.0,0.04999999999999999,69.22,0.7688529326784166
18746260,2026-05-28 01:37:07+00:00,0.4649999999999999,0,0.0,0.0,0.0,0.0,0.0,0.0,0.04999999999999999,69.22,0.7688529326784166
18746260,2026-05-28 01:37:08+00:00,0.4649999999999999,0,0.0,0.0,0.0,0.0,0.0,0.0,0.04999999999999999,69.22,0.7688529326784166
18746260,2026-05-28 01:37:09+00:00,0.4649999999999999,0,0.0,0.0,0.0,0.0,0.0,0.0,0.04999999999999999,69.22,0.7688529326784166
18746260,2026-05-28 01:37:10+00:00,0.4649999999999999,0,0.0,0.0,0.0,0.0,0.0,0.0,0.04999999999999999,69.22,0.7688529326784166
18746260,2026-05-28 01:37:11+00:00,0.4649999999999999,0,0.0,0.0,0.0,0.0,0.0,0.0,0.04999999999999999,69.22,0.7688529326784166
18746260,2026-05-28 01:37:12+00:00,0.4649999999999999,0,0.0,0.0,0.0,0.0,0.0,0.0,0.04999999999999999,69.22,0.7688529326784166
18746260,2026-05-28 01:37:13+00:00,0.4649999999999999,0,0.0,0.0,0.0,0.0,0.0,0.0,0.04999999999999999,69.22,0.7688529326784166
18746260,2026-05-28 01:37:14+00:00,0.4649999999999999,0,0.0,0.0,0.0,0.0,0.0,0.0,0.04999999999999999,69.22,0.7688529326784166
18746260,2026-05-28 01:37:15+00:00,0.4649999999999999,0,0.0,0.0,0.0,0.0,0.0,0.0,0.04999999999999999,69.22,0.7688529326784166
18746260,2026-05-28 01:37:16+00:00,0.4649999999999999,0,0.0,0.0,0.0,0.0,0.0,0.0,0.04999999999999999,69.22,0.7688529326784166
18746260,2026-05-28 01:37:17+00:00,0.4649999999999999,0,0.0,0.0,0.0,0.0,0.0,0.0,0.04999999999999999,69.22,0.7688529326784166
18746260,2026-05-28 01:37:18+00:00,0.4649999999999999,0,0.0,0.0,0.0,0.0,0.0,0.0,0.04999999999999999,69.22,0.7688529326784166
18746260,2026-05-28 01:37:19+00:00,0.4649999999999999,0,0.0,0.0,0.0,0.0,0.0,0.0,0.04999999999999999,69.22,0.7688529326784166
18746260,2026-05-28 01:37:20+00:00,0.4649999999999999,0,0.0,0.0,0.0,0.0,0.0,0.0,0.04999999999999999,69.22,0.7688529326784166
18746260,2026-05-28 01:37:21+00:00,0.4649999999999999,0,0.0,0.0,0.0,0.0,0.0,0.0,0.04999999999999999,69.22,0.7688529326784166
18746260,2026-05-28 01:37:22+00:00,0.4649999999999999,0,0.0,0.0,0.0,0.0,0.0,0.0,0.04999999999999999,69.22,0.7688529326784166
18746260,2026-05-28 01:37:23+00:00,0.4649999999999999,0,0.0,0.0,0.0,0.0,0.0,0.0,0.04999999999999999,69.22,0.7688529326784166
18746260,2026-05-28 01:37:24+00:00,0.4649999999999999,0,0.0,0.0,0.0,0.0,0.0,0.0,0.04999999999999999,69.22,0.7688529326784166
18746260,2026-05-28 01:37:25+00:00,0.4649999999999999,0,0.0,0.0,0.0,0.0,0.0,0.0,0.04999999999999999,69.22,0.7688529326784166
18746260,2026-05-28 01:37:26+00:00,0.4649999999999999,0,0.0,0.0,0.0,0.0,0.0,0.0,0.04999999999999999,69.22,0.7688529326784166
18746260,2026-05-28 01:37:27+00:00,0.4649999999999999,0,0.0,0.0,0.0,0.0,0.0,0.0,0.04999999999999999,69.22,0.7688529326784166
18746260,2026-05-28 01:37:28+00:00,0.4649999999999999,0,0.0,0.0,0.0,0.0,0.0,0.0,0.04999999999999999,69.22,0.7688529326784166
18746260,2026-05-28 01:37:29+00:00,0.4649999999999999,0,0.0,0.0,0.0,0.0,0.0,0.0,0.04999999999999999,69.22,0.7688529326784166
18746260,2026-05-28 01:37:30+00:00,0.4649999999999999,0,0.0,0.0,0.0,0.0,0.0,0.0,0.04999999999999999,69.22,0.7688529326784166
18746260,2026-05-28 01:37:31+00:00,0.4649999999999999,0,0.0,0.0,0.0,0.0,0.0,0.0,0.04999999999999999,69.22,0.7688529326784166
18746260,2026-05-28 01:37:32+00:00,0.4649999999999999,0,0.0,0.0,0.0,0.0,0.0,0.0,0.04999999999999999,69.22,0.7688529326784166
18746260,2026-05-28 01:37:33+00:00,0.4649999999999999,0,0.0,0.0,0.0,0.0,0.0,0.0,0.04999999999999999,69.22,0.7688529326784166
18746260,2026-05-28 01:37:34+00:00,0.4649999999999999,0,0.0,0.0,0.0,0.0,0.0,0.0,0.04999999999999999,69.22,0.7688529326784166
18746260,2026-05-28 01:37:35+00:00,0.4649999999999999,0,0.0,0.0,0.0,0.0,0.0,0.0,0.04999999999999999,69.22,0.7688529326784166
18746260,2026-05-28 01:37:36+00:00,0.4649999999999999,0,0.0,0.0,0.0,0.0,0.0,0.0,0.04999999999999999,69.22,0.7688529326784166
18746260,2026-05-28 01:37:37+00:00,0.4649999999999999,0,0.0,0.0,0.0,0.0,0.0,0.0,0.04999999999999999,69.22,0.7688529326784166
18746260,2026-05-28 01:37:38+00:00,0.4649999999999999,0,0.0,0.0,0.0,0.0,0.0,0.0,0.04999999999999999,69.22,0.7688529326784166
18746260,2026-05-28 01:37:39+00:00,0.4649999999999999,0,0.0,0.0,0.0,0.0,0.0,0.0,0.04999999999999999,69.22,0.7688529326784166
18746260,2026-05-28 01:37:40+00:00,0.4649999999999999,0,0.0,0.0,0.0,0.0,0.0,0.0,0.04999999999999999,69.22,0.7688529326784166
18746260,2026-05-28 01:37:41+00:00,0.4649999999999999,0,0.0,0.0,0.0,0.0,0.0,0.0,0.04999999999999999,69.22,0.7688529326784166
18746260,2026-05-28 01:37:42+00:00,0.4649999999999999,0,0.0,0.0,0.0,0.0,0.0,0.0,0.04999999999999999,69.22,0.7688529326784166
18746260,2026-05-28 01:37:43+00:00,0.4649999999999999,0,0.0,0.0,0.0,0.0,0.0,0.0,0.04999999999999999,69.22,0.7688529326784166
18746260,2026-05-28 01:37:44+00:00,0.4649999999999999,0,0.0,0.0,0.0,0.0,0.0,0.0,0.04999999999999999,69.22,0.7688529326784166
18746260,2026-05-28 01:37:45+00:00,0.4649999999999999,0,0.0,0.0,0.0,0.0,0.0,0.0,0.04999999999999999,69.22,0.7688529326784166
18746260,2026-05-28 01:37:46+00:00,0.4649999999999999,0,0.0,0.0,0.0,0.0,0.0,0.0,0.04999999999999999,69.22,0.7688529326784166
18746260,2026-05-28 01:37:47+00:00,0.4649999999999999,0,0.0,0.0,0.0,0.0,0.0,0.0,0.04999999999999999,69.22,0.7688529326784166
18746260,2026-05-28 01:37:48+00:00,0.4649999999999999,0,0.0,0.0,0.0,0.0,0.0,0.0,0.04999999999999999,69.22,0.7688529326784166
18746260,2026-05-28 01:37:49+00:00,0.4649999999999999,0,0.0,0.0,0.0,0.0,0.0,0.0,0.04999999999999999,69.22,0.7688529326784166
18746260,2026-05-28 01:37:50+00:00,0.4649999999999999,0,0.0,0.0,0.0,0.0,0.0,0.0,0.04999999999999999,69.22,0.7688529326784166
18746260,2026-05-28 01:37:51+00:00,0.4649999999999999,0,0.0,0.0,0.0,0.0,0.0,0.0,0.04999999999999999,69.22,0.7688529326784166
18746260,2026-05-28 01:37:52+00:00,0.4649999999999999,0,0.0,0.0,0.0,0.0,0.0,0.0,0.04999999999999999,69.22,0.7688529326784166
18746260,2026-05-28 01:37:53+00:00,0.4649999999999999,0,0.0,0.0,0.0,0.0,0.0,0.0,0.04999999999999999,69.22,0.7688529326784166
18746260,2026-05-28 01:37:54+00:00,0.4649999999999999,0,0.0,0.0,0.0,0.0,0.0,0.0,0.04999999999999999,69.22,0.7688529326784166
18746260,2026-05-28 01:37:55+00:00,0.4649999999999999,0,0.0,0.0,0.0,0.0,0.0,0.0,0.04999999999999999,69.22,0.7688529326784166
18746260,2026-05-28 01:37:56+00:00,0.4649999999999999,0,0.0,0.0,0.0,0.0,0.0,0.0,0.04999999999999999,69.22,0.7688529326784166
18746260,2026-05-28 01:37:57+00:00,0.4649999999999999,0,0.0,0.0,0.0,0.0,0.0,0.0,0.04999999999999999,69.22,0.7688529326784166
18746260,2026-05-28 01:37:58+00:00,0.4649999999999999,0,0.0,0.0,0.0,0.0,0.0,0.0,0.04999999999999999,69.22,0.7688529326784166
18746260,2026-05-28 01:37:59+00:00,0.4649999999999999,0,0.0,0.0,0.0,0.0,0.0,0.0,0.04999999999999999,69.22,0.7688529326784166
18746260,2026-05-28 01:38:00+00:00,0.4649999999999999,0,0.0,0.0,0.0,0.0,0.0,0.0,0.04999999999999999,69.22,0.7688529326784166
18746260,2026-05-28 01:38:01+00:00,0.4649999999999999,0,0.0,0.0,0.0,0.0,0.0,0.0,0.04999999999999999,69.22,0.7688529326784166
18746260,2026-05-28 01:38:02+00:00,0.4649999999999999,0,0.0,0.0,0.0,0.0,0.0,0.0,0.04999999999999999,69.22,0.7688529326784166
18746260,2026-05-28 01:38:03+00:00,0.4649999999999999,0,0.0,0.0,0.0,0.0,0.0,0.0,0.04999999999999999,69.22,0.7688529326784166
18746260,2026-05-28 01:38:04+00:00,0.4649999999999999,0,0.0,0.0,0.0,0.0,0.0,0.0,0.04999999999999999,69.22,0.7688529326784166
18746260,2026-05-28 01:38:05+00:00,0.4649999999999999,0,0.0,0.0,0.0,0.0,0.0,0.0,0.04999999999999999,69.22,0.7688529326784166
18746260,2026-05-28 01:38:06+00:00,0.4649999999999999,0,0.0,0.0,0.0,0.0,0.0,0.0,0.04999999999999999,69.22,0.7688529326784166
18746260,2026-05-28 01:38:07+00:00,0.4649999999999999,0,0.0,0.0,0.0,0.0,0.0,0.0,0.04999999999999999,69.22,0.7688529326784166
18746260,2026-05-28 01:38:08+00:00,0.4649999999999999,0,0.0,0.0,0.0,0.0,0.0,0.0,0.04999999999999999,69.22,0.7688529326784166
18746260,2026-05-28 01:38:09+00:00,0.4649999999999999,0,0.0,0.0,0.0,0.0,0.0,0.0,0.04999999999999999,69.22,0.7688529326784166
18746260,2026-05-28 01:38:10+00:00,0.4649999999999999,0,0.0,0.0,0.0,0.0,0.0,0.0,0.04999999999999999,69.22,0.7688529326784166
18746260,2026-05-28 01:38:11+00:00,0.4649999999999999,0,0.0,0.0,0.0,0.0,0.0,0.0,0.04999999999999999,69.22,0.7688529326784166
18746260,2026-05-28 01:38:12+00:00,0.4649999999999999,0,0.0,0.0,0.0,0.0,0.0,0.0,0.04999999999999999,69.22,0.7688529326784166
18746260,2026-05-28 01:38:13+00:00,0.4649999999999999,0,0.0,0.0,0.0,0.0,0.0,0.0,0.04999999999999999,69.22,0.7688529326784166
18746260,2026-05-28 01:38:14+00:00,0.4649999999999999,0,0.0,0.0,0.0,0.0,0.0,0.0,0.04999999999999999,69.22,0.7688529326784166
18746260,2026-05-28 01:38:15+00:00,0.4649999999999999,0,0.0,0.0,0.0,0.0,0.0,0.0,0.04999999999999999,69.22,0.7688529326784166
18746260,2026-05-28 01:38:16+00:00,0.4649999999999999,0,0.0,0.0,0.0,0.0,0.0,0.0,0.04999999999999999,69.22,0.7688529326784166
18746260,2026-05-28 01:38:17+00:00,0.4649999999999999,0,0.0,0.0,0.0,0.0,0.0,0.0,0.04999999999999999,69.22,0.7688529326784166
18746260,2026-05-28 01:38:18+00:00,0.4649999999999999,0,0.0,0.0,0.0,0.0,0.0,0.0,0.04999999999999999,69.22,0.7688529326784166
18746260,2026-05-28 01:38:19+00:00,0.4649999999999999,0,0.0,0.0,0.0,0.0,0.0,0.0,0.04999999999999999,69.22,0.7688529326784166
18746260,2026-05-28 01:38:20+00:00,0.4649999999999999,0,0.0,0.0,0.0,0.0,0.0,0.0,0.04999999999999999,69.22,0.7688529326784166
18746260,2026-05-28 01:38:21+00:00,0.4649999999999999,0,0.0,0.0,0.0,0.0,0.0,0.0,0.04999999999999999,69.22,0.7688529326784166
18746260,2026-05-28 01:38:22+00:00,0.4649999999999999,0,0.0,0.0,0.0,0.0,0.0,0.0,0.04999999999999999,69.22,0.7688529326784166
18746260,2026-05-28 01:38:23+00:00,0.4649999999999999,0,0.0,0.0,0.0,0.0,0.0,0.0,0.04999999999999999,69.22,0.7688529326784166
18746260,2026-05-28 01:38:24+00:00,0.4649999999999999,0,0.0,0.0,0.0,0.0,0.0,0.0,0.04999999999999999,69.22,0.7688529326784166
18746260,2026-05-28 01:38:25+00:00,0.4649999999999999,0,0.0,0.0,0.0,0.0,0.0,0.0,0.04999999999999999,69.22,0.7688529326784166
18746260,2026-05-28 01:38:26+00:00,0.4649999999999999,0,0.0,0.0,0.0,0.0,0.0,0.0,0.04999999999999999,69.22,0.7688529326784166
18746260,2026-05-28 01:38:27+00:00,0.4649999999999999,0,0.0,0.0,0.0,0.0,0.0,0.0,0.04999999999999999,69.22,0.7688529326784166
18746260,2026-05-28 01:38:28+00:00,0.4649999999999999,0,0.0,0.0,0.0,0.0,0.0,0.0,0.04999999999999999,69.22,0.7688529326784166
18746260,2026-05-28 01:38:29+00:00,0.4649999999999999,0,0.0,0.0,0.0,0.0,0.0,0.0,0.04999999999999999,69.22,0.7688529326784166
18746260,2026-05-28 01:38:30+00:00,0.4649999999999999,0,0.0,0.0,0.0,0.0,0.0,0.0,0.04999999999999999,69.22,0.7688529326784166
18746260,2026-05-28 01:38:31+00:00,0.4649999999999999,0,0.0,0.0,0.0,0.0,0.0,0.0,0.04999999999999999,69.22,0.7688529326784166
18746260,2026-05-28 01:38:32+00:00,0.4649999999999999,0,0.0,0.0,0.0,0.0,0.0,0.0,0.04999999999999999,69.22,0.7688529326784166
18746260,2026-05-28 01:38:33+00:00,0.4649999999999999,0,0.0,0.0,0.0,0.0,0.0,0.0,0.04999999999999999,69.22,0.7688529326784166
18746260,2026-05-28 01:38:34+00:00,0.4649999999999999,0,0.0,0.0,0.0,0.0,0.0,0.0,0.04999999999999999,69.22,0.7688529326784166
18746260,2026-05-28 01:38:35+00:00,0.4649999999999999,0,0.0,0.0,0.0,0.0,0.0,0.0,0.04999999999999999,69.22,0.7688529326784166
18746260,2026-05-28 01:38:36+00:00,0.4649999999999999,0,0.0,0.0,0.0,0.0,0.0,0.0,0.04999999999999999,69.22,0.7688529326784166
18746260,2026-05-28 01:38:37+00:00,0.4649999999999999,0,0.0,0.0,0.0,0.0,0.0,0.0,0.04999999999999999,69.22,0.7688529326784166
18746260,2026-05-28 01:38:38+00:00,0.4649999999999999,0,0.0,0.0,0.0,0.0,0.0,0.0,0.04999999999999999,69.22,0.7688529326784166
18746260,2026-05-28 01:38:39+00:00,0.4649999999999999,0,0.0,0.0,0.0,0.0,0.0,0.0,0.04999999999999999,69.22,0.7688529326784166
18746260,2026-05-28 01:38:40+00:00,0.4649999999999999,0,0.0,0.0,0.0,0.0,0.0,0.0,0.04999999999999999,69.22,0.7688529326784166
18746260,2026-05-28 01:38:41+00:00,0.4649999999999999,0,0.0,0.0,0.0,0.0,0.0,0.0,0.04999999999999999,69.22,0.7688529326784166
18746260,2026-05-28 01:38:42+00:00,0.4649999999999999,0,0.0,0.0,0.0,0.0,0.0,0.0,0.04999999999999999,69.22,0.7688529326784166
18746260,2026-05-28 01:38:43+00:00,0.4649999999999999,0,0.0,0.0,0.0,0.0,0.0,0.0,0.04999999999999999,69.22,0.7688529326784166
18746260,2026-05-28 01:38:44+00:00,0.4649999999999999,0,0.0,0.0,0.0,0.0,0.0,0.0,0.04999999999999999,69.22,0.7688529326784166
18746260,2026-05-28 01:38:45+00:00,0.4649999999999999,0,0.0,0.0,0.0,0.0,0.0,0.0,0.04999999999999999,69.22,0.7688529326784166
18746260,2026-05-28 01:38:46+00:00,0.4649999999999999,0,0.0,0.0,0.0,0.0,0.0,0.0,0.04999999999999999,69.22,0.7688529326784166
18746260,2026-05-28 01:38:47+00:00,0.4649999999999999,0,0.0,0.0,0.0,0.0,0.0,0.0,0.04999999999999999,69.22,0.7688529326784166
18746260,2026-05-28 01:38:48+00:00,0.4649999999999999,0,0.0,0.0,0.0,0.0,0.0,0.0,0.04999999999999999,69.22,0.7688529326784166
18746260,2026-05-28 01:38:49+00:00,0.4649999999999999,0,0.0,0.0,0.0,0.0,0.0,0.0,0.04999999999999999,69.22,0.7688529326784166
18746260,2026-05-28 01:38:50+00:00,0.4649999999999999,0,0.0,0.0,0.0,0.0,0.0,0.0,0.04999999999999999,69.22,0.7688529326784166
18746260,2026-05-28 01:38:51+00:00,0.4649999999999999,0,0.0,0.0,0.0,0.0,0.0,0.0,0.04999999999999999,69.22,0.7688529326784166
18746260,2026-05-28 01:38:52+00:00,0.4649999999999999,0,0.0,0.0,0.0,0.0,0.0,0.0,0.04999999999999999,69.22,0.7688529326784166
18746260,2026-05-28 01:38:53+00:00,0.4649999999999999,0,0.0,0.0,0.0,0.0,0.0,0.0,0.04999999999999999,69.22,0.7688529326784166
18746260,2026-05-28 01:38:54+00:00,0.4649999999999999,0,0.0,0.0,0.0,0.0,0.0,0.0,0.04999999999999999,69.22,0.7688529326784166
18746260,2026-05-28 01:38:55+00:00,0.4649999999999999,0,0.0,0.0,0.0,0.0,0.0,0.0,0.04999999999999999,69.22,0.7688529326784166
18746260,2026-05-28 01:38:56+00:00,0.4649999999999999,0,0.0,0.0,0.0,0.0,0.0,0.0,0.04999999999999999,69.22,0.7688529326784166
18746260,2026-05-28 01:38:57+00:00,0.4649999999999999,0,0.0,0.0,0.0,0.0,0.0,0.0,0.04999999999999999,69.22,0.7688529326784166
18746260,2026-05-28 01:38:58+00:00,0.4649999999999999,0,0.0,0.0,0.0,0.0,0.0,0.0,0.04999999999999999,69.22,0.7688529326784166
18746260,2026-05-28 01:38:59+00:00,0.4649999999999999,0,0.0,0.0,0.0,0.0,0.0,0.0,0.04999999999999999,69.22,0.7688529326784166
18746260,2026-05-28 01:39:00+00:00,0.4649999999999999,0,0.0,0.0,0.0,0.0,0.0,0.0,0.04999999999999999,69.22,0.7688529326784166
18746260,2026-05-28 01:39:01+00:00,0.4649999999999999,0,0.0,0.0,0.0,0.0,0.0,0.0,0.04999999999999999,69.22,0.7688529326784166
18746260,2026-05-28 01:39:02+00:00,0.4649999999999999,0,0.0,0.0,0.0,0.0,0.0,0.0,0.04999999999999999,69.22,0.7688529326784166
18746260,2026-05-28 01:39:03+00:00,0.4649999999999999,0,0.0,0.0,0.0,0.0,0.0,0.0,0.04999999999999999,69.22,0.7688529326784166
18746260,2026-05-28 01:39:04+00:00,0.4649999999999999,0,0.0,0.0,0.0,0.0,0.0,0.0,0.04999999999999999,69.22,0.7688529326784166
18746260,2026-05-28 01:39:05+00:00,0.4649999999999999,0,0.0,0.0,0.0,0.0,0.0,0.0,0.04999999999999999,69.22,0.7688529326784166
18746260,2026-05-28 01:39:06+00:00,0.4649999999999999,0,0.0,0.0,0.0,0.0,0.0,0.0,0.04999999999999999,69.22,0.7688529326784166
18746260,2026-05-28 01:39:07+00:00,0.4649999999999999,0,0.0,0.0,0.0,0.0,0.0,0.0,0.04999999999999999,69.22,0.7688529326784166
18746260,2026-05-28 01:39:08+00:00,0.4649999999999999,0,0.0,0.0,0.0,0.0,0.0,0.0,0.04999999999999999,69.22,0.7688529326784166
18746260,2026-05-28 01:39:09+00:00,0.4649999999999999,0,0.0,0.0,0.0,0.0,0.0,0.0,0.04999999999999999,69.22,0.7688529326784166
18746260,2026-05-28 01:39:10+00:00,0.4649999999999999,0,0.0,0.0,0.0,0.0,0.0,0.0,0.04999999999999999,69.22,0.7688529326784166
18746260,2026-05-28 01:39:11+00:00,0.4649999999999999,0,0.0,0.0,0.0,0.0,0.0,0.0,0.04999999999999999,69.22,0.7688529326784166
18746260,2026-05-28 01:39:12+00:00,0.4649999999999999,0,0.0,0.0,0.0,0.0,0.0,0.0,0.04999999999999999,69.22,0.7688529326784166
18746260,2026-05-28 01:39:13+00:00,0.4649999999999999,0,0.0,0.0,0.0,0.0,0.0,0.0,0.04999999999999999,69.22,0.7688529326784166
18746260,2026-05-28 01:39:14+00:00,0.4649999999999999,0,0.0,0.0,0.0,0.0,0.0,0.0,0.04999999999999999,69.22,0.7688529326784166
18746260,2026-05-28 01:39:15+00:00,0.4649999999999999,0,0.0,0.0,0.0,0.0,0.0,0.0,0.04999999999999999,69.22,0.7688529326784166
18746260,2026-05-28 01:39:16+00:00,0.4649999999999999,0,0.0,0.0,0.0,0.0,0.0,0.0,0.04999999999999999,69.22,0.7688529326784166
18746260,2026-05-28 01:39:17+00:00,0.4649999999999999,0,0.0,0.0,0.0,0.0,0.0,0.0,0.04999999999999999,69.22,0.7688529326784166
18746260,2026-05-28 01:39:18+00:00,0.4649999999999999,0,0.0,0.0,0.0,0.0,0.0,0.0,0.04999999999999999,69.22,0.7688529326784166
18746260,2026-05-28 01:39:19+00:00,0.4649999999999999,0,0.0,0.0,0.0,0.0,0.0,0.0,0.04999999999999999,69.22,0.7688529326784166
18746260,2026-05-28 01:39:20+00:00,0.4649999999999999,0,0.0,0.0,0.0,0.0,0.0,0.0,0.04999999999999999,69.22,0.7688529326784166
18746260,2026-05-28 01:39:21+00:00,0.4649999999999999,0,0.0,0.0,0.0,0.0,0.0,0.0,0.04999999999999999,69.22,0.7688529326784166
18746260,2026-05-28 01:39:22+00:00,0.4649999999999999,0,0.0,0.0,0.0,0.0,0.0,0.0,0.04999999999999999,69.22,0.7688529326784166
18746260,2026-05-28 01:39:23+00:00,0.4649999999999999,0,0.0,0.0,0.0,0.0,0.0,0.0,0.04999999999999999,69.22,0.7688529326784166
18746260,2026-05-28 01:39:24+00:00,0.4649999999999999,0,0.0,0.0,0.0,0.0,0.0,0.0,0.04999999999999999,69.22,0.7688529326784166
18746260,2026-05-28 01:39:25+00:00,0.4649999999999999,0,0.0,0.0,0.0,0.0,0.0,0.0,0.04999999999999999,69.22,0.7688529326784166
18746260,2026-05-28 01:39:26+00:00,0.4649999999999999,0,0.0,0.0,0.0,0.0,0.0,0.0,0.04999999999999999,69.22,0.7688529326784166
18746260,2026-05-28 01:39:27+00:00,0.4649999999999999,0,0.0,0.0,0.0,0.0,0.0,0.0,0.04999999999999999,69.22,0.7688529326784166
18746260,2026-05-28 01:39:28+00:00,0.4649999999999999,0,0.0,0.0,0.0,0.0,0.0,0.0,0.04999999999999999,69.22,0.7688529326784166
18746260,2026-05-28 01:39:29+00:00,0.4649999999999999,0,0.0,0.0,0.0,0.0,0.0,0.0,0.04999999999999999,69.22,0.7688529326784166
18746260,2026-05-28 01:39:30+00:00,0.4649999999999999,0,0.0,0.0,0.0,0.0,0.0,0.0,0.04999999999999999,69.22,0.7688529326784166
18746260,2026-05-28 01:39:31+00:00,0.4649999999999999,0,0.0,0.0,0.0,0.0,0.0,0.0,0.04999999999999999,69.22,0.7688529326784166
18746260,2026-05-28 01:39:32+00:00,0.4649999999999999,0,0.0,0.0,0.0,0.0,0.0,0.0,0.04999999999999999,69.22,0.7688529326784166
18746260,2026-05-28 01:39:33+00:00,0.4649999999999999,0,0.0,0.0,0.0,0.0,0.0,0.0,0.04999999999999999,69.22,0.7688529326784166
18746260,2026-05-28 01:39:34+00:00,0.4649999999999999,0,0.0,0.0,0.0,0.0,0.0,0.0,0.04999999999999999,69.22,0.7688529326784166
18746260,2026-05-28 01:39:35+00:00,0.4649999999999999,0,0.0,0.0,0.0,0.0,0.0,0.0,0.04999999999999999,69.22,0.7688529326784166
18746260,2026-05-28 01:39:36+00:00,0.4649999999999999,0,0.0,0.0,0.0,0.0,0.0,0.0,0.04999999999999999,69.22,0.7688529326784166
18746260,2026-05-28 01:39:37+00:00,0.4649999999999999,0,0.0,0.0,0.0,0.0,0.0,0.0,0.04999999999999999,69.22,0.7688529326784166
18746260,2026-05-28 01:39:38+00:00,0.4649999999999999,0,0.0,0.0,0.0,0.0,0.0,0.0,0.04999999999999999,69.22,0.7688529326784166
18746260,2026-05-28 01:39:39+00:00,0.4649999999999999,0,0.0,0.0,0.0,0.0,0.0,0.0,0.04999999999999999,69.22,0.7688529326784166
18746260,2026-05-28 01:39:40+00:00,0.4649999999999999,0,0.0,0.0,0.0,0.0,0.0,0.0,0.04999999999999999,69.22,0.7688529326784166
18746260,2026-05-28 01:39:41+00:00,0.4649999999999999,0,0.0,0.0,0.0,0.0,0.0,0.0,0.04999999999999999,69.22,0.7688529326784166
18746260,2026-05-28 01:39:42+00:00,0.4649999999999999,0,0.0,0.0,0.0,0.0,0.0,0.0,0.04999999999999999,69.22,0.7688529326784166
18746260,2026-05-28 01:39:43+00:00,0.4649999999999999,0,0.0,0.0,0.0,0.0,0.0,0.0,0.04999999999999999,69.22,0.7688529326784166
18746260,2026-05-28 01:39:44+00:00,0.4649999999999999,0,0.0,0.0,0.0,0.0,0.0,0.0,0.04999999999999999,69.22,0.7688529326784166
18746260,2026-05-28 01:39:45+00:00,0.4649999999999999,0,0.0,0.0,0.0,0.0,0.0,0.0,0.04999999999999999,69.22,0.7688529326784166
18746260,2026-05-28 01:39:46+00:00,0.4649999999999999,0,0.0,0.0,0.0,0.0,0.0,0.0,0.04999999999999999,69.22,0.7688529326784166
18746260,2026-05-28 01:39:47+00:00,0.4649999999999999,0,0.0,0.0,0.0,0.0,0.0,0.0,0.04999999999999999,69.22,0.7688529326784166
18746260,2026-05-28 01:39:48+00:00,0.4649999999999999,0,0.0,0.0,0.0,0.0,0.0,0.0,0.04999999999999999,69.22,0.7688529326784166
18746260,2026-05-28 01:39:49+00:00,0.4649999999999999,0,0.0,0.0,0.0,0.0,0.0,0.0,0.04999999999999999,69.22,0.7688529326784166
18746260,2026-05-28 01:39:50+00:00,0.4649999999999999,0,0.0,0.0,0.0,0.0,0.0,0.0,0.04999999999999999,69.22,0.7688529326784166
18746260,2026-05-28 01:39:51+00:00,0.4649999999999999,0,0.0,0.0,0.0,0.0,0.0,0.0,0.04999999999999999,69.22,0.7688529326784166
18746260,2026-05-28 01:39:52+00:00,0.4649999999999999,0,0.0,0.0,0.0,0.0,0.0,0.0,0.04999999999999999,69.22,0.7688529326784166
18746260,2026-05-28 01:39:53+00:00,0.4649999999999999,0,0.0,0.0,0.0,0.0,0.0,0.0,0.04999999999999999,69.22,0.7688529326784166
18746260,2026-05-28 01:39:54+00:00,0.4649999999999999,0,0.0,0.0,0.0,0.0,0.0,0.0,0.04999999999999999,69.22,0.7688529326784166
18746260,2026-05-28 01:39:55+00:00,0.4649999999999999,0,0.0,0.0,0.0,0.0,0.0,0.0,0.04999999999999999,69.22,0.7688529326784166
18746260,2026-05-28 01:39:56+00:00,0.4649999999999999,0,0.0,0.0,0.0,0.0,0.0,0.0,0.04999999999999999,69.22,0.7688529326784166
18746260,2026-05-28 01:39:57+00:00,0.4649999999999999,0,0.0,0.0,0.0,0.0,0.0,0.0,0.04999999999999999,69.22,0.7688529326784166
18746260,2026-05-28 01:39:58+00:00,0.4649999999999999,0,0.0,0.0,0.0,0.0,0.0,0.0,0.04999999999999999,69.22,0.7688529326784166
18746260,2026-05-28 01:39:59+00:00,0.4649999999999999,0,0.0,0.0,0.0,0.0,0.0,0.0,0.04999999999999999,69.22,0.7688529326784166
18746260,2026-05-28 01:40:00+00:00,0.4649999999999999,0,0.0,0.0,0.0,0.0,0.0,0.0,0.04999999999999999,69.22,0.7688529326784166
18746260,2026-05-28 01:40:01+00:00,0.4649999999999999,0,0.0,0.0,0.0,0.0,0.0,0.0,0.04999999999999999,69.22,0.7688529326784166
18746260,2026-05-28 01:40:02+00:00,0.4649999999999999,0,0.0,0.0,0.0,0.0,0.0,0.0,0.04999999999999999,69.22,0.7688529326784166
18746260,2026-05-28 01:40:03+00:00,0.4649999999999999,0,0.0,0.0,0.0,0.0,0.0,0.0,0.04999999999999999,69.22,0.7688529326784166
18746260,2026-05-28 01:40:04+00:00,0.4649999999999999,0,0.0,0.0,0.0,0.0,0.0,0.0,0.04999999999999999,69.22,0.7688529326784166
18746260,2026-05-28 01:40:05+00:00,0.4649999999999999,0,0.0,0.0,0.0,0.0,0.0,0.0,0.04999999999999999,69.22,0.7688529326784166
18746260,2026-05-28 01:40:06+00:00,0.4649999999999999,0,0.0,0.0,0.0,0.0,0.0,0.0,0.04999999999999999,69.22,0.7688529326784166
18746260,2026-05-28 01:40:07+00:00,0.4649999999999999,0,0.0,0.0,0.0,0.0,0.0,0.0,0.04999999999999999,69.22,0.7688529326784166
18746260,2026-05-28 01:40:08+00:00,0.4649999999999999,0,0.0,0.0,0.0,0.0,0.0,0.0,0.04999999999999999,69.22,0.7688529326784166
18746260,2026-05-28 01:40:09+00:00,0.4649999999999999,0,0.0,0.0,0.0,0.0,0.0,0.0,0.04999999999999999,69.22,0.7688529326784166
18746260,2026-05-28 01:40:10+00:00,0.4649999999999999,0,0.0,0.0,0.0,0.0,0.0,0.0,0.04999999999999999,69.22,0.7688529326784166
18746260,2026-05-28 01:40:11+00:00,0.4649999999999999,0,0.0,0.0,0.0,0.0,0.0,0.0,0.04999999999999999,69.22,0.7688529326784166
18746260,2026-05-28 01:40:12+00:00,0.4649999999999999,0,0.0,0.0,0.0,0.0,0.0,0.0,0.04999999999999999,69.22,0.7688529326784166
18746260,2026-05-28 01:40:13+00:00,0.4649999999999999,0,0.0,0.0,0.0,0.0,0.0,0.0,0.04999999999999999,69.22,0.7688529326784166
18746260,2026-05-28 01:40:14+00:00,0.4649999999999999,0,0.0,0.0,0.0,0.0,0.0,0.0,0.04999999999999999,69.22,0.7688529326784166
18746260,2026-05-28 01:40:15+00:00,0.4649999999999999,0,0.0,0.0,0.0,0.0,0.0,0.0,0.04999999999999999,69.22,0.7688529326784166
18746260,2026-05-28 01:40:16+00:00,0.4649999999999999,0,0.0,0.0,0.0,0.0,0.0,0.0,0.04999999999999999,69.22,0.7688529326784166
18746260,2026-05-28 01:40:17+00:00,0.4649999999999999,0,0.0,0.0,0.0,0.0,0.0,0.0,0.04999999999999999,69.22,0.7688529326784166
18746260,2026-05-28 01:40:18+00:00,0.4649999999999999,0,0.0,0.0,0.0,0.0,0.0,0.0,0.04999999999999999,69.22,0.7688529326784166
18746260,2026-05-28 01:40:19+00:00,0.4649999999999999,0,0.0,0.0,0.0,0.0,0.0,0.0,0.04999999999999999,69.22,0.7688529326784166
18746260,2026-05-28 01:40:20+00:00,0.4649999999999999,0,0.0,0.0,0.0,0.0,0.0,0.0,0.04999999999999999,69.22,0.7688529326784166
18746260,2026-05-28 01:40:21+00:00,0.4649999999999999,0,0.0,0.0,0.0,0.0,0.0,0.0,0.04999999999999999,69.22,0.7688529326784166
18746260,2026-05-28 01:40:22+00:00,0.4649999999999999,0,0.0,0.0,0.0,0.0,0.0,0.0,0.04999999999999999,69.22,0.7688529326784166
18746260,2026-05-28 01:40:23+00:00,0.4649999999999999,0,0.0,0.0,0.0,0.0,0.0,0.0,0.04999999999999999,69.22,0.7688529326784166
18746260,2026-05-28 01:40:24+00:00,0.4649999999999999,0,0.0,0.0,0.0,0.0,0.0,0.0,0.04999999999999999,69.22,0.7688529326784166
18746260,2026-05-28 01:40:25+00:00,0.4649999999999999,0,0.0,0.0,0.0,0.0,0.0,0.0,0.04999999999999999,69.22,0.7688529326784166
18746260,2026-05-28 01:40:26+00:00,0.4649999999999999,0,0.0,0.0,0.0,0.0,0.0,0.0,0.04999999999999999,69.22,0.7688529326784166
18746260,2026-05-28 01:40:27+00:00,0.4649999999999999,0,0.0,0.0,0.0,0.0,0.0,0.0,0.04999999999999999,69.22,0.7688529326784166
18746260,2026-05-28 01:40:28+00:00,0.4649999999999999,0,0.0,0.0,0.0,0.0,0.0,0.0,0.04999999999999999,69.22,0.7688529326784166
18746260,2026-05-28 01:40:29+00:00,0.4649999999999999,0,0.0,0.0,0.0,0.0,0.0,0.0,0.04999999999999999,69.22,0.7688529326784166
18746260,2026-05-28 01:40:30+00:00,0.4649999999999999,0,0.0,0.0,0.0,0.0,0.0,0.0,0.04999999999999999,69.22,0.7688529326784166
18746260,2026-05-28 01:40:31+00:00,0.4649999999999999,0,0.0,0.0,0.0,0.0,0.0,0.0,0.04999999999999999,69.22,0.7688529326784166
18746260,2026-05-28 01:40:32+00:00,0.4649999999999999,0,0.0,0.0,0.0,0.0,0.0,0.0,0.04999999999999999,69.22,0.7688529326784166
18746260,2026-05-28 01:40:33+00:00,0.4649999999999999,0,0.0,0.0,0.0,0.0,0.0,0.0,0.04999999999999999,69.22,0.7688529326784166
18746260,2026-05-28 01:40:34+00:00,0.4649999999999999,0,0.0,0.0,0.0,0.0,0.0,0.0,0.04999999999999999,69.22,0.7688529326784166
18746260,2026-05-28 01:40:35+00:00,0.4649999999999999,0,0.0,0.0,0.0,0.0,0.0,0.0,0.04999999999999999,69.22,0.7688529326784166
18746260,2026-05-28 01:40:36+00:00,0.4649999999999999,0,0.0,0.0,0.0,0.0,0.0,0.0,0.04999999999999999,69.22,0.7688529326784166
18746260,2026-05-28 01:40:37+00:00,0.4649999999999999,0,0.0,0.0,0.0,0.0,0.0,0.0,0.04999999999999999,69.22,0.7688529326784166
18746260,2026-05-28 01:40:38+00:00,0.4649999999999999,0,0.0,0.0,0.0,0.0,0.0,0.0,0.04999999999999999,69.22,0.7688529326784166
18746260,2026-05-28 01:40:39+00:00,0.4649999999999999,0,0.0,0.0,0.0,0.0,0.0,0.0,0.04999999999999999,69.22,0.7688529326784166
18746260,2026-05-28 01:40:40+00:00,0.4649999999999999,0,0.0,0.0,0.0,0.0,0.0,0.0,0.04999999999999999,69.22,0.7688529326784166
18746260,2026-05-28 01:40:41+00:00,0.4649999999999999,0,0.0,0.0,0.0,0.0,0.0,0.0,0.04999999999999999,69.22,0.7688529326784166
18746260,2026-05-28 01:40:42+00:00,0.4649999999999999,0,0.0,0.0,0.0,0.0,0.0,0.0,0.04999999999999999,69.22,0.7688529326784166
18746260,2026-05-28 01:40:43+00:00,0.4649999999999999,0,0.0,0.0,0.0,0.0,0.0,0.0,0.04999999999999999,69.22,0.7688529326784166
18746260,2026-05-28 01:40:44+00:00,0.4649999999999999,0,0.0,0.0,0.0,0.0,0.0,0.0,0.04999999999999999,69.22,0.7688529326784166
18746260,2026-05-28 01:40:45+00:00,0.4649999999999999,0,0.0,0.0,0.0,0.0,0.0,0.0,0.04999999999999999,69.22,0.7688529326784166
18746260,2026-05-28 01:40:46+00:00,0.4649999999999999,0,0.0,0.0,0.0,0.0,0.0,0.0,0.04999999999999999,69.22,0.7688529326784166
18746260,2026-05-28 01:40:47+00:00,0.4649999999999999,0,0.0,0.0,0.0,0.0,0.0,0.0,0.04999999999999999,69.22,0.7688529326784166
18746260,2026-05-28 01:40:48+00:00,0.4649999999999999,0,0.0,0.0,0.0,0.0,0.0,0.0,0.04999999999999999,69.22,0.7688529326784166
18746260,2026-05-28 01:40:49+00:00,0.4649999999999999,0,0.0,0.0,0.0,0.0,0.0,0.0,0.04999999999999999,69.22,0.7688529326784166
18746260,2026-05-28 01:40:50+00:00,0.4649999999999999,0,0.0,0.0,0.0,0.0,0.0,0.0,0.04999999999999999,69.22,0.7688529326784166
18746260,2026-05-28 01:40:51+00:00,0.4649999999999999,0,0.0,0.0,0.0,0.0,0.0,0.0,0.04999999999999999,69.22,0.7688529326784166
18746260,2026-05-28 01:40:52+00:00,0.4649999999999999,0,0.0,0.0,0.0,0.0,0.0,0.0,0.04999999999999999,69.22,0.7688529326784166
18746260,2026-05-28 01:40:53+00:00,0.4649999999999999,0,0.0,0.0,0.0,0.0,0.0,0.0,0.04999999999999999,69.22,0.7688529326784166
18746260,2026-05-28 01:40:54+00:00,0.4649999999999999,0,0.0,0.0,0.0,0.0,0.0,0.0,0.04999999999999999,69.22,0.7688529326784166
18746260,2026-05-28 01:40:55+00:00,0.4649999999999999,0,0.0,0.0,0.0,0.0,0.0,0.0,0.04999999999999999,69.22,0.7688529326784166
18746260,2026-05-28 01:40:56+00:00,0.4649999999999999,0,0.0,0.0,0.0,0.0,0.0,0.0,0.04999999999999999,69.22,0.7688529326784166
18746260,2026-05-28 01:40:57+00:00,0.4649999999999999,0,0.0,0.0,0.0,0.0,0.0,0.0,0.04999999999999999,69.22,0.7688529326784166
18746260,2026-05-28 01:40:58+00:00,0.4649999999999999,0,0.0,0.0,0.0,0.0,0.0,0.0,0.04999999999999999,69.22,0.7688529326784166
18746260,2026-05-28 01:40:59+00:00,0.4649999999999999,0,0.0,0.0,0.0,0.0,0.0,0.0,0.04999999999999999,69.22,0.7688529326784166
18746260,2026-05-28 01:41:00+00:00,0.4649999999999999,0,0.0,0.0,0.0,0.0,0.0,0.0,0.04999999999999999,69.22,0.7688529326784166
18746260,2026-05-28 01:41:01+00:00,0.4649999999999999,0,0.0,0.0,0.0,0.0,0.0,0.0,0.04999999999999999,69.22,0.7688529326784166
18746260,2026-05-28 01:41:02+00:00,0.4649999999999999,0,0.0,0.0,0.0,0.0,0.0,0.0,0.04999999999999999,69.22,0.7688529326784166
18746260,2026-05-28 01:41:03+00:00,0.4649999999999999,0,0.0,0.0,0.0,0.0,0.0,0.0,0.04999999999999999,69.22,0.7688529326784166
18746260,2026-05-28 01:41:04+00:00,0.4649999999999999,0,0.0,0.0,0.0,0.0,0.0,0.0,0.04999999999999999,69.22,0.7688529326784166
18746260,2026-05-28 01:41:05+00:00,0.4649999999999999,0,0.0,0.0,0.0,0.0,0.0,0.0,0.04999999999999999,69.22,0.7688529326784166
18746260,2026-05-28 01:41:06+00:00,0.4649999999999999,0,0.0,0.0,0.0,0.0,0.0,0.0,0.04999999999999999,69.22,0.7688529326784166
18746260,2026-05-28 01:41:07+00:00,0.4649999999999999,0,0.0,0.0,0.0,0.0,0.0,0.0,0.04999999999999999,69.22,0.7688529326784166
18746260,2026-05-28 01:41:08+00:00,0.4649999999999999,0,0.0,0.0,0.0,0.0,0.0,0.0,0.04999999999999999,69.22,0.7688529326784166
18746260,2026-05-28 01:41:09+00:00,0.4649999999999999,0,0.0,0.0,0.0,0.0,0.0,0.0,0.04999999999999999,69.22,0.7688529326784166
18746260,2026-05-28 01:41:10+00:00,0.4649999999999999,0,0.0,0.0,0.0,0.0,0.0,0.0,0.04999999999999999,69.22,0.7688529326784166
18746260,2026-05-28 01:41:11+00:00,0.4649999999999999,0,0.0,0.0,0.0,0.0,0.0,0.0,0.04999999999999999,69.22,0.7688529326784166
18746260,2026-05-28 01:41:12+00:00,0.4649999999999999,0,0.0,0.0,0.0,0.0,0.0,0.0,0.04999999999999999,69.22,0.7688529326784166
18746260,2026-05-28 01:41:13+00:00,0.4649999999999999,0,0.0,0.0,0.0,0.0,0.0,0.0,0.04999999999999999,69.22,0.7688529326784166
18746260,2026-05-28 01:41:14+00:00,0.4649999999999999,0,0.0,0.0,0.0,0.0,0.0,0.0,0.04999999999999999,69.22,0.7688529326784166
18746260,2026-05-28 01:41:15+00:00,0.4649999999999999,0,0.0,0.0,0.0,0.0,0.0,0.0,0.04999999999999999,69.22,0.7688529326784166
18746260,2026-05-28 01:41:16+00:00,0.4649999999999999,0,0.0,0.0,0.0,0.0,0.0,0.0,0.04999999999999999,69.22,0.7688529326784166
18746260,2026-05-28 01:41:17+00:00,0.4649999999999999,0,0.0,0.0,0.0,0.0,0.0,0.0,0.04999999999999999,69.22,0.7688529326784166
18746260,2026-05-28 01:41:18+00:00,0.4649999999999999,0,0.0,0.0,0.0,0.0,0.0,0.0,0.04999999999999999,69.22,0.7688529326784166
18746260,2026-05-28 01:41:19+00:00,0.4649999999999999,0,0.0,0.0,0.0,0.0,0.0,0.0,0.04999999999999999,69.22,0.7688529326784166
18746260,2026-05-28 01:41:20+00:00,0.4649999999999999,0,0.0,0.0,0.0,0.0,0.0,0.0,0.04999999999999999,69.22,0.7688529326784166
18746260,2026-05-28 01:41:21+00:00,0.4649999999999999,0,0.0,0.0,0.0,0.0,0.0,0.0,0.04999999999999999,69.22,0.7688529326784166
18746260,2026-05-28 01:41:22+00:00,0.4649999999999999,0,0.0,0.0,0.0,0.0,0.0,0.0,0.04999999999999999,69.22,0.7688529326784166
18746260,2026-05-28 01:41:23+00:00,0.4649999999999999,0,0.0,0.0,0.0,0.0,0.0,0.0,0.04999999999999999,69.22,0.7688529326784166
18746260,2026-05-28 01:41:24+00:00,0.4649999999999999,0,0.0,0.0,0.0,0.0,0.0,0.0,0.04999999999999999,69.22,0.7688529326784166
18746260,2026-05-28 01:41:25+00:00,0.4649999999999999,0,0.0,0.0,0.0,0.0,0.0,0.0,0.04999999999999999,69.22,0.7688529326784166
18746260,2026-05-28 01:41:26+00:00,0.4649999999999999,0,0.0,0.0,0.0,0.0,0.0,0.0,0.04999999999999999,69.22,0.7688529326784166
18746260,2026-05-28 01:41:27+00:00,0.4649999999999999,0,0.0,0.0,0.0,0.0,0.0,0.0,0.04999999999999999,69.22,0.7688529326784166
18746260,2026-05-28 01:41:28+00:00,0.4649999999999999,0,0.0,0.0,0.0,0.0,0.0,0.0,0.04999999999999999,69.22,0.7688529326784166
18746260,2026-05-28 01:41:29+00:00,0.4649999999999999,0,0.0,0.0,0.0,0.0,0.0,0.0,0.04999999999999999,69.22,0.7688529326784166
18746260,2026-05-28 01:41:30+00:00,0.4649999999999999,0,0.0,0.0,0.0,0.0,0.0,0.0,0.04999999999999999,69.22,0.7688529326784166
18746260,2026-05-28 01:41:31+00:00,0.4649999999999999,0,0.0,0.0,0.0,0.0,0.0,0.0,0.04999999999999999,69.22,0.7688529326784166
18746260,2026-05-28 01:41:32+00:00,0.4649999999999999,0,0.0,0.0,0.0,0.0,0.0,0.0,0.04999999999999999,69.22,0.7688529326784166
18746260,2026-05-28 01:41:33+00:00,0.4649999999999999,0,0.0,0.0,0.0,0.0,0.0,0.0,0.04999999999999999,69.22,0.7688529326784166
18746260,2026-05-28 01:41:34+00:00,0.4649999999999999,0,0.0,0.0,0.0,0.0,0.0,0.0,0.04999999999999999,69.22,0.7688529326784166
18746260,2026-05-28 01:41:35+00:00,0.4649999999999999,0,0.0,0.0,0.0,0.0,0.0,0.0,0.04999999999999999,69.22,0.7688529326784166
18746260,2026-05-28 01:41:36+00:00,0.4649999999999999,0,0.0,0.0,0.0,0.0,0.0,0.0,0.04999999999999999,69.22,0.7688529326784166
18746260,2026-05-28 01:41:37+00:00,0.4649999999999999,0,0.0,0.0,0.0,0.0,0.0,0.0,0.04999999999999999,69.22,0.7688529326784166
18746260,2026-05-28 01:41:38+00:00,0.4649999999999999,0,0.0,0.0,0.0,0.0,0.0,0.0,0.04999999999999999,69.22,0.7688529326784166
18746260,2026-05-28 01:41:39+00:00,0.4649999999999999,0,0.0,0.0,0.0,0.0,0.0,0.0,0.04999999999999999,69.22,0.7688529326784166
18746260,2026-05-28 01:41:40+00:00,0.4649999999999999,0,0.0,0.0,0.0,0.0,0.0,0.0,0.04999999999999999,69.22,0.7688529326784166
18746260,2026-05-28 01:41:41+00:00,0.4649999999999999,0,0.0,0.0,0.0,0.0,0.0,0.0,0.04999999999999999,69.22,0.7688529326784166
18746260,2026-05-28 01:41:42+00:00,0.4649999999999999,0,0.0,0.0,0.0,0.0,0.0,0.0,0.04999999999999999,69.22,0.7688529326784166
18746260,2026-05-28 01:41:43+00:00,0.4649999999999999,0,0.0,0.0,0.0,0.0,0.0,0.0,0.04999999999999999,69.22,0.7688529326784166
18746260,2026-05-28 01:41:44+00:00,0.4649999999999999,0,0.0,0.0,0.0,0.0,0.0,0.0,0.04999999999999999,69.22,0.7688529326784166
18746260,2026-05-28 01:41:45+00:00,0.4649999999999999,0,0.0,0.0,0.0,0.0,0.0,0.0,0.04999999999999999,69.22,0.7688529326784166
18746260,2026-05-28 01:41:46+00:00,0.4649999999999999,0,0.0,0.0,0.0,0.0,0.0,0.0,0.04999999999999999,69.22,0.7688529326784166
18746260,2026-05-28 01:41:47+00:00,0.4649999999999999,0,0.0,0.0,0.0,0.0,0.0,0.0,0.04999999999999999,69.22,0.7688529326784166
18746260,2026-05-28 01:41:48+00:00,0.4649999999999999,0,0.0,0.0,0.0,0.0,0.0,0.0,0.04999999999999999,69.22,0.7688529326784166
18746260,2026-05-28 01:41:49+00:00,0.4649999999999999,0,0.0,0.0,0.0,0.0,0.0,0.0,0.04999999999999999,69.22,0.7688529326784166
18746260,2026-05-28 01:41:50+00:00,0.4649999999999999,0,0.0,0.0,0.0,0.0,0.0,0.0,0.04999999999999999,69.22,0.7688529326784166
18746260,2026-05-28 01:41:51+00:00,0.4649999999999999,0,0.0,0.0,0.0,0.0,0.0,0.0,0.04999999999999999,69.22,0.7688529326784166
18746260,2026-05-28 01:41:52+00:00,0.4649999999999999,0,0.0,0.0,0.0,0.0,0.0,0.0,0.04999999999999999,69.22,0.7688529326784166
18746260,2026-05-28 01:41:53+00:00,0.4649999999999999,0,0.0,0.0,0.0,0.0,0.0,0.0,0.04999999999999999,69.22,0.7688529326784166
18746260,2026-05-28 01:41:54+00:00,0.4649999999999999,0,0.0,0.0,0.0,0.0,0.0,0.0,0.04999999999999999,69.22,0.7688529326784166
18746260,2026-05-28 01:41:55+00:00,0.4649999999999999,0,0.0,0.0,0.0,0.0,0.0,0.0,0.04999999999999999,69.22,0.7688529326784166
18746260,2026-05-28 01:41:56+00:00,0.4649999999999999,0,0.0,0.0,0.0,0.0,0.0,0.0,0.04999999999999999,69.22,0.7688529326784166
18746260,2026-05-28 01:41:57+00:00,0.4649999999999999,0,0.0,0.0,0.0,0.0,0.0,0.0,0.04999999999999999,69.22,0.7688529326784166
18746260,2026-05-28 01:41:58+00:00,0.4649999999999999,0,0.0,0.0,0.0,0.0,0.0,0.0,0.04999999999999999,69.22,0.7688529326784166
18746260,2026-05-28 01:41:59+00:00,0.4649999999999999,0,0.0,0.0,0.0,0.0,0.0,0.0,0.04999999999999999,69.22,0.7688529326784166
18746260,2026-05-28 01:42:00+00:00,0.4649999999999999,0,0.0,0.0,0.0,0.0,0.0,0.0,0.04999999999999999,69.22,0.7688529326784166
18746260,2026-05-28 01:42:01+00:00,0.4649999999999999,0,0.0,0.0,0.0,0.0,0.0,0.0,0.04999999999999999,69.22,0.7688529326784166
18746260,2026-05-28 01:42:02+00:00,0.4649999999999999,0,0.0,0.0,0.0,0.0,0.0,0.0,0.04999999999999999,69.22,0.7688529326784166
18746260,2026-05-28 01:42:03+00:00,0.4649999999999999,0,0.0,0.0,0.0,0.0,0.0,0.0,0.04999999999999999,69.22,0.7688529326784166
18746260,2026-05-28 01:42:04+00:00,0.4649999999999999,0,0.0,0.0,0.0,0.0,0.0,0.0,0.04999999999999999,69.22,0.7688529326784166
18746260,2026-05-28 01:42:05+00:00,0.4649999999999999,0,0.0,0.0,0.0,0.0,0.0,0.0,0.04999999999999999,69.22,0.7688529326784166
18746260,2026-05-28 01:42:06+00:00,0.4649999999999999,0,0.0,0.0,0.0,0.0,0.0,0.0,0.04999999999999999,69.22,0.7688529326784166
18746260,2026-05-28 01:42:07+00:00,0.4649999999999999,0,0.0,0.0,0.0,0.0,0.0,0.0,0.04999999999999999,69.22,0.7688529326784166
18746260,2026-05-28 01:42:08+00:00,0.4649999999999999,0,0.0,0.0,0.0,0.0,0.0,0.0,0.04999999999999999,69.22,0.7688529326784166
18746260,2026-05-28 01:42:09+00:00,0.4649999999999999,0,0.0,0.0,0.0,0.0,0.0,0.0,0.04999999999999999,69.22,0.7688529326784166
18746260,2026-05-28 01:42:10+00:00,0.4649999999999999,0,0.0,0.0,0.0,0.0,0.0,0.0,0.04999999999999999,69.22,0.7688529326784166
18746260,2026-05-28 01:42:11+00:00,0.4649999999999999,0,0.0,0.0,0.0,0.0,0.0,0.0,0.04999999999999999,69.22,0.7688529326784166
18746260,2026-05-28 01:42:12+00:00,0.4649999999999999,0,0.0,0.0,0.0,0.0,0.0,0.0,0.04999999999999999,69.22,0.7688529326784166
18746260,2026-05-28 01:42:13+00:00,0.4649999999999999,0,0.0,0.0,0.0,0.0,0.0,0.0,0.04999999999999999,69.22,0.7688529326784166
18746260,2026-05-28 01:42:14+00:00,0.4649999999999999,0,0.0,0.0,0.0,0.0,0.0,0.0,0.04999999999999999,69.22,0.7688529326784166
18746260,2026-05-28 01:42:15+00:00,0.4649999999999999,0,0.0,0.0,0.0,0.0,0.0,0.0,0.04999999999999999,69.22,0.7688529326784166
18746260,2026-05-28 01:42:16+00:00,0.4649999999999999,0,0.0,0.0,0.0,0.0,0.0,0.0,0.04999999999999999,69.22,0.7688529326784166
18746260,2026-05-28 01:42:17+00:00,0.4649999999999999,0,0.0,0.0,0.0,0.0,0.0,0.0,0.04999999999999999,69.22,0.7688529326784166
18746260,2026-05-28 01:42:18+00:00,0.4649999999999999,0,0.0,0.0,0.0,0.0,0.0,0.0,0.04999999999999999,69.22,0.7688529326784166
18746260,2026-05-28 01:42:19+00:00,0.4649999999999999,0,0.0,0.0,0.0,0.0,0.0,0.0,0.04999999999999999,69.22,0.7688529326784166
18746260,2026-05-28 01:42:20+00:00,0.4649999999999999,0,0.0,0.0,0.0,0.0,0.0,0.0,0.04999999999999999,69.22,0.7688529326784166
18746260,2026-05-28 01:42:21+00:00,0.4649999999999999,0,0.0,0.0,0.0,0.0,0.0,0.0,0.04999999999999999,69.22,0.7688529326784166
18746260,2026-05-28 01:42:22+00:00,0.4649999999999999,0,0.0,0.0,0.0,0.0,0.0,0.0,0.04999999999999999,69.22,0.7688529326784166
18746260,2026-05-28 01:42:23+00:00,0.4649999999999999,0,0.0,0.0,0.0,0.0,0.0,0.0,0.04999999999999999,69.22,0.7688529326784166
18746260,2026-05-28 01:42:24+00:00,0.4649999999999999,0,0.0,0.0,0.0,0.0,0.0,0.0,0.04999999999999999,69.22,0.7688529326784166
18746260,2026-05-28 01:42:25+00:00,0.4649999999999999,0,0.0,0.0,0.0,0.0,0.0,0.0,0.04999999999999999,69.22,0.7688529326784166
18746260,2026-05-28 01:42:26+00:00,0.4649999999999999,0,0.0,0.0,0.0,0.0,0.0,0.0,0.04999999999999999,69.22,0.7688529326784166
18746260,2026-05-28 01:42:27+00:00,0.4649999999999999,0,0.0,0.0,0.0,0.0,0.0,0.0,0.04999999999999999,69.22,0.7688529326784166
18746260,2026-05-28 01:42:28+00:00,0.4649999999999999,0,0.0,0.0,0.0,0.0,0.0,0.0,0.04999999999999999,69.22,0.7688529326784166
18746260,2026-05-28 01:42:29+00:00,0.4649999999999999,0,0.0,0.0,0.0,0.0,0.0,0.0,0.04999999999999999,69.22,0.7688529326784166
18746260,2026-05-28 01:42:30+00:00,0.4649999999999999,0,0.0,0.0,0.0,0.0,0.0,0.0,0.04999999999999999,69.22,0.7688529326784166
18746260,2026-05-28 01:42:31+00:00,0.4649999999999999,0,0.0,0.0,0.0,0.0,0.0,0.0,0.04999999999999999,69.22,0.7688529326784166
18746260,2026-05-28 01:42:32+00:00,0.4649999999999999,0,0.0,0.0,0.0,0.0,0.0,0.0,0.04999999999999999,69.22,0.7688529326784166
18746260,2026-05-28 01:42:33+00:00,0.4649999999999999,0,0.0,0.0,0.0,0.0,0.0,0.0,0.04999999999999999,69.22,0.7688529326784166
18746260,2026-05-28 01:42:34+00:00,0.4649999999999999,0,0.0,0.0,0.0,0.0,0.0,0.0,0.04999999999999999,69.22,0.7688529326784166
18746260,2026-05-28 01:42:35+00:00,0.4649999999999999,0,0.0,0.0,0.0,0.0,0.0,0.0,0.04999999999999999,69.22,0.7688529326784166
18746260,2026-05-28 01:42:36+00:00,0.4649999999999999,0,0.0,0.0,0.0,0.0,0.0,0.0,0.04999999999999999,69.22,0.7688529326784166
18746260,2026-05-28 01:42:37+00:00,0.4649999999999999,0,0.0,0.0,0.0,0.0,0.0,0.0,0.04999999999999999,69.22,0.7688529326784166
18746260,2026-05-28 01:42:38+00:00,0.4649999999999999,0,0.0,0.0,0.0,0.0,0.0,0.0,0.04999999999999999,69.22,0.7688529326784166
18746260,2026-05-28 01:42:39+00:00,0.4649999999999999,0,0.0,0.0,0.0,0.0,0.0,0.0,0.04999999999999999,69.22,0.7688529326784166
18746260,2026-05-28 01:42:40+00:00,0.4649999999999999,0,0.0,0.0,0.0,0.0,0.0,0.0,0.04999999999999999,69.22,0.7688529326784166
18746260,2026-05-28 01:42:41+00:00,0.4649999999999999,0,0.0,0.0,0.0,0.0,0.0,0.0,0.04999999999999999,69.22,0.7688529326784166
18746260,2026-05-28 01:42:42+00:00,0.4649999999999999,0,0.0,0.0,0.0,0.0,0.0,0.0,0.04999999999999999,69.22,0.7688529326784166
18746260,2026-05-28 01:42:43+00:00,0.4649999999999999,0,0.0,0.0,0.0,0.0,0.0,0.0,0.04999999999999999,69.22,0.7688529326784166
18746260,2026-05-28 01:42:44+00:00,0.4649999999999999,0,0.0,0.0,0.0,0.0,0.0,0.0,0.04999999999999999,69.22,0.7688529326784166
18746260,2026-05-28 01:42:45+00:00,0.4649999999999999,0,0.0,0.0,0.0,0.0,0.0,0.0,0.04999999999999999,69.22,0.7688529326784166
18746260,2026-05-28 01:42:46+00:00,0.4649999999999999,0,0.0,0.0,0.0,0.0,0.0,0.0,0.04999999999999999,69.22,0.7688529326784166
18746260,2026-05-28 01:42:47+00:00,0.4649999999999999,0,0.0,0.0,0.0,0.0,0.0,0.0,0.04999999999999999,69.22,0.7688529326784166
18746260,2026-05-28 01:42:48+00:00,0.4649999999999999,0,0.0,0.0,0.0,0.0,0.0,0.0,0.04999999999999999,69.22,0.7688529326784166
18746260,2026-05-28 01:42:49+00:00,0.4649999999999999,0,0.0,0.0,0.0,0.0,0.0,0.0,0.04999999999999999,69.22,0.7688529326784166
18746260,2026-05-28 01:42:50+00:00,0.4649999999999999,0,0.0,0.0,0.0,0.0,0.0,0.0,0.04999999999999999,69.22,0.7688529326784166
18746260,2026-05-28 01:42:51+00:00,0.4649999999999999,0,0.0,0.0,0.0,0.0,0.0,0.0,0.04999999999999999,69.22,0.7688529326784166
18746260,2026-05-28 01:42:52+00:00,0.4649999999999999,0,0.0,0.0,0.0,0.0,0.0,0.0,0.04999999999999999,69.22,0.7688529326784166
18746260,2026-05-28 01:42:53+00:00,0.4649999999999999,0,0.0,0.0,0.0,0.0,0.0,0.0,0.04999999999999999,69.22,0.7688529326784166
18746260,2026-05-28 01:42:54+00:00,0.4649999999999999,0,0.0,0.0,0.0,0.0,0.0,0.0,0.04999999999999999,69.22,0.7688529326784166
18746260,2026-05-28 01:42:55+00:00,0.4649999999999999,0,0.0,0.0,0.0,0.0,0.0,0.0,0.04999999999999999,69.22,0.7688529326784166
18746260,2026-05-28 01:42:56+00:00,0.4649999999999999,0,0.0,0.0,0.0,0.0,0.0,0.0,0.04999999999999999,69.22,0.7688529326784166
18746260,2026-05-28 01:42:57+00:00,0.4649999999999999,0,0.0,0.0,0.0,0.0,0.0,0.0,0.04999999999999999,69.22,0.7688529326784166
18746260,2026-05-28 01:42:58+00:00,0.4649999999999999,0,0.0,0.0,0.0,0.0,0.0,0.0,0.04999999999999999,69.22,0.7688529326784166
18746260,2026-05-28 01:42:59+00:00,0.4649999999999999,0,0.0,0.0,0.0,0.0,0.0,0.0,0.04999999999999999,69.22,0.7688529326784166
18746260,2026-05-28 01:43:00+00:00,0.4649999999999999,0,0.0,0.0,0.0,0.0,0.0,0.0,0.04999999999999999,69.22,0.7688529326784166
18746260,2026-05-28 01:43:01+00:00,0.4649999999999999,0,0.0,0.0,0.0,0.0,0.0,0.0,0.04999999999999999,69.22,0.7688529326784166
18746260,2026-05-28 01:43:02+00:00,0.4649999999999999,0,0.0,0.0,0.0,0.0,0.0,0.0,0.04999999999999999,69.22,0.7688529326784166
18746260,2026-05-28 01:43:03+00:00,0.4649999999999999,0,0.0,0.0,0.0,0.0,0.0,0.0,0.04999999999999999,69.22,0.7688529326784166
18746260,2026-05-28 01:43:04+00:00,0.4649999999999999,0,0.0,0.0,0.0,0.0,0.0,0.0,0.04999999999999999,69.22,0.7688529326784166
18746260,2026-05-28 01:43:05+00:00,0.4649999999999999,0,0.0,0.0,0.0,0.0,0.0,0.0,0.04999999999999999,69.22,0.7688529326784166
18746260,2026-05-28 01:43:06+00:00,0.4649999999999999,0,0.0,0.0,0.0,0.0,0.0,0.0,0.04999999999999999,69.22,0.7688529326784166
18746260,2026-05-28 01:43:07+00:00,0.4649999999999999,0,0.0,0.0,0.0,0.0,0.0,0.0,0.04999999999999999,69.22,0.7688529326784166
18746260,2026-05-28 01:43:08+00:00,0.4649999999999999,0,0.0,0.0,0.0,0.0,0.0,0.0,0.04999999999999999,69.22,0.7688529326784166
18746260,2026-05-28 01:43:09+00:00,0.4649999999999999,0,0.0,0.0,0.0,0.0,0.0,0.0,0.04999999999999999,69.22,0.7688529326784166
18746260,2026-05-28 01:43:10+00:00,0.4649999999999999,0,0.0,0.0,0.0,0.0,0.0,0.0,0.04999999999999999,69.22,0.7688529326784166
18746260,2026-05-28 01:43:11+00:00,0.4649999999999999,0,0.0,0.0,0.0,0.0,0.0,0.0,0.04999999999999999,69.22,0.7688529326784166
18746260,2026-05-28 01:43:12+00:00,0.4649999999999999,0,0.0,0.0,0.0,0.0,0.0,0.0,0.04999999999999999,69.22,0.7688529326784166
18746260,2026-05-28 01:43:13+00:00,0.4649999999999999,0,0.0,0.0,0.0,0.0,0.0,0.0,0.04999999999999999,69.22,0.7688529326784166
18746260,2026-05-28 01:43:14+00:00,0.4649999999999999,0,0.0,0.0,0.0,0.0,0.0,0.0,0.04999999999999999,69.22,0.7688529326784166
18746260,2026-05-28 01:43:15+00:00,0.4649999999999999,0,0.0,0.0,0.0,0.0,0.0,0.0,0.04999999999999999,69.22,0.7688529326784166
18746260,2026-05-28 01:43:16+00:00,0.4649999999999999,0,0.0,0.0,0.0,0.0,0.0,0.0,0.04999999999999999,69.22,0.7688529326784166
18746260,2026-05-28 01:43:17+00:00,0.4649999999999999,0,0.0,0.0,0.0,0.0,0.0,0.0,0.04999999999999999,69.22,0.7688529326784166
18746260,2026-05-28 01:43:18+00:00,0.4649999999999999,0,0.0,0.0,0.0,0.0,0.0,0.0,0.04999999999999999,69.22,0.7688529326784166
18746260,2026-05-28 01:43:19+00:00,0.4649999999999999,0,0.0,0.0,0.0,0.0,0.0,0.0,0.04999999999999999,69.22,0.7688529326784166
18746260,2026-05-28 01:43:20+00:00,0.4649999999999999,0,0.0,0.0,0.0,0.0,0.0,0.0,0.04999999999999999,69.22,0.7688529326784166
18746260,2026-05-28 01:43:21+00:00,0.4649999999999999,0,0.0,0.0,0.0,0.0,0.0,0.0,0.04999999999999999,69.22,0.7688529326784166
18746260,2026-05-28 01:43:22+00:00,0.4649999999999999,0,0.0,0.0,0.0,0.0,0.0,0.0,0.04999999999999999,69.22,0.7688529326784166
18746260,2026-05-28 01:43:23+00:00,0.4649999999999999,0,0.0,0.0,0.0,0.0,0.0,0.0,0.04999999999999999,69.22,0.7688529326784166
18746260,2026-05-28 01:43:24+00:00,0.4649999999999999,0,0.0,0.0,0.0,0.0,0.0,0.0,0.04999999999999999,69.22,0.7688529326784166
18746260,2026-05-28 01:43:25+00:00,0.4649999999999999,0,0.0,0.0,0.0,0.0,0.0,0.0,0.04999999999999999,69.22,0.7688529326784166
18746260,2026-05-28 01:43:26+00:00,0.4649999999999999,0,0.0,0.0,0.0,0.0,0.0,0.0,0.04999999999999999,69.22,0.7688529326784166
18746260,2026-05-28 01:43:27+00:00,0.4649999999999999,0,0.0,0.0,0.0,0.0,0.0,0.0,0.04999999999999999,69.22,0.7688529326784166
18746260,2026-05-28 01:43:28+00:00,0.4649999999999999,0,0.0,0.0,0.0,0.0,0.0,0.0,0.04999999999999999,69.22,0.7688529326784166
18746260,2026-05-28 01:43:29+00:00,0.4649999999999999,0,0.0,0.0,0.0,0.0,0.0,0.0,0.04999999999999999,69.22,0.7688529326784166
18746260,2026-05-28 01:43:30+00:00,0.4649999999999999,0,0.0,0.0,0.0,0.0,0.0,0.0,0.04999999999999999,69.22,0.7688529326784166
18746260,2026-05-28 01:43:31+00:00,0.4649999999999999,0,0.0,0.0,0.0,0.0,0.0,0.0,0.04999999999999999,69.22,0.7688529326784166
18746260,2026-05-28 01:43:32+00:00,0.4649999999999999,0,0.0,0.0,0.0,0.0,0.0,0.0,0.04999999999999999,69.22,0.7688529326784166
18746260,2026-05-28 01:43:33+00:00,0.4649999999999999,0,0.0,0.0,0.0,0.0,0.0,0.0,0.04999999999999999,69.22,0.7688529326784166
18746260,2026-05-28 01:43:34+00:00,0.4649999999999999,0,0.0,0.0,0.0,0.0,0.0,0.0,0.04999999999999999,69.22,0.7688529326784166
18746260,2026-05-28 01:43:35+00:00,0.4649999999999999,0,0.0,0.0,0.0,0.0,0.0,0.0,0.04999999999999999,69.22,0.7688529326784166
18746260,2026-05-28 01:43:36+00:00,0.4649999999999999,0,0.0,0.0,0.0,0.0,0.0,0.0,0.04999999999999999,69.22,0.7688529326784166
18746260,2026-05-28 01:43:37+00:00,0.4649999999999999,0,0.0,0.0,0.0,0.0,0.0,0.0,0.04999999999999999,69.22,0.7688529326784166
18746260,2026-05-28 01:43:38+00:00,0.4649999999999999,0,0.0,0.0,0.0,0.0,0.0,0.0,0.04999999999999999,69.22,0.7688529326784166
18746260,2026-05-28 01:43:39+00:00,0.4649999999999999,0,0.0,0.0,0.0,0.0,0.0,0.0,0.04999999999999999,69.22,0.7688529326784166
18746260,2026-05-28 01:43:40+00:00,0.4649999999999999,0,0.0,0.0,0.0,0.0,0.0,0.0,0.04999999999999999,69.22,0.7688529326784166
18746260,2026-05-28 01:43:41+00:00,0.4649999999999999,0,0.0,0.0,0.0,0.0,0.0,0.0,0.04999999999999999,69.22,0.7688529326784166
18746260,2026-05-28 01:43:42+00:00,0.4649999999999999,0,0.0,0.0,0.0,0.0,0.0,0.0,0.04999999999999999,69.22,0.7688529326784166
18746260,2026-05-28 01:43:43+00:00,0.4649999999999999,0,0.0,0.0,0.0,0.0,0.0,0.0,0.04999999999999999,69.22,0.7688529326784166
18746260,2026-05-28 01:43:44+00:00,0.4649999999999999,0,0.0,0.0,0.0,0.0,0.0,0.0,0.04999999999999999,69.22,0.7688529326784166
18746260,2026-05-28 01:43:45+00:00,0.4649999999999999,0,0.0,0.0,0.0,0.0,0.0,0.0,0.04999999999999999,69.22,0.7688529326784166
18746260,2026-05-28 01:43:46+00:00,0.4649999999999999,0,0.0,0.0,0.0,0.0,0.0,0.0,0.04999999999999999,69.22,0.7688529326784166
18746260,2026-05-28 01:43:47+00:00,0.4649999999999999,0,0.0,0.0,0.0,0.0,0.0,0.0,0.04999999999999999,69.22,0.7688529326784166
18746260,2026-05-28 01:43:48+00:00,0.4649999999999999,0,0.0,0.0,0.0,0.0,0.0,0.0,0.04999999999999999,69.22,0.7688529326784166
18746260,2026-05-28 01:43:49+00:00,0.4649999999999999,0,0.0,0.0,0.0,0.0,0.0,0.0,0.04999999999999999,69.22,0.7688529326784166
18746260,2026-05-28 01:43:50+00:00,0.4649999999999999,0,0.0,0.0,0.0,0.0,0.0,0.0,0.04999999999999999,69.22,0.7688529326784166
18746260,2026-05-28 01:43:51+00:00,0.4649999999999999,0,0.0,0.0,0.0,0.0,0.0,0.0,0.04999999999999999,69.22,0.7688529326784166
18746260,2026-05-28 01:43:52+00:00,0.4649999999999999,0,0.0,0.0,0.0,0.0,0.0,0.0,0.04999999999999999,69.22,0.7688529326784166
18746260,2026-05-28 01:43:53+00:00,0.4649999999999999,0,0.0,0.0,0.0,0.0,0.0,0.0,0.04999999999999999,69.22,0.7688529326784166
18746260,2026-05-28 01:43:54+00:00,0.4649999999999999,0,0.0,0.0,0.0,0.0,0.0,0.0,0.04999999999999999,69.22,0.7688529326784166
18746260,2026-05-28 01:43:55+00:00,0.4649999999999999,0,0.0,0.0,0.0,0.0,0.0,0.0,0.04999999999999999,69.22,0.7688529326784166
18746260,2026-05-28 01:43:56+00:00,0.4649999999999999,0,0.0,0.0,0.0,0.0,0.0,0.0,0.04999999999999999,69.22,0.7688529326784166
18746260,2026-05-28 01:43:57+00:00,0.4649999999999999,0,0.0,0.0,0.0,0.0,0.0,0.0,0.04999999999999999,69.22,0.7688529326784166
18746260,2026-05-28 01:43:58+00:00,0.4649999999999999,0,0.0,0.0,0.0,0.0,0.0,0.0,0.04999999999999999,69.22,0.7688529326784166
18746260,2026-05-28 01:43:59+00:00,0.4649999999999999,0,0.0,0.0,0.0,0.0,0.0,0.0,0.04999999999999999,69.22,0.7688529326784166
18746260,2026-05-28 01:44:00+00:00,0.4649999999999999,0,0.0,0.0,0.0,0.0,0.0,0.0,0.04999999999999999,69.22,0.7688529326784166
18746260,2026-05-28 01:44:01+00:00,0.4649999999999999,0,0.0,0.0,0.0,0.0,0.0,0.0,0.04999999999999999,69.22,0.7688529326784166
18746260,2026-05-28 01:44:02+00:00,0.4649999999999999,0,0.0,0.0,0.0,0.0,0.0,0.0,0.04999999999999999,69.22,0.7688529326784166
18746260,2026-05-28 01:44:03+00:00,0.4649999999999999,0,0.0,0.0,0.0,0.0,0.0,0.0,0.04999999999999999,69.22,0.7688529326784166
18746260,2026-05-28 01:44:04+00:00,0.4649999999999999,0,0.0,0.0,0.0,0.0,0.0,0.0,0.04999999999999999,69.22,0.7688529326784166
18746260,2026-05-28 01:44:05+00:00,0.4649999999999999,0,0.0,0.0,0.0,0.0,0.0,0.0,0.04999999999999999,69.22,0.7688529326784166
18746260,2026-05-28 01:44:06+00:00,0.4649999999999999,0,0.0,0.0,0.0,0.0,0.0,0.0,0.04999999999999999,69.22,0.7688529326784166
18746260,2026-05-28 01:44:07+00:00,0.4649999999999999,0,0.0,0.0,0.0,0.0,0.0,0.0,0.04999999999999999,69.22,0.7688529326784166
18746260,2026-05-28 01:44:08+00:00,0.4649999999999999,0,0.0,0.0,0.0,0.0,0.0,0.0,0.04999999999999999,69.22,0.7688529326784166
18746260,2026-05-28 01:44:09+00:00,0.4649999999999999,0,0.0,0.0,0.0,0.0,0.0,0.0,0.04999999999999999,69.22,0.7688529326784166
18746260,2026-05-28 01:44:10+00:00,0.4649999999999999,0,0.0,0.0,0.0,0.0,0.0,0.0,0.04999999999999999,69.22,0.7688529326784166
18746260,2026-05-28 01:44:11+00:00,0.4649999999999999,0,0.0,0.0,0.0,0.0,0.0,0.0,0.04999999999999999,69.22,0.7688529326784166
18746260,2026-05-28 01:44:12+00:00,0.4649999999999999,0,0.0,0.0,0.0,0.0,0.0,0.0,0.04999999999999999,69.22,0.7688529326784166
18746260,2026-05-28 01:44:13+00:00,0.4649999999999999,0,0.0,0.0,0.0,0.0,0.0,0.0,0.04999999999999999,69.22,0.7688529326784166
18746260,2026-05-28 01:44:14+00:00,0.4649999999999999,0,0.0,0.0,0.0,0.0,0.0,0.0,0.04999999999999999,69.22,0.7688529326784166
18746260,2026-05-28 01:44:15+00:00,0.4649999999999999,0,0.0,0.0,0.0,0.0,0.0,0.0,0.04999999999999999,69.22,0.7688529326784166
18746260,2026-05-28 01:44:16+00:00,0.4649999999999999,0,0.0,0.0,0.0,0.0,0.0,0.0,0.04999999999999999,69.22,0.7688529326784166
18746260,2026-05-28 01:44:17+00:00,0.4649999999999999,0,0.0,0.0,0.0,0.0,0.0,0.0,0.04999999999999999,69.22,0.7688529326784166
18746260,2026-05-28 01:44:18+00:00,0.4649999999999999,0,0.0,0.0,0.0,0.0,0.0,0.0,0.04999999999999999,69.22,0.7688529326784166
18746260,2026-05-28 01:44:19+00:00,0.4649999999999999,0,0.0,0.0,0.0,0.0,0.0,0.0,0.04999999999999999,69.22,0.7688529326784166
18746260,2026-05-28 01:44:20+00:00,0.4649999999999999,0,0.0,0.0,0.0,0.0,0.0,0.0,0.04999999999999999,69.22,0.7688529326784166
18746260,2026-05-28 01:44:21+00:00,0.4649999999999999,0,0.0,0.0,0.0,0.0,0.0,0.0,0.04999999999999999,69.22,0.7688529326784166
18746260,2026-05-28 01:44:22+00:00,0.4649999999999999,0,0.0,0.0,0.0,0.0,0.0,0.0,0.04999999999999999,69.22,0.7688529326784166
18746260,2026-05-28 01:44:23+00:00,0.4649999999999999,0,0.0,0.0,0.0,0.0,0.0,0.0,0.04999999999999999,69.22,0.7688529326784166
18746260,2026-05-28 01:44:24+00:00,0.4649999999999999,0,0.0,0.0,0.0,0.0,0.0,0.0,0.04999999999999999,69.22,0.7688529326784166
18746260,2026-05-28 01:44:25+00:00,0.4649999999999999,0,0.0,0.0,0.0,0.0,0.0,0.0,0.04999999999999999,69.22,0.7688529326784166
18746260,2026-05-28 01:44:26+00:00,0.4649999999999999,0,0.0,0.0,0.0,0.0,0.0,0.0,0.04999999999999999,69.22,0.7688529326784166
18746260,2026-05-28 01:44:27+00:00,0.4649999999999999,0,0.0,0.0,0.0,0.0,0.0,0.0,0.04999999999999999,69.22,0.7688529326784166
18746260,2026-05-28 01:44:28+00:00,0.4649999999999999,0,0.0,0.0,0.0,0.0,0.0,0.0,0.04999999999999999,69.22,0.7688529326784166
18746260,2026-05-28 01:44:29+00:00,0.4649999999999999,0,0.0,0.0,0.0,0.0,0.0,0.0,0.04999999999999999,69.22,0.7688529326784166
18746260,2026-05-28 01:44:30+00:00,0.4649999999999999,0,0.0,0.0,0.0,0.0,0.0,0.0,0.04999999999999999,69.22,0.7688529326784166
18746260,2026-05-28 01:44:31+00:00,0.4649999999999999,0,0.0,0.0,0.0,0.0,0.0,0.0,0.04999999999999999,69.22,0.7688529326784166
18746260,2026-05-28 01:44:32+00:00,0.4649999999999999,0,0.0,0.0,0.0,0.0,0.0,0.0,0.04999999999999999,69.22,0.7688529326784166
18746260,2026-05-28 01:44:33+00:00,0.4649999999999999,0,0.0,0.0,0.0,0.0,0.0,0.0,0.04999999999999999,69.22,0.7688529326784166
18746260,2026-05-28 01:44:34+00:00,0.4649999999999999,0,0.0,0.0,0.0,0.0,0.0,0.0,0.04999999999999999,69.22,0.7688529326784166
18746260,2026-05-28 01:44:35+00:00,0.4649999999999999,0,0.0,0.0,0.0,0.0,0.0,0.0,0.04999999999999999,69.22,0.7688529326784166
18746260,2026-05-28 01:44:36+00:00,0.4649999999999999,0,0.0,0.0,0.0,0.0,0.0,0.0,0.04999999999999999,69.22,0.7688529326784166
18746260,2026-05-28 01:44:37+00:00,0.4649999999999999,0,0.0,0.0,0.0,0.0,0.0,0.0,0.04999999999999999,69.22,0.7688529326784166
18746260,2026-05-28 01:44:38+00:00,0.4649999999999999,0,0.0,0.0,0.0,0.0,0.0,0.0,0.04999999999999999,69.22,0.7688529326784166
18746260,2026-05-28 01:44:39+00:00,0.4649999999999999,0,0.0,0.0,0.0,0.0,0.0,0.0,0.04999999999999999,69.22,0.7688529326784166
18746260,2026-05-28 01:44:40+00:00,0.4649999999999999,0,0.0,0.0,0.0,0.0,0.0,0.0,0.04999999999999999,69.22,0.7688529326784166
18746260,2026-05-28 01:44:41+00:00,0.4649999999999999,0,0.0,0.0,0.0,0.0,0.0,0.0,0.04999999999999999,69.22,0.7688529326784166
18746260,2026-05-28 01:44:42+00:00,0.4649999999999999,0,0.0,0.0,0.0,0.0,0.0,0.0,0.04999999999999999,69.22,0.7688529326784166
18746260,2026-05-28 01:44:43+00:00,0.4649999999999999,0,0.0,0.0,0.0,0.0,0.0,0.0,0.04999999999999999,69.22,0.7688529326784166
18746260,2026-05-28 01:44:44+00:00,0.4649999999999999,0,0.0,0.0,0.0,0.0,0.0,0.0,0.04999999999999999,69.22,0.7688529326784166
18746260,2026-05-28 01:44:45+00:00,0.4649999999999999,0,0.0,0.0,0.0,0.0,0.0,0.0,0.04999999999999999,69.22,0.7688529326784166
18746260,2026-05-28 01:44:46+00:00,0.4649999999999999,0,0.0,0.0,0.0,0.0,0.0,0.0,0.04999999999999999,69.22,0.7688529326784166
18746260,2026-05-28 01:44:47+00:00,0.4649999999999999,0,0.0,0.0,0.0,0.0,0.0,0.0,0.04999999999999999,69.22,0.7688529326784166
18746260,2026-05-28 01:44:48+00:00,0.4649999999999999,0,0.0,0.0,0.0,0.0,0.0,0.0,0.04999999999999999,69.22,0.7688529326784166
18746260,2026-05-28 01:44:49+00:00,0.4649999999999999,0,0.0,0.0,0.0,0.0,0.0,0.0,0.04999999999999999,69.22,0.7688529326784166
18746260,2026-05-28 01:44:50+00:00,0.4649999999999999,0,0.0,0.0,0.0,0.0,0.0,0.0,0.04999999999999999,69.22,0.7688529326784166
18746260,2026-05-28 01:44:51+00:00,0.4649999999999999,0,0.0,0.0,0.0,0.0,0.0,0.0,0.04999999999999999,69.22,0.7688529326784166
18746260,2026-05-28 01:44:52+00:00,0.4649999999999999,0,0.0,0.0,0.0,0.0,0.0,0.0,0.04999999999999999,69.22,0.7688529326784166
18746260,2026-05-28 01:44:53+00:00,0.4649999999999999,0,0.0,0.0,0.0,0.0,0.0,0.0,0.04999999999999999,69.22,0.7688529326784166
18746260,2026-05-28 01:44:54+00:00,0.4649999999999999,0,0.0,0.0,0.0,0.0,0.0,0.0,0.04999999999999999,69.22,0.7688529326784166
18746260,2026-05-28 01:44:55+00:00,0.4649999999999999,0,0.0,0.0,0.0,0.0,0.0,0.0,0.04999999999999999,69.22,0.7688529326784166
18746260,2026-05-28 01:44:56+00:00,0.4649999999999999,0,0.0,0.0,0.0,0.0,0.0,0.0,0.04999999999999999,69.22,0.7688529326784166
18746260,2026-05-28 01:44:57+00:00,0.4649999999999999,0,0.0,0.0,0.0,0.0,0.0,0.0,0.04999999999999999,69.22,0.7688529326784166
18746260,2026-05-28 01:44:58+00:00,0.4649999999999999,0,0.0,0.0,0.0,0.0,0.0,0.0,0.04999999999999999,69.22,0.7688529326784166
18746260,2026-05-28 01:44:59+00:00,0.4649999999999999,0,0.0,0.0,0.0,0.0,0.0,0.0,0.04999999999999999,69.22,0.7688529326784166
18746260,2026-05-28 01:45:00+00:00,0.4649999999999999,0,0.0,0.0,0.0,0.0,0.0,0.0,0.04999999999999999,69.22,0.7688529326784166
18746260,2026-05-28 01:45:01+00:00,0.4649999999999999,0,0.0,0.0,0.0,0.0,0.0,0.0,0.04999999999999999,69.22,0.7688529326784166
18746260,2026-05-28 01:45:02+00:00,0.4649999999999999,0,0.0,0.0,0.0,0.0,0.0,0.0,0.04999999999999999,69.22,0.7688529326784166
18746260,2026-05-28 01:45:03+00:00,0.4649999999999999,0,0.0,0.0,0.0,0.0,0.0,0.0,0.04999999999999999,69.22,0.7688529326784166
18746260,2026-05-28 01:45:04+00:00,0.4649999999999999,0,0.0,0.0,0.0,0.0,0.0,0.0,0.04999999999999999,69.22,0.7688529326784166
18746260,2026-05-28 01:45:05+00:00,0.4649999999999999,0,0.0,0.0,0.0,0.0,0.0,0.0,0.04999999999999999,69.22,0.7688529326784166
18746260,2026-05-28 01:45:06+00:00,0.4649999999999999,0,0.0,0.0,0.0,0.0,0.0,0.0,0.04999999999999999,69.22,0.7688529326784166
18746260,2026-05-28 01:45:07+00:00,0.4649999999999999,0,0.0,0.0,0.0,0.0,0.0,0.0,0.04999999999999999,69.22,0.7688529326784166
18746260,2026-05-28 01:45:08+00:00,0.4649999999999999,0,0.0,0.0,0.0,0.0,0.0,0.0,0.04999999999999999,69.22,0.7688529326784166
18746260,2026-05-28 01:45:09+00:00,0.4649999999999999,0,0.0,0.0,0.0,0.0,0.0,0.0,0.04999999999999999,69.22,0.7688529326784166
18746260,2026-05-28 01:45:10+00:00,0.4649999999999999,0,0.0,0.0,0.0,0.0,0.0,0.0,0.04999999999999999,69.22,0.7688529326784166
18746260,2026-05-28 01:45:11+00:00,0.4649999999999999,0,0.0,0.0,0.0,0.0,0.0,0.0,0.04999999999999999,69.22,0.7688529326784166
18746260,2026-05-28 01:45:12+00:00,0.4649999999999999,0,0.0,0.0,0.0,0.0,0.0,0.0,0.04999999999999999,69.22,0.7688529326784166
18746260,2026-05-28 01:45:13+00:00,0.4649999999999999,0,0.0,0.0,0.0,0.0,0.0,0.0,0.04999999999999999,69.22,0.7688529326784166
18746260,2026-05-28 01:45:14+00:00,0.4649999999999999,0,0.0,0.0,0.0,0.0,0.0,0.0,0.04999999999999999,69.22,0.7688529326784166
18746260,2026-05-28 01:45:15+00:00,0.4649999999999999,0,0.0,0.0,0.0,0.0,0.0,0.0,0.04999999999999999,69.22,0.7688529326784166
18746260,2026-05-28 01:45:16+00:00,0.4649999999999999,0,0.0,0.0,0.0,0.0,0.0,0.0,0.04999999999999999,69.22,0.7688529326784166
18746260,2026-05-28 01:45:17+00:00,0.4649999999999999,0,0.0,0.0,0.0,0.0,0.0,0.0,0.04999999999999999,69.22,0.7688529326784166
18746260,2026-05-28 01:45:18+00:00,0.4649999999999999,0,0.0,0.0,0.0,0.0,0.0,0.0,0.04999999999999999,69.22,0.7688529326784166
18746260,2026-05-28 01:45:19+00:00,0.4649999999999999,0,0.0,0.0,0.0,0.0,0.0,0.0,0.04999999999999999,69.22,0.7688529326784166
18746260,2026-05-28 01:45:20+00:00,0.4649999999999999,0,0.0,0.0,0.0,0.0,0.0,0.0,0.04999999999999999,69.22,0.7688529326784166
18746260,2026-05-28 01:45:21+00:00,0.4649999999999999,0,0.0,0.0,0.0,0.0,0.0,0.0,0.04999999999999999,69.22,0.7688529326784166
18746260,2026-05-28 01:45:22+00:00,0.4649999999999999,0,0.0,0.0,0.0,0.0,0.0,0.0,0.04999999999999999,69.22,0.7688529326784166
18746260,2026-05-28 01:45:23+00:00,0.4649999999999999,0,0.0,0.0,0.0,0.0,0.0,0.0,0.04999999999999999,69.22,0.7688529326784166
18746260,2026-05-28 01:45:24+00:00,0.4649999999999999,0,0.0,0.0,0.0,0.0,0.0,0.0,0.04999999999999999,69.22,0.7688529326784166
18746260,2026-05-28 01:45:25+00:00,0.4649999999999999,0,0.0,0.0,0.0,0.0,0.0,0.0,0.04999999999999999,69.22,0.7688529326784166
18746260,2026-05-28 01:45:26+00:00,0.4649999999999999,0,0.0,0.0,0.0,0.0,0.0,0.0,0.04999999999999999,69.22,0.7688529326784166
18746260,2026-05-28 01:45:27+00:00,0.4649999999999999,0,0.0,0.0,0.0,0.0,0.0,0.0,0.04999999999999999,69.22,0.7688529326784166
18746260,2026-05-28 01:45:28+00:00,0.4649999999999999,0,0.0,0.0,0.0,0.0,0.0,0.0,0.04999999999999999,69.22,0.7688529326784166
18746260,2026-05-28 01:45:29+00:00,0.4649999999999999,0,0.0,0.0,0.0,0.0,0.0,0.0,0.04999999999999999,69.22,0.7688529326784166
18746260,2026-05-28 01:45:30+00:00,0.4649999999999999,0,0.0,0.0,0.0,0.0,0.0,0.0,0.04999999999999999,69.22,0.7688529326784166
18746260,2026-05-28 01:45:31+00:00,0.4649999999999999,0,0.0,0.0,0.0,0.0,0.0,0.0,0.04999999999999999,69.22,0.7688529326784166
18746260,2026-05-28 01:45:32+00:00,0.4649999999999999,0,0.0,0.0,0.0,0.0,0.0,0.0,0.04999999999999999,69.22,0.7688529326784166
18746260,2026-05-28 01:45:33+00:00,0.4649999999999999,0,0.0,0.0,0.0,0.0,0.0,0.0,0.04999999999999999,69.22,0.7688529326784166
18746260,2026-05-28 01:45:34+00:00,0.4649999999999999,0,0.0,0.0,0.0,0.0,0.0,0.0,0.04999999999999999,69.22,0.7688529326784166
18746260,2026-05-28 01:45:35+00:00,0.4649999999999999,0,0.0,0.0,0.0,0.0,0.0,0.0,0.04999999999999999,69.22,0.7688529326784166
18746260,2026-05-28 01:45:36+00:00,0.4649999999999999,0,0.0,0.0,0.0,0.0,0.0,0.0,0.04999999999999999,69.22,0.7688529326784166
18746260,2026-05-28 01:45:37+00:00,0.4649999999999999,0,0.0,0.0,0.0,0.0,0.0,0.0,0.04999999999999999,69.22,0.7688529326784166
18746260,2026-05-28 01:45:38+00:00,0.4649999999999999,0,0.0,0.0,0.0,0.0,0.0,0.0,0.04999999999999999,69.22,0.7688529326784166
18746260,2026-05-28 01:45:39+00:00,0.4649999999999999,0,0.0,0.0,0.0,0.0,0.0,0.0,0.04999999999999999,69.22,0.7688529326784166
18746260,2026-05-28 01:45:40+00:00,0.4649999999999999,0,0.0,0.0,0.0,0.0,0.0,0.0,0.04999999999999999,69.22,0.7688529326784166
18746260,2026-05-28 01:45:41+00:00,0.4649999999999999,0,0.0,0.0,0.0,0.0,0.0,0.0,0.04999999999999999,69.22,0.7688529326784166
18746260,2026-05-28 01:45:42+00:00,0.4649999999999999,0,0.0,0.0,0.0,0.0,0.0,0.0,0.04999999999999999,69.22,0.7688529326784166
18746260,2026-05-28 01:45:43+00:00,0.4649999999999999,0,0.0,0.0,0.0,0.0,0.0,0.0,0.04999999999999999,69.22,0.7688529326784166
18746260,2026-05-28 01:45:44+00:00,0.4649999999999999,0,0.0,0.0,0.0,0.0,0.0,0.0,0.04999999999999999,69.22,0.7688529326784166
18746260,2026-05-28 01:45:45+00:00,0.4649999999999999,0,0.0,0.0,0.0,0.0,0.0,0.0,0.04999999999999999,69.22,0.7688529326784166
18746260,2026-05-28 01:45:46+00:00,0.4649999999999999,0,0.0,0.0,0.0,0.0,0.0,0.0,0.04999999999999999,69.22,0.7688529326784166
18746260,2026-05-28 01:45:47+00:00,0.4649999999999999,0,0.0,0.0,0.0,0.0,0.0,0.0,0.04999999999999999,69.22,0.7688529326784166
18746260,2026-05-28 01:45:48+00:00,0.4649999999999999,0,0.0,0.0,0.0,0.0,0.0,0.0,0.04999999999999999,69.22,0.7688529326784166
18746260,2026-05-28 01:45:49+00:00,0.4649999999999999,0,0.0,0.0,0.0,0.0,0.0,0.0,0.04999999999999999,69.22,0.7688529326784166
18746260,2026-05-28 01:45:50+00:00,0.4649999999999999,0,0.0,0.0,0.0,0.0,0.0,0.0,0.04999999999999999,69.22,0.7688529326784166
18746260,2026-05-28 01:45:51+00:00,0.4649999999999999,0,0.0,0.0,0.0,0.0,0.0,0.0,0.04999999999999999,69.22,0.7688529326784166
18746260,2026-05-28 01:45:52+00:00,0.4649999999999999,0,0.0,0.0,0.0,0.0,0.0,0.0,0.04999999999999999,69.22,0.7688529326784166
18746260,2026-05-28 01:45:53+00:00,0.4649999999999999,0,0.0,0.0,0.0,0.0,0.0,0.0,0.04999999999999999,69.22,0.7688529326784166
18746260,2026-05-28 01:45:54+00:00,0.4649999999999999,0,0.0,0.0,0.0,0.0,0.0,0.0,0.04999999999999999,69.22,0.7688529326784166
18746260,2026-05-28 01:45:55+00:00,0.4649999999999999,0,0.0,0.0,0.0,0.0,0.0,0.0,0.04999999999999999,69.22,0.7688529326784166
18746260,2026-05-28 01:45:56+00:00,0.4649999999999999,0,0.0,0.0,0.0,0.0,0.0,0.0,0.04999999999999999,69.22,0.7688529326784166
18746260,2026-05-28 01:45:57+00:00,0.4649999999999999,0,0.0,0.0,0.0,0.0,0.0,0.0,0.04999999999999999,69.22,0.7688529326784166
18746260,2026-05-28 01:45:58+00:00,0.4649999999999999,0,0.0,0.0,0.0,0.0,0.0,0.0,0.04999999999999999,69.22,0.7688529326784166
18746260,2026-05-28 01:45:59+00:00,0.4649999999999999,0,0.0,0.0,0.0,0.0,0.0,0.0,0.04999999999999999,69.22,0.7688529326784166
18746260,2026-05-28 01:46:00+00:00,0.4649999999999999,0,0.0,0.0,0.0,0.0,0.0,0.0,0.04999999999999999,69.22,0.7688529326784166
18746260,2026-05-28 01:46:01+00:00,0.4649999999999999,0,0.0,0.0,0.0,0.0,0.0,0.0,0.04999999999999999,69.22,0.7688529326784166
18746260,2026-05-28 01:46:02+00:00,0.4649999999999999,0,0.0,0.0,0.0,0.0,0.0,0.0,0.04999999999999999,69.22,0.7688529326784166
18746260,2026-05-28 01:46:03+00:00,0.4649999999999999,0,0.0,0.0,0.0,0.0,0.0,0.0,0.04999999999999999,69.22,0.7688529326784166
18746260,2026-05-28 01:46:04+00:00,0.4649999999999999,0,0.0,0.0,0.0,0.0,0.0,0.0,0.04999999999999999,69.22,0.7688529326784166
18746260,2026-05-28 01:46:05+00:00,0.4649999999999999,0,0.0,0.0,0.0,0.0,0.0,0.0,0.04999999999999999,69.22,0.7688529326784166
18746260,2026-05-28 01:46:06+00:00,0.4649999999999999,0,0.0,0.0,0.0,0.0,0.0,0.0,0.04999999999999999,69.22,0.7688529326784166
18746260,2026-05-28 01:46:07+00:00,0.4649999999999999,0,0.0,0.0,0.0,0.0,0.0,0.0,0.04999999999999999,69.22,0.7688529326784166
18746260,2026-05-28 01:46:08+00:00,0.4649999999999999,0,0.0,0.0,0.0,0.0,0.0,0.0,0.04999999999999999,69.22,0.7688529326784166
18746260,2026-05-28 01:46:09+00:00,0.4649999999999999,0,0.0,0.0,0.0,0.0,0.0,0.0,0.04999999999999999,69.22,0.7688529326784166
18746260,2026-05-28 01:46:10+00:00,0.4649999999999999,0,0.0,0.0,0.0,0.0,0.0,0.0,0.04999999999999999,69.22,0.7688529326784166
18746260,2026-05-28 01:46:11+00:00,0.4649999999999999,0,0.0,0.0,0.0,0.0,0.0,0.0,0.04999999999999999,69.22,0.7688529326784166
18746260,2026-05-28 01:46:12+00:00,0.4649999999999999,0,0.0,0.0,0.0,0.0,0.0,0.0,0.04999999999999999,69.22,0.7688529326784166
18746260,2026-05-28 01:46:13+00:00,0.4649999999999999,0,0.0,0.0,0.0,0.0,0.0,0.0,0.04999999999999999,69.22,0.7688529326784166
18746260,2026-05-28 01:46:14+00:00,0.4649999999999999,0,0.0,0.0,0.0,0.0,0.0,0.0,0.04999999999999999,69.22,0.7688529326784166
18746260,2026-05-28 01:46:15+00:00,0.4649999999999999,0,0.0,0.0,0.0,0.0,0.0,0.0,0.04999999999999999,69.22,0.7688529326784166
18746260,2026-05-28 01:46:16+00:00,0.4649999999999999,0,0.0,0.0,0.0,0.0,0.0,0.0,0.04999999999999999,69.22,0.7688529326784166
18746260,2026-05-28 01:46:17+00:00,0.4649999999999999,0,0.0,0.0,0.0,0.0,0.0,0.0,0.04999999999999999,69.22,0.7688529326784166
18746260,2026-05-28 01:46:18+00:00,0.4649999999999999,0,0.0,0.0,0.0,0.0,0.0,0.0,0.04999999999999999,69.22,0.7688529326784166
18746260,2026-05-28 01:46:19+00:00,0.4649999999999999,0,0.0,0.0,0.0,0.0,0.0,0.0,0.04999999999999999,69.22,0.7688529326784166
18746260,2026-05-28 01:46:20+00:00,0.4649999999999999,0,0.0,0.0,0.0,0.0,0.0,0.0,0.04999999999999999,69.22,0.7688529326784166
18746260,2026-05-28 01:46:21+00:00,0.4649999999999999,0,0.0,0.0,0.0,0.0,0.0,0.0,0.04999999999999999,69.22,0.7688529326784166
18746260,2026-05-28 01:46:22+00:00,0.4649999999999999,0,0.0,0.0,0.0,0.0,0.0,0.0,0.04999999999999999,69.22,0.7688529326784166
18746260,2026-05-28 01:46:23+00:00,0.4649999999999999,0,0.0,0.0,0.0,0.0,0.0,0.0,0.04999999999999999,69.22,0.7688529326784166
18746260,2026-05-28 01:46:24+00:00,0.4649999999999999,0,0.0,0.0,0.0,0.0,0.0,0.0,0.04999999999999999,69.22,0.7688529326784166
18746260,2026-05-28 01:46:25+00:00,0.4649999999999999,0,0.0,0.0,0.0,0.0,0.0,0.0,0.04999999999999999,69.22,0.7688529326784166
18746260,2026-05-28 01:46:26+00:00,0.4649999999999999,0,0.0,0.0,0.0,0.0,0.0,0.0,0.04999999999999999,69.22,0.7688529326784166
18746260,2026-05-28 01:46:27+00:00,0.4649999999999999,0,0.0,0.0,0.0,0.0,0.0,0.0,0.04999999999999999,69.22,0.7688529326784166
18746260,2026-05-28 01:46:28+00:00,0.4649999999999999,0,0.0,0.0,0.0,0.0,0.0,0.0,0.04999999999999999,69.22,0.7688529326784166
18746260,2026-05-28 01:46:29+00:00,0.4649999999999999,0,0.0,0.0,0.0,0.0,0.0,0.0,0.04999999999999999,69.22,0.7688529326784166
18746260,2026-05-28 01:46:30+00:00,0.4649999999999999,0,0.0,0.0,0.0,0.0,0.0,0.0,0.04999999999999999,69.22,0.7688529326784166
18746260,2026-05-28 01:46:31+00:00,0.4649999999999999,0,0.0,0.0,0.0,0.0,0.0,0.0,0.04999999999999999,69.22,0.7688529326784166
18746260,2026-05-28 01:46:32+00:00,0.4649999999999999,0,0.0,0.0,0.0,0.0,0.0,0.0,0.04999999999999999,69.22,0.7688529326784166
18746260,2026-05-28 01:46:33+00:00,0.4649999999999999,0,0.0,0.0,0.0,0.0,0.0,0.0,0.04999999999999999,69.22,0.7688529326784166
18746260,2026-05-28 01:46:34+00:00,0.4649999999999999,0,0.0,0.0,0.0,0.0,0.0,0.0,0.04999999999999999,69.22,0.7688529326784166
18746260,2026-05-28 01:46:35+00:00,0.4649999999999999,0,0.0,0.0,0.0,0.0,0.0,0.0,0.04999999999999999,69.22,0.7688529326784166
18746260,2026-05-28 01:46:36+00:00,0.4649999999999999,0,0.0,0.0,0.0,0.0,0.0,0.0,0.04999999999999999,69.22,0.7688529326784166
18746260,2026-05-28 01:46:37+00:00,0.4649999999999999,0,0.0,0.0,0.0,0.0,0.0,0.0,0.04999999999999999,69.22,0.7688529326784166
18746260,2026-05-28 01:46:38+00:00,0.4649999999999999,0,0.0,0.0,0.0,0.0,0.0,0.0,0.04999999999999999,69.22,0.7688529326784166
18746260,2026-05-28 01:46:39+00:00,0.4649999999999999,0,0.0,0.0,0.0,0.0,0.0,0.0,0.04999999999999999,69.22,0.7688529326784166
18746260,2026-05-28 01:46:40+00:00,0.4649999999999999,0,0.0,0.0,0.0,0.0,0.0,0.0,0.04999999999999999,69.22,0.7688529326784166
18746260,2026-05-28 01:46:41+00:00,0.4649999999999999,0,0.0,0.0,0.0,0.0,0.0,0.0,0.04999999999999999,69.22,0.7688529326784166
18746260,2026-05-28 01:46:42+00:00,0.4649999999999999,0,0.0,0.0,0.0,0.0,0.0,0.0,0.04999999999999999,69.22,0.7688529326784166
18746260,2026-05-28 01:46:43+00:00,0.4649999999999999,0,0.0,0.0,0.0,0.0,0.0,0.0,0.04999999999999999,69.22,0.7688529326784166
18746260,2026-05-28 01:46:44+00:00,0.4649999999999999,0,0.0,0.0,0.0,0.0,0.0,0.0,0.04999999999999999,69.22,0.7688529326784166
18746260,2026-05-28 01:46:45+00:00,0.4649999999999999,0,0.0,0.0,0.0,0.0,0.0,0.0,0.04999999999999999,69.22,0.7688529326784166
18746260,2026-05-28 01:46:46+00:00,0.4649999999999999,0,0.0,0.0,0.0,0.0,0.0,0.0,0.04999999999999999,69.22,0.7688529326784166
18746260,2026-05-28 01:46:47+00:00,0.4649999999999999,0,0.0,0.0,0.0,0.0,0.0,0.0,0.04999999999999999,69.22,0.7688529326784166
18746260,2026-05-28 01:46:48+00:00,0.4649999999999999,0,0.0,0.0,0.0,0.0,0.0,0.0,0.04999999999999999,69.22,0.7688529326784166
18746260,2026-05-28 01:46:49+00:00,0.4649999999999999,0,0.0,0.0,0.0,0.0,0.0,0.0,0.04999999999999999,69.22,0.7688529326784166
18746260,2026-05-28 01:46:50+00:00,0.4649999999999999,0,0.0,0.0,0.0,0.0,0.0,0.0,0.04999999999999999,69.22,0.7688529326784166
18746260,2026-05-28 01:46:51+00:00,0.4649999999999999,0,0.0,0.0,0.0,0.0,0.0,0.0,0.04999999999999999,69.22,0.7688529326784166
18746260,2026-05-28 01:46:52+00:00,0.4649999999999999,0,0.0,0.0,0.0,0.0,0.0,0.0,0.04999999999999999,69.22,0.7688529326784166
18746260,2026-05-28 01:46:53+00:00,0.4649999999999999,0,0.0,0.0,0.0,0.0,0.0,0.0,0.04999999999999999,69.22,0.7688529326784166
18746260,2026-05-28 01:46:54+00:00,0.4649999999999999,0,0.0,0.0,0.0,0.0,0.0,0.0,0.04999999999999999,69.22,0.7688529326784166
18746260,2026-05-28 01:46:55+00:00,0.4649999999999999,0,0.0,0.0,0.0,0.0,0.0,0.0,0.04999999999999999,69.22,0.7688529326784166
18746260,2026-05-28 01:46:56+00:00,0.4649999999999999,0,0.0,0.0,0.0,0.0,0.0,0.0,0.04999999999999999,69.22,0.7688529326784166
18746260,2026-05-28 01:46:57+00:00,0.4649999999999999,0,0.0,0.0,0.0,0.0,0.0,0.0,0.04999999999999999,69.22,0.7688529326784166
18746260,2026-05-28 01:46:58+00:00,0.4649999999999999,0,0.0,0.0,0.0,0.0,0.0,0.0,0.04999999999999999,69.22,0.7688529326784166
18746260,2026-05-28 01:46:59+00:00,0.4649999999999999,0,0.0,0.0,0.0,0.0,0.0,0.0,0.04999999999999999,69.22,0.7688529326784166
18746260,2026-05-28 01:47:00+00:00,0.4649999999999999,0,0.0,0.0,0.0,0.0,0.0,0.0,0.04999999999999999,69.22,0.7688529326784166
18746260,2026-05-28 01:47:01+00:00,0.4649999999999999,0,0.0,0.0,0.0,0.0,0.0,0.0,0.04999999999999999,69.22,0.7688529326784166
18746260,2026-05-28 01:47:02+00:00,0.4649999999999999,0,0.0,0.0,0.0,0.0,0.0,0.0,0.04999999999999999,69.22,0.7688529326784166
18746260,2026-05-28 01:47:03+00:00,0.4649999999999999,0,0.0,0.0,0.0,0.0,0.0,0.0,0.04999999999999999,69.22,0.7688529326784166
18746260,2026-05-28 01:47:04+00:00,0.4649999999999999,0,0.0,0.0,0.0,0.0,0.0,0.0,0.04999999999999999,69.22,0.7688529326784166
18746260,2026-05-28 01:47:05+00:00,0.4649999999999999,0,0.0,0.0,0.0,0.0,0.0,0.0,0.04999999999999999,69.22,0.7688529326784166
18746260,2026-05-28 01:47:06+00:00,0.4649999999999999,0,0.0,0.0,0.0,0.0,0.0,0.0,0.04999999999999999,69.22,0.7688529326784166
18746260,2026-05-28 01:47:07+00:00,0.4649999999999999,0,0.0,0.0,0.0,0.0,0.0,0.0,0.04999999999999999,69.22,0.7688529326784166
18746260,2026-05-28 01:47:08+00:00,0.4649999999999999,0,0.0,0.0,0.0,0.0,0.0,0.0,0.04999999999999999,69.22,0.7688529326784166
18746260,2026-05-28 01:47:09+00:00,0.4649999999999999,0,0.0,0.0,0.0,0.0,0.0,0.0,0.04999999999999999,69.22,0.7688529326784166
18746260,2026-05-28 01:47:10+00:00,0.4649999999999999,0,0.0,0.0,0.0,0.0,0.0,0.0,0.04999999999999999,69.22,0.7688529326784166
18746260,2026-05-28 01:47:11+00:00,0.4649999999999999,0,0.0,0.0,0.0,0.0,0.0,0.0,0.04999999999999999,69.22,0.7688529326784166
18746260,2026-05-28 01:47:12+00:00,0.4649999999999999,0,0.0,0.0,0.0,0.0,0.0,0.0,0.04999999999999999,69.22,0.7688529326784166
18746260,2026-05-28 01:47:13+00:00,0.4649999999999999,0,0.0,0.0,0.0,0.0,0.0,0.0,0.04999999999999999,69.22,0.7688529326784166
18746260,2026-05-28 01:47:14+00:00,0.4649999999999999,0,0.0,0.0,0.0,0.0,0.0,0.0,0.04999999999999999,69.22,0.7688529326784166
18746260,2026-05-28 01:47:15+00:00,0.4649999999999999,0,0.0,0.0,0.0,0.0,0.0,0.0,0.04999999999999999,69.22,0.7688529326784166
18746260,2026-05-28 01:47:16+00:00,0.4649999999999999,0,0.0,0.0,0.0,0.0,0.0,0.0,0.04999999999999999,69.22,0.7688529326784166
18746260,2026-05-28 01:47:17+00:00,0.4649999999999999,0,0.0,0.0,0.0,0.0,0.0,0.0,0.04999999999999999,69.22,0.7688529326784166
18746260,2026-05-28 01:47:18+00:00,0.4649999999999999,0,0.0,0.0,0.0,0.0,0.0,0.0,0.04999999999999999,69.22,0.7688529326784166
18746260,2026-05-28 01:47:19+00:00,0.4649999999999999,0,0.0,0.0,0.0,0.0,0.0,0.0,0.04999999999999999,69.22,0.7688529326784166
18746260,2026-05-28 01:47:20+00:00,0.4649999999999999,0,0.0,0.0,0.0,0.0,0.0,0.0,0.04999999999999999,69.22,0.7688529326784166
18746260,2026-05-28 01:47:21+00:00,0.4649999999999999,0,0.0,0.0,0.0,0.0,0.0,0.0,0.04999999999999999,69.22,0.7688529326784166
18746260,2026-05-28 01:47:22+00:00,0.4649999999999999,0,0.0,0.0,0.0,0.0,0.0,0.0,0.04999999999999999,69.22,0.7688529326784166
18746260,2026-05-28 01:47:23+00:00,0.4649999999999999,0,0.0,0.0,0.0,0.0,0.0,0.0,0.04999999999999999,69.22,0.7688529326784166
18746260,2026-05-28 01:47:24+00:00,0.4649999999999999,0,0.0,0.0,0.0,0.0,0.0,0.0,0.04999999999999999,69.22,0.7688529326784166
18746260,2026-05-28 01:47:25+00:00,0.4649999999999999,0,0.0,0.0,0.0,0.0,0.0,0.0,0.04999999999999999,69.22,0.7688529326784166
18746260,2026-05-28 01:47:26+00:00,0.4649999999999999,0,0.0,0.0,0.0,0.0,0.0,0.0,0.04999999999999999,69.22,0.7688529326784166
18746260,2026-05-28 01:47:27+00:00,0.4649999999999999,0,0.0,0.0,0.0,0.0,0.0,0.0,0.04999999999999999,69.22,0.7688529326784166
18746260,2026-05-28 01:47:28+00:00,0.4649999999999999,0,0.0,0.0,0.0,0.0,0.0,0.0,0.04999999999999999,69.22,0.7688529326784166
18746260,2026-05-28 01:47:29+00:00,0.4649999999999999,0,0.0,0.0,0.0,0.0,0.0,0.0,0.04999999999999999,69.22,0.7688529326784166
18746260,2026-05-28 01:47:30+00:00,0.4649999999999999,0,0.0,0.0,0.0,0.0,0.0,0.0,0.04999999999999999,69.22,0.7688529326784166
18746260,2026-05-28 01:47:31+00:00,0.4649999999999999,0,0.0,0.0,0.0,0.0,0.0,0.0,0.04999999999999999,69.22,0.7688529326784166
18746260,2026-05-28 01:47:32+00:00,0.4649999999999999,0,0.0,0.0,0.0,0.0,0.0,0.0,0.04999999999999999,69.22,0.7688529326784166
18746260,2026-05-28 01:47:33+00:00,0.4649999999999999,0,0.0,0.0,0.0,0.0,0.0,0.0,0.04999999999999999,69.22,0.7688529326784166
18746260,2026-05-28 01:47:34+00:00,0.4649999999999999,0,0.0,0.0,0.0,0.0,0.0,0.0,0.04999999999999999,69.22,0.7688529326784166
18746260,2026-05-28 01:47:35+00:00,0.4649999999999999,0,0.0,0.0,0.0,0.0,0.0,0.0,0.04999999999999999,69.22,0.7688529326784166
18746260,2026-05-28 01:47:36+00:00,0.4649999999999999,0,0.0,0.0,0.0,0.0,0.0,0.0,0.04999999999999999,69.22,0.7688529326784166
18746260,2026-05-28 01:47:37+00:00,0.4649999999999999,0,0.0,0.0,0.0,0.0,0.0,0.0,0.04999999999999999,69.22,0.7688529326784166
18746260,2026-05-28 01:47:38+00:00,0.4649999999999999,0,0.0,0.0,0.0,0.0,0.0,0.0,0.04999999999999999,69.22,0.7688529326784166
18746260,2026-05-28 01:47:39+00:00,0.4649999999999999,0,0.0,0.0,0.0,0.0,0.0,0.0,0.04999999999999999,69.22,0.7688529326784166
18746260,2026-05-28 01:47:40+00:00,0.4649999999999999,0,0.0,0.0,0.0,0.0,0.0,0.0,0.04999999999999999,69.22,0.7688529326784166
18746260,2026-05-28 01:47:41+00:00,0.4649999999999999,0,0.0,0.0,0.0,0.0,0.0,0.0,0.04999999999999999,69.22,0.7688529326784166
18746260,2026-05-28 01:47:42+00:00,0.4649999999999999,0,0.0,0.0,0.0,0.0,0.0,0.0,0.04999999999999999,69.22,0.7688529326784166
18746260,2026-05-28 01:47:43+00:00,0.4649999999999999,0,0.0,0.0,0.0,0.0,0.0,0.0,0.04999999999999999,69.22,0.7688529326784166
18746260,2026-05-28 01:47:44+00:00,0.4649999999999999,0,0.0,0.0,0.0,0.0,0.0,0.0,0.04999999999999999,69.22,0.7688529326784166
18746260,2026-05-28 01:47:45+00:00,0.4649999999999999,0,0.0,0.0,0.0,0.0,0.0,0.0,0.04999999999999999,69.22,0.7688529326784166
18746260,2026-05-28 01:47:46+00:00,0.4649999999999999,0,0.0,0.0,0.0,0.0,0.0,0.0,0.04999999999999999,69.22,0.7688529326784166
18746260,2026-05-28 01:47:47+00:00,0.4649999999999999,0,0.0,0.0,0.0,0.0,0.0,0.0,0.04999999999999999,69.22,0.7688529326784166
18746260,2026-05-28 01:47:48+00:00,0.4649999999999999,0,0.0,0.0,0.0,0.0,0.0,0.0,0.04999999999999999,69.22,0.7688529326784166
18746260,2026-05-28 01:47:49+00:00,0.4649999999999999,0,0.0,0.0,0.0,0.0,0.0,0.0,0.04999999999999999,69.22,0.7688529326784166
18746260,2026-05-28 01:47:50+00:00,0.4649999999999999,0,0.0,0.0,0.0,0.0,0.0,0.0,0.04999999999999999,69.22,0.7688529326784166
18746260,2026-05-28 01:47:51+00:00,0.4649999999999999,0,0.0,0.0,0.0,0.0,0.0,0.0,0.04999999999999999,69.22,0.7688529326784166
18746260,2026-05-28 01:47:52+00:00,0.4649999999999999,0,0.0,0.0,0.0,0.0,0.0,0.0,0.04999999999999999,69.22,0.7688529326784166
18746260,2026-05-28 01:47:53+00:00,0.4649999999999999,0,0.0,0.0,0.0,0.0,0.0,0.0,0.04999999999999999,69.22,0.7688529326784166
18746260,2026-05-28 01:47:54+00:00,0.4649999999999999,0,0.0,0.0,0.0,0.0,0.0,0.0,0.04999999999999999,69.22,0.7688529326784166
18746260,2026-05-28 01:47:55+00:00,0.4649999999999999,0,0.0,0.0,0.0,0.0,0.0,0.0,0.04999999999999999,69.22,0.7688529326784166
18746260,2026-05-28 01:47:56+00:00,0.4649999999999999,0,0.0,0.0,0.0,0.0,0.0,0.0,0.04999999999999999,69.22,0.7688529326784166
18746260,2026-05-28 01:47:57+00:00,0.4649999999999999,0,0.0,0.0,0.0,0.0,0.0,0.0,0.04999999999999999,69.22,0.7688529326784166
18746260,2026-05-28 01:47:58+00:00,0.4649999999999999,0,0.0,0.0,0.0,0.0,0.0,0.0,0.04999999999999999,69.22,0.7688529326784166
18746260,2026-05-28 01:47:59+00:00,0.4649999999999999,0,0.0,0.0,0.0,0.0,0.0,0.0,0.04999999999999999,69.22,0.7688529326784166
18746260,2026-05-28 01:48:00+00:00,0.4649999999999999,0,0.0,0.0,0.0,0.0,0.0,0.0,0.04999999999999999,69.22,0.7688529326784166
18746260,2026-05-28 01:48:01+00:00,0.4649999999999999,0,0.0,0.0,0.0,0.0,0.0,0.0,0.04999999999999999,69.22,0.7688529326784166
18746260,2026-05-28 01:48:02+00:00,0.4649999999999999,0,0.0,0.0,0.0,0.0,0.0,0.0,0.04999999999999999,69.22,0.7688529326784166
18746260,2026-05-28 01:48:03+00:00,0.4649999999999999,0,0.0,0.0,0.0,0.0,0.0,0.0,0.04999999999999999,69.22,0.7688529326784166
18746260,2026-05-28 01:48:04+00:00,0.4649999999999999,0,0.0,0.0,0.0,0.0,0.0,0.0,0.04999999999999999,69.22,0.7688529326784166
18746260,2026-05-28 01:48:05+00:00,0.4649999999999999,0,0.0,0.0,0.0,0.0,0.0,0.0,0.04999999999999999,69.22,0.7688529326784166
18746260,2026-05-28 01:48:06+00:00,0.4649999999999999,0,0.0,0.0,0.0,0.0,0.0,0.0,0.04999999999999999,69.22,0.7688529326784166
18746260,2026-05-28 01:48:07+00:00,0.4649999999999999,0,0.0,0.0,0.0,0.0,0.0,0.0,0.04999999999999999,69.22,0.7688529326784166
18746260,2026-05-28 01:48:08+00:00,0.4649999999999999,0,0.0,0.0,0.0,0.0,0.0,0.0,0.04999999999999999,69.22,0.7688529326784166
18746260,2026-05-28 01:48:09+00:00,0.4649999999999999,0,0.0,0.0,0.0,0.0,0.0,0.0,0.04999999999999999,69.22,0.7688529326784166
18746260,2026-05-28 01:48:10+00:00,0.4649999999999999,0,0.0,0.0,0.0,0.0,0.0,0.0,0.04999999999999999,69.22,0.7688529326784166
18746260,2026-05-28 01:48:11+00:00,0.4649999999999999,0,0.0,0.0,0.0,0.0,0.0,0.0,0.04999999999999999,69.22,0.7688529326784166
18746260,2026-05-28 01:48:12+00:00,0.4649999999999999,0,0.0,0.0,0.0,0.0,0.0,0.0,0.04999999999999999,69.22,0.7688529326784166
18746260,2026-05-28 01:48:13+00:00,0.4649999999999999,0,0.0,0.0,0.0,0.0,0.0,0.0,0.04999999999999999,69.22,0.7688529326784166
18746260,2026-05-28 01:48:14+00:00,0.4649999999999999,0,0.0,0.0,0.0,0.0,0.0,0.0,0.04999999999999999,69.22,0.7688529326784166
18746260,2026-05-28 01:48:15+00:00,0.4649999999999999,0,0.0,0.0,0.0,0.0,0.0,0.0,0.04999999999999999,69.22,0.7688529326784166
18746260,2026-05-28 01:48:16+00:00,0.4649999999999999,0,0.0,0.0,0.0,0.0,0.0,0.0,0.04999999999999999,69.22,0.7688529326784166
18746260,2026-05-28 01:48:17+00:00,0.4649999999999999,0,0.0,0.0,0.0,0.0,0.0,0.0,0.04999999999999999,69.22,0.7688529326784166
18746260,2026-05-28 01:48:18+00:00,0.4649999999999999,0,0.0,0.0,0.0,0.0,0.0,0.0,0.04999999999999999,69.22,0.7688529326784166
18746260,2026-05-28 01:48:19+00:00,0.4649999999999999,0,0.0,0.0,0.0,0.0,0.0,0.0,0.04999999999999999,69.22,0.7688529326784166
18746260,2026-05-28 01:48:20+00:00,0.4649999999999999,0,0.0,0.0,0.0,0.0,0.0,0.0,0.04999999999999999,69.22,0.7688529326784166
18746260,2026-05-28 01:48:21+00:00,0.4649999999999999,0,0.0,0.0,0.0,0.0,0.0,0.0,0.04999999999999999,69.22,0.7688529326784166
18746260,2026-05-28 01:48:22+00:00,0.4649999999999999,0,0.0,0.0,0.0,0.0,0.0,0.0,0.04999999999999999,69.22,0.7688529326784166
18746260,2026-05-28 01:48:23+00:00,0.4649999999999999,0,0.0,0.0,0.0,0.0,0.0,0.0,0.04999999999999999,69.22,0.7688529326784166
18746260,2026-05-28 01:48:24+00:00,0.4649999999999999,0,0.0,0.0,0.0,0.0,0.0,0.0,0.04999999999999999,69.22,0.7688529326784166
18746260,2026-05-28 01:48:25+00:00,0.4649999999999999,0,0.0,0.0,0.0,0.0,0.0,0.0,0.04999999999999999,69.22,0.7688529326784166
18746260,2026-05-28 01:48:26+00:00,0.4649999999999999,0,0.0,0.0,0.0,0.0,0.0,0.0,0.04999999999999999,69.22,0.7688529326784166
18746260,2026-05-28 01:48:27+00:00,0.4649999999999999,0,0.0,0.0,0.0,0.0,0.0,0.0,0.04999999999999999,69.22,0.7688529326784166
18746260,2026-05-28 01:48:28+00:00,0.4649999999999999,0,0.0,0.0,0.0,0.0,0.0,0.0,0.04999999999999999,69.22,0.7688529326784166
18746260,2026-05-28 01:48:29+00:00,0.4649999999999999,0,0.0,0.0,0.0,0.0,0.0,0.0,0.04999999999999999,69.22,0.7688529326784166
18746260,2026-05-28 01:48:30+00:00,0.4649999999999999,0,0.0,0.0,0.0,0.0,0.0,0.0,0.04999999999999999,69.22,0.7688529326784166
18746260,2026-05-28 01:48:31+00:00,0.4649999999999999,0,0.0,0.0,0.0,0.0,0.0,0.0,0.04999999999999999,69.22,0.7688529326784166
18746260,2026-05-28 01:48:32+00:00,0.4649999999999999,0,0.0,0.0,0.0,0.0,0.0,0.0,0.04999999999999999,69.22,0.7688529326784166
18746260,2026-05-28 01:48:33+00:00,0.4649999999999999,0,0.0,0.0,0.0,0.0,0.0,0.0,0.04999999999999999,69.22,0.7688529326784166
18746260,2026-05-28 01:48:34+00:00,0.4649999999999999,0,0.0,0.0,0.0,0.0,0.0,0.0,0.04999999999999999,69.22,0.7688529326784166
18746260,2026-05-28 01:48:35+00:00,0.4649999999999999,0,0.0,0.0,0.0,0.0,0.0,0.0,0.04999999999999999,69.22,0.7688529326784166
18746260,2026-05-28 01:48:36+00:00,0.4649999999999999,0,0.0,0.0,0.0,0.0,0.0,0.0,0.04999999999999999,69.22,0.7688529326784166
18746260,2026-05-28 01:48:37+00:00,0.4649999999999999,0,0.0,0.0,0.0,0.0,0.0,0.0,0.04999999999999999,69.22,0.7688529326784166
18746260,2026-05-28 01:48:38+00:00,0.4649999999999999,0,0.0,0.0,0.0,0.0,0.0,0.0,0.04999999999999999,69.22,0.7688529326784166
18746260,2026-05-28 01:48:39+00:00,0.4649999999999999,0,0.0,0.0,0.0,0.0,0.0,0.0,0.04999999999999999,69.22,0.7688529326784166
18746260,2026-05-28 01:48:40+00:00,0.4649999999999999,0,0.0,0.0,0.0,0.0,0.0,0.0,0.04999999999999999,69.22,0.7688529326784166
18746260,2026-05-28 01:48:41+00:00,0.4649999999999999,0,0.0,0.0,0.0,0.0,0.0,0.0,0.04999999999999999,69.22,0.7688529326784166
18746260,2026-05-28 01:48:42+00:00,0.4649999999999999,0,0.0,0.0,0.0,0.0,0.0,0.0,0.04999999999999999,69.22,0.7688529326784166
18746260,2026-05-28 01:48:43+00:00,0.4649999999999999,0,0.0,0.0,0.0,0.0,0.0,0.0,0.04999999999999999,69.22,0.7688529326784166
18746260,2026-05-28 01:48:44+00:00,0.4649999999999999,0,0.0,0.0,0.0,0.0,0.0,0.0,0.04999999999999999,69.22,0.7688529326784166
18746260,2026-05-28 01:48:45+00:00,0.4649999999999999,0,0.0,0.0,0.0,0.0,0.0,0.0,0.04999999999999999,69.22,0.7688529326784166
18746260,2026-05-28 01:48:46+00:00,0.4649999999999999,0,0.0,0.0,0.0,0.0,0.0,0.0,0.04999999999999999,69.22,0.7688529326784166
18746260,2026-05-28 01:48:47+00:00,0.4649999999999999,0,0.0,0.0,0.0,0.0,0.0,0.0,0.04999999999999999,69.22,0.7688529326784166
18746260,2026-05-28 01:48:48+00:00,0.4649999999999999,0,0.0,0.0,0.0,0.0,0.0,0.0,0.04999999999999999,69.22,0.7688529326784166
18746260,2026-05-28 01:48:49+00:00,0.4649999999999999,0,0.0,0.0,0.0,0.0,0.0,0.0,0.04999999999999999,69.22,0.7688529326784166
18746260,2026-05-28 01:48:50+00:00,0.4649999999999999,0,0.0,0.0,0.0,0.0,0.0,0.0,0.04999999999999999,69.22,0.7688529326784166
18746260,2026-05-28 01:48:51+00:00,0.4649999999999999,0,0.0,0.0,0.0,0.0,0.0,0.0,0.04999999999999999,69.22,0.7688529326784166
18746260,2026-05-28 01:48:52+00:00,0.4649999999999999,0,0.0,0.0,0.0,0.0,0.0,0.0,0.04999999999999999,69.22,0.7688529326784166
18746260,2026-05-28 01:48:53+00:00,0.4649999999999999,0,0.0,0.0,0.0,0.0,0.0,0.0,0.04999999999999999,69.22,0.7688529326784166
18746260,2026-05-28 01:48:54+00:00,0.4649999999999999,0,0.0,0.0,0.0,0.0,0.0,0.0,0.04999999999999999,69.22,0.7688529326784166
18746260,2026-05-28 01:48:55+00:00,0.4649999999999999,0,0.0,0.0,0.0,0.0,0.0,0.0,0.04999999999999999,69.22,0.7688529326784166
18746260,2026-05-28 01:48:56+00:00,0.4649999999999999,0,0.0,0.0,0.0,0.0,0.0,0.0,0.04999999999999999,69.22,0.7688529326784166
18746260,2026-05-28 01:48:57+00:00,0.4649999999999999,0,0.0,0.0,0.0,0.0,0.0,0.0,0.04999999999999999,69.22,0.7688529326784166
18746260,2026-05-28 01:48:58+00:00,0.4649999999999999,0,0.0,0.0,0.0,0.0,0.0,0.0,0.04999999999999999,69.22,0.7688529326784166
18746260,2026-05-28 01:48:59+00:00,0.4649999999999999,0,0.0,0.0,0.0,0.0,0.0,0.0,0.04999999999999999,69.22,0.7688529326784166
18746260,2026-05-28 01:49:00+00:00,0.4649999999999999,0,0.0,0.0,0.0,0.0,0.0,0.0,0.04999999999999999,69.22,0.7688529326784166
18746260,2026-05-28 01:49:01+00:00,0.4649999999999999,0,0.0,0.0,0.0,0.0,0.0,0.0,0.04999999999999999,69.22,0.7688529326784166
18746260,2026-05-28 01:49:02+00:00,0.4649999999999999,0,0.0,0.0,0.0,0.0,0.0,0.0,0.04999999999999999,69.22,0.7688529326784166
18746260,2026-05-28 01:49:03+00:00,0.4649999999999999,0,0.0,0.0,0.0,0.0,0.0,0.0,0.04999999999999999,69.22,0.7688529326784166
18746260,2026-05-28 01:49:04+00:00,0.4649999999999999,0,0.0,0.0,0.0,0.0,0.0,0.0,0.04999999999999999,69.22,0.7688529326784166
18746260,2026-05-28 01:49:05+00:00,0.4649999999999999,0,0.0,0.0,0.0,0.0,0.0,0.0,0.04999999999999999,69.22,0.7688529326784166
18746260,2026-05-28 01:49:06+00:00,0.4649999999999999,0,0.0,0.0,0.0,0.0,0.0,0.0,0.04999999999999999,69.22,0.7688529326784166
18746260,2026-05-28 01:49:07+00:00,0.4649999999999999,0,0.0,0.0,0.0,0.0,0.0,0.0,0.04999999999999999,69.22,0.7688529326784166
18746260,2026-05-28 01:49:08+00:00,0.4649999999999999,0,0.0,0.0,0.0,0.0,0.0,0.0,0.04999999999999999,69.22,0.7688529326784166
18746260,2026-05-28 01:49:09+00:00,0.4649999999999999,0,0.0,0.0,0.0,0.0,0.0,0.0,0.04999999999999999,69.22,0.7688529326784166
18746260,2026-05-28 01:49:10+00:00,0.4649999999999999,0,0.0,0.0,0.0,0.0,0.0,0.0,0.04999999999999999,69.22,0.7688529326784166
18746260,2026-05-28 01:49:11+00:00,0.4649999999999999,0,0.0,0.0,0.0,0.0,0.0,0.0,0.04999999999999999,69.22,0.7688529326784166
18746260,2026-05-28 01:49:12+00:00,0.4649999999999999,0,0.0,0.0,0.0,0.0,0.0,0.0,0.04999999999999999,69.22,0.7688529326784166
18746260,2026-05-28 01:49:13+00:00,0.4649999999999999,0,0.0,0.0,0.0,0.0,0.0,0.0,0.04999999999999999,69.22,0.7688529326784166
18746260,2026-05-28 01:49:14+00:00,0.4649999999999999,0,0.0,0.0,0.0,0.0,0.0,0.0,0.04999999999999999,69.22,0.7688529326784166
18746260,2026-05-28 01:49:15+00:00,0.4649999999999999,0,0.0,0.0,0.0,0.0,0.0,0.0,0.04999999999999999,69.22,0.7688529326784166
18746260,2026-05-28 01:49:16+00:00,0.4649999999999999,0,0.0,0.0,0.0,0.0,0.0,0.0,0.04999999999999999,69.22,0.7688529326784166
18746260,2026-05-28 01:49:17+00:00,0.4649999999999999,0,0.0,0.0,0.0,0.0,0.0,0.0,0.04999999999999999,69.22,0.7688529326784166
18746260,2026-05-28 01:49:18+00:00,0.4649999999999999,0,0.0,0.0,0.0,0.0,0.0,0.0,0.04999999999999999,69.22,0.7688529326784166
18746260,2026-05-28 01:49:19+00:00,0.4649999999999999,0,0.0,0.0,0.0,0.0,0.0,0.0,0.04999999999999999,69.22,0.7688529326784166
18746260,2026-05-28 01:49:20+00:00,0.4649999999999999,0,0.0,0.0,0.0,0.0,0.0,0.0,0.04999999999999999,69.22,0.7688529326784166
18746260,2026-05-28 01:49:21+00:00,0.4649999999999999,0,0.0,0.0,0.0,0.0,0.0,0.0,0.04999999999999999,69.22,0.7688529326784166
18746260,2026-05-28 01:49:22+00:00,0.4649999999999999,0,0.0,0.0,0.0,0.0,0.0,0.0,0.04999999999999999,69.22,0.7688529326784166
18746260,2026-05-28 01:49:23+00:00,0.4649999999999999,0,0.0,0.0,0.0,0.0,0.0,0.0,0.04999999999999999,69.22,0.7688529326784166
18746260,2026-05-28 01:49:24+00:00,0.4649999999999999,0,0.0,0.0,0.0,0.0,0.0,0.0,0.04999999999999999,69.22,0.7688529326784166
18746260,2026-05-28 01:49:25+00:00,0.4649999999999999,0,0.0,0.0,0.0,0.0,0.0,0.0,0.04999999999999999,69.22,0.7688529326784166
18746260,2026-05-28 01:49:26+00:00,0.4649999999999999,0,0.0,0.0,0.0,0.0,0.0,0.0,0.04999999999999999,69.22,0.7688529326784166
18746260,2026-05-28 01:49:27+00:00,0.4649999999999999,0,0.0,0.0,0.0,0.0,0.0,0.0,0.04999999999999999,69.22,0.7688529326784166
18746260,2026-05-28 01:49:28+00:00,0.4649999999999999,0,0.0,0.0,0.0,0.0,0.0,0.0,0.04999999999999999,69.22,0.7688529326784166
18746260,2026-05-28 01:49:29+00:00,0.4649999999999999,0,0.0,0.0,0.0,0.0,0.0,0.0,0.04999999999999999,69.22,0.7688529326784166
18746260,2026-05-28 01:49:30+00:00,0.4649999999999999,0,0.0,0.0,0.0,0.0,0.0,0.0,0.04999999999999999,69.22,0.7688529326784166
18746260,2026-05-28 01:49:31+00:00,0.4649999999999999,0,0.0,0.0,0.0,0.0,0.0,0.0,0.04999999999999999,69.22,0.7688529326784166
18746260,2026-05-28 01:49:32+00:00,0.4649999999999999,0,0.0,0.0,0.0,0.0,0.0,0.0,0.04999999999999999,69.22,0.7688529326784166
18746260,2026-05-28 01:49:33+00:00,0.4649999999999999,0,0.0,0.0,0.0,0.0,0.0,0.0,0.04999999999999999,69.22,0.7688529326784166
18746260,2026-05-28 01:49:34+00:00,0.4649999999999999,0,0.0,0.0,0.0,0.0,0.0,0.0,0.04999999999999999,69.22,0.7688529326784166
18746260,2026-05-28 01:49:35+00:00,0.4649999999999999,0,0.0,0.0,0.0,0.0,0.0,0.0,0.04999999999999999,69.22,0.7688529326784166
18746260,2026-05-28 01:49:36+00:00,0.4649999999999999,0,0.0,0.0,0.0,0.0,0.0,0.0,0.04999999999999999,69.22,0.7688529326784166
18746260,2026-05-28 01:49:37+00:00,0.4649999999999999,0,0.0,0.0,0.0,0.0,0.0,0.0,0.04999999999999999,69.22,0.7688529326784166
18746260,2026-05-28 01:49:38+00:00,0.4649999999999999,0,0.0,0.0,0.0,0.0,0.0,0.0,0.04999999999999999,69.22,0.7688529326784166
18746260,2026-05-28 01:49:39+00:00,0.4649999999999999,0,0.0,0.0,0.0,0.0,0.0,0.0,0.04999999999999999,69.22,0.7688529326784166
18746260,2026-05-28 01:49:40+00:00,0.4649999999999999,0,0.0,0.0,0.0,0.0,0.0,0.0,0.04999999999999999,69.22,0.7688529326784166
18746260,2026-05-28 01:49:41+00:00,0.4649999999999999,0,0.0,0.0,0.0,0.0,0.0,0.0,0.04999999999999999,69.22,0.7688529326784166
18746260,2026-05-28 01:49:42+00:00,0.4649999999999999,0,0.0,0.0,0.0,0.0,0.0,0.0,0.04999999999999999,69.22,0.7688529326784166
18746260,2026-05-28 01:49:43+00:00,0.4649999999999999,0,0.0,0.0,0.0,0.0,0.0,0.0,0.04999999999999999,69.22,0.7688529326784166
18746260,2026-05-28 01:49:44+00:00,0.4649999999999999,0,0.0,0.0,0.0,0.0,0.0,0.0,0.04999999999999999,69.22,0.7688529326784166
18746260,2026-05-28 01:49:45+00:00,0.4649999999999999,0,0.0,0.0,0.0,0.0,0.0,0.0,0.04999999999999999,69.22,0.7688529326784166
18746260,2026-05-28 01:49:46+00:00,0.4649999999999999,0,0.0,0.0,0.0,0.0,0.0,0.0,0.04999999999999999,69.22,0.7688529326784166
18746260,2026-05-28 01:49:47+00:00,0.4649999999999999,0,0.0,0.0,0.0,0.0,0.0,0.0,0.04999999999999999,69.22,0.7688529326784166
18746260,2026-05-28 01:49:48+00:00,0.4649999999999999,0,0.0,0.0,0.0,0.0,0.0,0.0,0.04999999999999999,69.22,0.7688529326784166
18746260,2026-05-28 01:49:49+00:00,0.4649999999999999,0,0.0,0.0,0.0,0.0,0.0,0.0,0.04999999999999999,69.22,0.7688529326784166
18746260,2026-05-28 01:49:50+00:00,0.4649999999999999,0,0.0,0.0,0.0,0.0,0.0,0.0,0.04999999999999999,69.22,0.7688529326784166
18746260,2026-05-28 01:49:51+00:00,0.4649999999999999,0,0.0,0.0,0.0,0.0,0.0,0.0,0.04999999999999999,69.22,0.7688529326784166
18746260,2026-05-28 01:49:52+00:00,0.4649999999999999,0,0.0,0.0,0.0,0.0,0.0,0.0,0.04999999999999999,69.22,0.7688529326784166
18746260,2026-05-28 01:49:53+00:00,0.4649999999999999,0,0.0,0.0,0.0,0.0,0.0,0.0,0.04999999999999999,69.22,0.7688529326784166
18746260,2026-05-28 01:49:54+00:00,0.4649999999999999,0,0.0,0.0,0.0,0.0,0.0,0.0,0.04999999999999999,69.22,0.7688529326784166
18746260,2026-05-28 01:49:55+00:00,0.4649999999999999,0,0.0,0.0,0.0,0.0,0.0,0.0,0.04999999999999999,69.22,0.7688529326784166
18746260,2026-05-28 01:49:56+00:00,0.4649999999999999,0,0.0,0.0,0.0,0.0,0.0,0.0,0.04999999999999999,69.22,0.7688529326784166
18746260,2026-05-28 01:49:57+00:00,0.4649999999999999,0,0.0,0.0,0.0,0.0,0.0,0.0,0.04999999999999999,69.22,0.7688529326784166
18746260,2026-05-28 01:49:58+00:00,0.4649999999999999,0,0.0,0.0,0.0,0.0,0.0,0.0,0.04999999999999999,69.22,0.7688529326784166
18746260,2026-05-28 01:49:59+00:00,0.4649999999999999,0,0.0,0.0,0.0,0.0,0.0,0.0,0.04999999999999999,69.22,0.7688529326784166
18746260,2026-05-28 01:50:00+00:00,0.4649999999999999,0,0.0,0.0,0.0,0.0,0.0,0.0,0.04999999999999999,69.22,0.7688529326784166
18746260,2026-05-28 01:50:01+00:00,0.4649999999999999,0,0.0,0.0,0.0,0.0,0.0,0.0,0.04999999999999999,69.22,0.7688529326784166
18746260,2026-05-28 01:50:02+00:00,0.4649999999999999,0,0.0,0.0,0.0,0.0,0.0,0.0,0.04999999999999999,69.22,0.7688529326784166
18746260,2026-05-28 01:50:03+00:00,0.4649999999999999,0,0.0,0.0,0.0,0.0,0.0,0.0,0.04999999999999999,69.22,0.7688529326784166
18746260,2026-05-28 01:50:04+00:00,0.4649999999999999,0,0.0,0.0,0.0,0.0,0.0,0.0,0.04999999999999999,69.22,0.7688529326784166
18746260,2026-05-28 01:50:05+00:00,0.4649999999999999,0,0.0,0.0,0.0,0.0,0.0,0.0,0.04999999999999999,69.22,0.7688529326784166
18746260,2026-05-28 01:50:06+00:00,0.4649999999999999,0,0.0,0.0,0.0,0.0,0.0,0.0,0.04999999999999999,69.22,0.7688529326784166
18746260,2026-05-28 01:50:07+00:00,0.4649999999999999,0,0.0,0.0,0.0,0.0,0.0,0.0,0.04999999999999999,69.22,0.7688529326784166
18746260,2026-05-28 01:50:08+00:00,0.4649999999999999,0,0.0,0.0,0.0,0.0,0.0,0.0,0.04999999999999999,69.22,0.7688529326784166
18746260,2026-05-28 01:50:09+00:00,0.4649999999999999,0,0.0,0.0,0.0,0.0,0.0,0.0,0.04999999999999999,69.22,0.7688529326784166
18746260,2026-05-28 01:50:10+00:00,0.4649999999999999,0,0.0,0.0,0.0,0.0,0.0,0.0,0.04999999999999999,69.22,0.7688529326784166
18746260,2026-05-28 01:50:11+00:00,0.4649999999999999,0,0.0,0.0,0.0,0.0,0.0,0.0,0.04999999999999999,69.22,0.7688529326784166
18746260,2026-05-28 01:50:12+00:00,0.4649999999999999,0,0.0,0.0,0.0,0.0,0.0,0.0,0.04999999999999999,69.22,0.7688529326784166
18746260,2026-05-28 01:50:13+00:00,0.4649999999999999,0,0.0,0.0,0.0,0.0,0.0,0.0,0.04999999999999999,69.22,0.7688529326784166
18746260,2026-05-28 01:50:14+00:00,0.4649999999999999,0,0.0,0.0,0.0,0.0,0.0,0.0,0.04999999999999999,69.22,0.7688529326784166
18746260,2026-05-28 01:50:15+00:00,0.4649999999999999,0,0.0,0.0,0.0,0.0,0.0,0.0,0.04999999999999999,69.22,0.7688529326784166
18746260,2026-05-28 01:50:16+00:00,0.4649999999999999,0,0.0,0.0,0.0,0.0,0.0,0.0,0.04999999999999999,69.22,0.7688529326784166
18746260,2026-05-28 01:50:17+00:00,0.4649999999999999,0,0.0,0.0,0.0,0.0,0.0,0.0,0.04999999999999999,69.22,0.7688529326784166
18746260,2026-05-28 01:50:18+00:00,0.4649999999999999,0,0.0,0.0,0.0,0.0,0.0,0.0,0.04999999999999999,69.22,0.7688529326784166
18746260,2026-05-28 01:50:19+00:00,0.4649999999999999,0,0.0,0.0,0.0,0.0,0.0,0.0,0.04999999999999999,69.22,0.7688529326784166
18746260,2026-05-28 01:50:20+00:00,0.4649999999999999,0,0.0,0.0,0.0,0.0,0.0,0.0,0.04999999999999999,69.22,0.7688529326784166
18746260,2026-05-28 01:50:21+00:00,0.4649999999999999,0,0.0,0.0,0.0,0.0,0.0,0.0,0.04999999999999999,69.22,0.7688529326784166
18746260,2026-05-28 01:50:22+00:00,0.4649999999999999,0,0.0,0.0,0.0,0.0,0.0,0.0,0.04999999999999999,69.22,0.7688529326784166
18746260,2026-05-28 01:50:23+00:00,0.4649999999999999,0,0.0,0.0,0.0,0.0,0.0,0.0,0.04999999999999999,69.22,0.7688529326784166
18746260,2026-05-28 01:50:24+00:00,0.4649999999999999,0,0.0,0.0,0.0,0.0,0.0,0.0,0.04999999999999999,69.22,0.7688529326784166
18746260,2026-05-28 01:50:25+00:00,0.4649999999999999,0,0.0,0.0,0.0,0.0,0.0,0.0,0.04999999999999999,69.22,0.7688529326784166
18746260,2026-05-28 01:50:26+00:00,0.4649999999999999,0,0.0,0.0,0.0,0.0,0.0,0.0,0.04999999999999999,69.22,0.7688529326784166
18746260,2026-05-28 01:50:27+00:00,0.4649999999999999,0,0.0,0.0,0.0,0.0,0.0,0.0,0.04999999999999999,69.22,0.7688529326784166
18746260,2026-05-28 01:50:28+00:00,0.4649999999999999,0,0.0,0.0,0.0,0.0,0.0,0.0,0.04999999999999999,69.22,0.7688529326784166
18746260,2026-05-28 01:50:29+00:00,0.4649999999999999,0,0.0,0.0,0.0,0.0,0.0,0.0,0.04999999999999999,69.22,0.7688529326784166
18746260,2026-05-28 01:50:30+00:00,0.4649999999999999,0,0.0,0.0,0.0,0.0,0.0,0.0,0.04999999999999999,69.22,0.7688529326784166
18746260,2026-05-28 01:50:31+00:00,0.4649999999999999,0,0.0,0.0,0.0,0.0,0.0,0.0,0.04999999999999999,69.22,0.7688529326784166
18746260,2026-05-28 01:50:32+00:00,0.4649999999999999,0,0.0,0.0,0.0,0.0,0.0,0.0,0.04999999999999999,69.22,0.7688529326784166
18746260,2026-05-28 01:50:33+00:00,0.4649999999999999,0,0.0,0.0,0.0,0.0,0.0,0.0,0.04999999999999999,69.22,0.7688529326784166
18746260,2026-05-28 01:50:34+00:00,0.4649999999999999,0,0.0,0.0,0.0,0.0,0.0,0.0,0.04999999999999999,69.22,0.7688529326784166
18746260,2026-05-28 01:50:35+00:00,0.4649999999999999,0,0.0,0.0,0.0,0.0,0.0,0.0,0.04999999999999999,69.22,0.7688529326784166
18746260,2026-05-28 01:50:36+00:00,0.4649999999999999,0,0.0,0.0,0.0,0.0,0.0,0.0,0.04999999999999999,69.22,0.7688529326784166
18746260,2026-05-28 01:50:37+00:00,0.4649999999999999,0,0.0,0.0,0.0,0.0,0.0,0.0,0.04999999999999999,69.22,0.7688529326784166
18746260,2026-05-28 01:50:38+00:00,0.4649999999999999,0,0.0,0.0,0.0,0.0,0.0,0.0,0.04999999999999999,69.22,0.7688529326784166
18746260,2026-05-28 01:50:39+00:00,0.4649999999999999,0,0.0,0.0,0.0,0.0,0.0,0.0,0.04999999999999999,69.22,0.7688529326784166
18746260,2026-05-28 01:50:40+00:00,0.4649999999999999,0,0.0,0.0,0.0,0.0,0.0,0.0,0.04999999999999999,69.22,0.7688529326784166
18746260,2026-05-28 01:50:41+00:00,0.4649999999999999,0,0.0,0.0,0.0,0.0,0.0,0.0,0.04999999999999999,69.22,0.7688529326784166
18746260,2026-05-28 01:50:42+00:00,0.4649999999999999,0,0.0,0.0,0.0,0.0,0.0,0.0,0.04999999999999999,69.22,0.7688529326784166
18746260,2026-05-28 01:50:43+00:00,0.4649999999999999,0,0.0,0.0,0.0,0.0,0.0,0.0,0.04999999999999999,69.22,0.7688529326784166
18746260,2026-05-28 01:50:44+00:00,0.4649999999999999,0,0.0,0.0,0.0,0.0,0.0,0.0,0.04999999999999999,69.22,0.7688529326784166
18746260,2026-05-28 01:50:45+00:00,0.4649999999999999,0,0.0,0.0,0.0,0.0,0.0,0.0,0.04999999999999999,69.22,0.7688529326784166
18746260,2026-05-28 01:50:46+00:00,0.4649999999999999,0,0.0,0.0,0.0,0.0,0.0,0.0,0.04999999999999999,69.22,0.7688529326784166
18746260,2026-05-28 01:50:47+00:00,0.4649999999999999,0,0.0,0.0,0.0,0.0,0.0,0.0,0.04999999999999999,69.22,0.7688529326784166
18746260,2026-05-28 01:50:48+00:00,0.4649999999999999,0,0.0,0.0,0.0,0.0,0.0,0.0,0.04999999999999999,69.22,0.7688529326784166
18746260,2026-05-28 01:50:49+00:00,0.4649999999999999,0,0.0,0.0,0.0,0.0,0.0,0.0,0.04999999999999999,69.22,0.7688529326784166
18746260,2026-05-28 01:50:50+00:00,0.4649999999999999,0,0.0,0.0,0.0,0.0,0.0,0.0,0.04999999999999999,69.22,0.7688529326784166
18746260,2026-05-28 01:50:51+00:00,0.4649999999999999,0,0.0,0.0,0.0,0.0,0.0,0.0,0.04999999999999999,69.22,0.7688529326784166
18746260,2026-05-28 01:50:52+00:00,0.4649999999999999,0,0.0,0.0,0.0,0.0,0.0,0.0,0.04999999999999999,69.22,0.7688529326784166
18746260,2026-05-28 01:50:53+00:00,0.4649999999999999,0,0.0,0.0,0.0,0.0,0.0,0.0,0.04999999999999999,69.22,0.7688529326784166
18746260,2026-05-28 01:50:54+00:00,0.4649999999999999,0,0.0,0.0,0.0,0.0,0.0,0.0,0.04999999999999999,69.22,0.7688529326784166
18746260,2026-05-28 01:50:55+00:00,0.4649999999999999,0,0.0,0.0,0.0,0.0,0.0,0.0,0.04999999999999999,69.22,0.7688529326784166
18746260,2026-05-28 01:50:56+00:00,0.4649999999999999,0,0.0,0.0,0.0,0.0,0.0,0.0,0.04999999999999999,69.22,0.7688529326784166
18746260,2026-05-28 01:50:57+00:00,0.4649999999999999,0,0.0,0.0,0.0,0.0,0.0,0.0,0.04999999999999999,69.22,0.7688529326784166
18746260,2026-05-28 01:50:58+00:00,0.4649999999999999,0,0.0,0.0,0.0,0.0,0.0,0.0,0.04999999999999999,69.22,0.7688529326784166
18746260,2026-05-28 01:50:59+00:00,0.4649999999999999,0,0.0,0.0,0.0,0.0,0.0,0.0,0.04999999999999999,69.22,0.7688529326784166
18746260,2026-05-28 01:51:00+00:00,0.4649999999999999,0,0.0,0.0,0.0,0.0,0.0,0.0,0.04999999999999999,69.22,0.7688529326784166
18746260,2026-05-28 01:51:01+00:00,0.4649999999999999,0,0.0,0.0,0.0,0.0,0.0,0.0,0.04999999999999999,69.22,0.7688529326784166
18746260,2026-05-28 01:51:02+00:00,0.4649999999999999,0,0.0,0.0,0.0,0.0,0.0,0.0,0.04999999999999999,69.22,0.7688529326784166
18746260,2026-05-28 01:51:03+00:00,0.4649999999999999,0,0.0,0.0,0.0,0.0,0.0,0.0,0.04999999999999999,69.22,0.7688529326784166
18746260,2026-05-28 01:51:04+00:00,0.4649999999999999,0,0.0,0.0,0.0,0.0,0.0,0.0,0.04999999999999999,69.22,0.7688529326784166
18746260,2026-05-28 01:51:05+00:00,0.4649999999999999,0,0.0,0.0,0.0,0.0,0.0,0.0,0.04999999999999999,69.22,0.7688529326784166
18746260,2026-05-28 01:51:06+00:00,0.4649999999999999,0,0.0,0.0,0.0,0.0,0.0,0.0,0.04999999999999999,69.22,0.7688529326784166
18746260,2026-05-28 01:51:07+00:00,0.4649999999999999,0,0.0,0.0,0.0,0.0,0.0,0.0,0.04999999999999999,69.22,0.7688529326784166
18746260,2026-05-28 01:51:08+00:00,0.4649999999999999,0,0.0,0.0,0.0,0.0,0.0,0.0,0.04999999999999999,69.22,0.7688529326784166
18746260,2026-05-28 01:51:09+00:00,0.4649999999999999,0,0.0,0.0,0.0,0.0,0.0,0.0,0.04999999999999999,69.22,0.7688529326784166
18746260,2026-05-28 01:51:10+00:00,0.4649999999999999,0,0.0,0.0,0.0,0.0,0.0,0.0,0.04999999999999999,69.22,0.7688529326784166
18746260,2026-05-28 01:51:11+00:00,0.4649999999999999,0,0.0,0.0,0.0,0.0,0.0,0.0,0.04999999999999999,69.22,0.7688529326784166
18746260,2026-05-28 01:51:12+00:00,0.4649999999999999,0,0.0,0.0,0.0,0.0,0.0,0.0,0.04999999999999999,69.22,0.7688529326784166
18746260,2026-05-28 01:51:13+00:00,0.4649999999999999,0,0.0,0.0,0.0,0.0,0.0,0.0,0.04999999999999999,69.22,0.7688529326784166
18746260,2026-05-28 01:51:14+00:00,0.4649999999999999,0,0.0,0.0,0.0,0.0,0.0,0.0,0.04999999999999999,69.22,0.7688529326784166
18746260,2026-05-28 01:51:15+00:00,0.4649999999999999,0,0.0,0.0,0.0,0.0,0.0,0.0,0.04999999999999999,69.22,0.7688529326784166
18746260,2026-05-28 01:51:16+00:00,0.4649999999999999,0,0.0,0.0,0.0,0.0,0.0,0.0,0.04999999999999999,69.22,0.7688529326784166
18746260,2026-05-28 01:51:17+00:00,0.4649999999999999,0,0.0,0.0,0.0,0.0,0.0,0.0,0.04999999999999999,69.22,0.7688529326784166
18746260,2026-05-28 01:51:18+00:00,0.4649999999999999,0,0.0,0.0,0.0,0.0,0.0,0.0,0.04999999999999999,69.22,0.7688529326784166
18746260,2026-05-28 01:51:19+00:00,0.4649999999999999,0,0.0,0.0,0.0,0.0,0.0,0.0,0.04999999999999999,69.22,0.7688529326784166
18746260,2026-05-28 01:51:20+00:00,0.4649999999999999,0,0.0,0.0,0.0,0.0,0.0,0.0,0.04999999999999999,69.22,0.7688529326784166
18746260,2026-05-28 01:51:21+00:00,0.4649999999999999,0,0.0,0.0,0.0,0.0,0.0,0.0,0.04999999999999999,69.22,0.7688529326784166
18746260,2026-05-28 01:51:22+00:00,0.4649999999999999,0,0.0,0.0,0.0,0.0,0.0,0.0,0.04999999999999999,69.22,0.7688529326784166
18746260,2026-05-28 01:51:23+00:00,0.4649999999999999,0,0.0,0.0,0.0,0.0,0.0,0.0,0.04999999999999999,69.22,0.7688529326784166
18746260,2026-05-28 01:51:24+00:00,0.4649999999999999,0,0.0,0.0,0.0,0.0,0.0,0.0,0.04999999999999999,69.22,0.7688529326784166
18746260,2026-05-28 01:51:25+00:00,0.4649999999999999,0,0.0,0.0,0.0,0.0,0.0,0.0,0.04999999999999999,69.22,0.7688529326784166
18746260,2026-05-28 01:51:26+00:00,0.4649999999999999,0,0.0,0.0,0.0,0.0,0.0,0.0,0.04999999999999999,69.22,0.7688529326784166
18746260,2026-05-28 01:51:27+00:00,0.4649999999999999,0,0.0,0.0,0.0,0.0,0.0,0.0,0.04999999999999999,69.22,0.7688529326784166
18746260,2026-05-28 01:51:28+00:00,0.4649999999999999,0,0.0,0.0,0.0,0.0,0.0,0.0,0.04999999999999999,69.22,0.7688529326784166
18746260,2026-05-28 01:51:29+00:00,0.4649999999999999,0,0.0,0.0,0.0,0.0,0.0,0.0,0.04999999999999999,69.22,0.7688529326784166
18746260,2026-05-28 01:51:30+00:00,0.4649999999999999,0,0.0,0.0,0.0,0.0,0.0,0.0,0.04999999999999999,69.22,0.7688529326784166
18746260,2026-05-28 01:51:31+00:00,0.4649999999999999,0,0.0,0.0,0.0,0.0,0.0,0.0,0.04999999999999999,69.22,0.7688529326784166
18746260,2026-05-28 01:51:32+00:00,0.4649999999999999,0,0.0,0.0,0.0,0.0,0.0,0.0,0.04999999999999999,69.22,0.7688529326784166
18746260,2026-05-28 01:51:33+00:00,0.4649999999999999,0,0.0,0.0,0.0,0.0,0.0,0.0,0.04999999999999999,69.22,0.7688529326784166
18746260,2026-05-28 01:51:34+00:00,0.4649999999999999,0,0.0,0.0,0.0,0.0,0.0,0.0,0.04999999999999999,69.22,0.7688529326784166
18746260,2026-05-28 01:51:35+00:00,0.4649999999999999,0,0.0,0.0,0.0,0.0,0.0,0.0,0.04999999999999999,69.22,0.7688529326784166
18746260,2026-05-28 01:51:36+00:00,0.4649999999999999,0,0.0,0.0,0.0,0.0,0.0,0.0,0.04999999999999999,69.22,0.7688529326784166
18746260,2026-05-28 01:51:37+00:00,0.4649999999999999,0,0.0,0.0,0.0,0.0,0.0,0.0,0.04999999999999999,69.22,0.7688529326784166
18746260,2026-05-28 01:51:38+00:00,0.4649999999999999,0,0.0,0.0,0.0,0.0,0.0,0.0,0.04999999999999999,69.22,0.7688529326784166
18746260,2026-05-28 01:51:39+00:00,0.4649999999999999,0,0.0,0.0,0.0,0.0,0.0,0.0,0.04999999999999999,69.22,0.7688529326784166
18746260,2026-05-28 01:51:40+00:00,0.4649999999999999,0,0.0,0.0,0.0,0.0,0.0,0.0,0.04999999999999999,69.22,0.7688529326784166
18746260,2026-05-28 01:51:41+00:00,0.4649999999999999,0,0.0,0.0,0.0,0.0,0.0,0.0,0.04999999999999999,69.22,0.7688529326784166
18746260,2026-05-28 01:51:42+00:00,0.4649999999999999,0,0.0,0.0,0.0,0.0,0.0,0.0,0.04999999999999999,69.22,0.7688529326784166
18746260,2026-05-28 01:51:43+00:00,0.4649999999999999,0,0.0,0.0,0.0,0.0,0.0,0.0,0.04999999999999999,69.22,0.7688529326784166
18746260,2026-05-28 01:51:44+00:00,0.4649999999999999,0,0.0,0.0,0.0,0.0,0.0,0.0,0.04999999999999999,69.22,0.7688529326784166
18746260,2026-05-28 01:51:45+00:00,0.4649999999999999,0,0.0,0.0,0.0,0.0,0.0,0.0,0.04999999999999999,69.22,0.7688529326784166
18746260,2026-05-28 01:51:46+00:00,0.4649999999999999,0,0.0,0.0,0.0,0.0,0.0,0.0,0.04999999999999999,69.22,0.7688529326784166
18746260,2026-05-28 01:51:47+00:00,0.4649999999999999,0,0.0,0.0,0.0,0.0,0.0,0.0,0.04999999999999999,69.22,0.7688529326784166
18746260,2026-05-28 01:51:48+00:00,0.4649999999999999,0,0.0,0.0,0.0,0.0,0.0,0.0,0.04999999999999999,69.22,0.7688529326784166
18746260,2026-05-28 01:51:49+00:00,0.4649999999999999,0,0.0,0.0,0.0,0.0,0.0,0.0,0.04999999999999999,69.22,0.7688529326784166
18746260,2026-05-28 01:51:50+00:00,0.4649999999999999,0,0.0,0.0,0.0,0.0,0.0,0.0,0.04999999999999999,69.22,0.7688529326784166
18746260,2026-05-28 01:51:51+00:00,0.4649999999999999,0,0.0,0.0,0.0,0.0,0.0,0.0,0.04999999999999999,69.22,0.7688529326784166
18746260,2026-05-28 01:51:52+00:00,0.4649999999999999,0,0.0,0.0,0.0,0.0,0.0,0.0,0.04999999999999999,69.22,0.7688529326784166
18746260,2026-05-28 01:51:53+00:00,0.4649999999999999,0,0.0,0.0,0.0,0.0,0.0,0.0,0.04999999999999999,69.22,0.7688529326784166
18746260,2026-05-28 01:51:54+00:00,0.4649999999999999,0,0.0,0.0,0.0,0.0,0.0,0.0,0.04999999999999999,69.22,0.7688529326784166
18746260,2026-05-28 01:51:55+00:00,0.4649999999999999,0,0.0,0.0,0.0,0.0,0.0,0.0,0.04999999999999999,69.22,0.7688529326784166
18746260,2026-05-28 01:51:56+00:00,0.4649999999999999,0,0.0,0.0,0.0,0.0,0.0,0.0,0.04999999999999999,69.22,0.7688529326784166
18746260,2026-05-28 01:51:57+00:00,0.4649999999999999,0,0.0,0.0,0.0,0.0,0.0,0.0,0.04999999999999999,69.22,0.7688529326784166
18746260,2026-05-28 01:51:58+00:00,0.4649999999999999,0,0.0,0.0,0.0,0.0,0.0,0.0,0.04999999999999999,69.22,0.7688529326784166
18746260,2026-05-28 01:51:59+00:00,0.4649999999999999,0,0.0,0.0,0.0,0.0,0.0,0.0,0.04999999999999999,69.22,0.7688529326784166
18746260,2026-05-28 01:52:00+00:00,0.4649999999999999,0,0.0,0.0,0.0,0.0,0.0,0.0,0.04999999999999999,69.22,0.7688529326784166
18746260,2026-05-28 01:52:01+00:00,0.4649999999999999,0,0.0,0.0,0.0,0.0,0.0,0.0,0.04999999999999999,69.22,0.7688529326784166
18746260,2026-05-28 01:52:02+00:00,0.4649999999999999,0,0.0,0.0,0.0,0.0,0.0,0.0,0.04999999999999999,69.22,0.7688529326784166
18746260,2026-05-28 01:52:03+00:00,0.4649999999999999,0,0.0,0.0,0.0,0.0,0.0,0.0,0.04999999999999999,69.22,0.7688529326784166
18746260,2026-05-28 01:52:04+00:00,0.4649999999999999,0,0.0,0.0,0.0,0.0,0.0,0.0,0.04999999999999999,69.22,0.7688529326784166
18746260,2026-05-28 01:52:05+00:00,0.4649999999999999,0,0.0,0.0,0.0,0.0,0.0,0.0,0.04999999999999999,69.22,0.7688529326784166
18746260,2026-05-28 01:52:06+00:00,0.4649999999999999,0,0.0,0.0,0.0,0.0,0.0,0.0,0.04999999999999999,69.22,0.7688529326784166
18746260,2026-05-28 01:52:07+00:00,0.4649999999999999,0,0.0,0.0,0.0,0.0,0.0,0.0,0.04999999999999999,69.22,0.7688529326784166
18746260,2026-05-28 01:52:08+00:00,0.4649999999999999,0,0.0,0.0,0.0,0.0,0.0,0.0,0.04999999999999999,69.22,0.7688529326784166
18746260,2026-05-28 01:52:09+00:00,0.4649999999999999,0,0.0,0.0,0.0,0.0,0.0,0.0,0.04999999999999999,69.22,0.7688529326784166
18746260,2026-05-28 01:52:10+00:00,0.4649999999999999,0,0.0,0.0,0.0,0.0,0.0,0.0,0.04999999999999999,69.22,0.7688529326784166
18746260,2026-05-28 01:52:11+00:00,0.4649999999999999,0,0.0,0.0,0.0,0.0,0.0,0.0,0.04999999999999999,69.22,0.7688529326784166
18746260,2026-05-28 01:52:12+00:00,0.4649999999999999,0,0.0,0.0,0.0,0.0,0.0,0.0,0.04999999999999999,69.22,0.7688529326784166
18746260,2026-05-28 01:52:13+00:00,0.4649999999999999,0,0.0,0.0,0.0,0.0,0.0,0.0,0.04999999999999999,69.22,0.7688529326784166
18746260,2026-05-28 01:52:14+00:00,0.4649999999999999,0,0.0,0.0,0.0,0.0,0.0,0.0,0.04999999999999999,69.22,0.7688529326784166
18746260,2026-05-28 01:52:15+00:00,0.4649999999999999,0,0.0,0.0,0.0,0.0,0.0,0.0,0.04999999999999999,69.22,0.7688529326784166
18746260,2026-05-28 01:52:16+00:00,0.4649999999999999,0,0.0,0.0,0.0,0.0,0.0,0.0,0.04999999999999999,69.22,0.7688529326784166
18746260,2026-05-28 01:52:17+00:00,0.4649999999999999,0,0.0,0.0,0.0,0.0,0.0,0.0,0.04999999999999999,69.22,0.7688529326784166
18746260,2026-05-28 01:52:18+00:00,0.4649999999999999,0,0.0,0.0,0.0,0.0,0.0,0.0,0.04999999999999999,69.22,0.7688529326784166
18746260,2026-05-28 01:52:19+00:00,0.4649999999999999,0,0.0,0.0,0.0,0.0,0.0,0.0,0.04999999999999999,69.22,0.7688529326784166
18746260,2026-05-28 01:52:20+00:00,0.4649999999999999,0,0.0,0.0,0.0,0.0,0.0,0.0,0.04999999999999999,69.22,0.7688529326784166
18746260,2026-05-28 01:52:21+00:00,0.4649999999999999,0,0.0,0.0,0.0,0.0,0.0,0.0,0.04999999999999999,69.22,0.7688529326784166
18746260,2026-05-28 01:52:22+00:00,0.4649999999999999,0,0.0,0.0,0.0,0.0,0.0,0.0,0.04999999999999999,69.22,0.7688529326784166
18746260,2026-05-28 01:52:23+00:00,0.4649999999999999,0,0.0,0.0,0.0,0.0,0.0,0.0,0.04999999999999999,69.22,0.7688529326784166
18746260,2026-05-28 01:52:24+00:00,0.4649999999999999,0,0.0,0.0,0.0,0.0,0.0,0.0,0.04999999999999999,69.22,0.7688529326784166
18746260,2026-05-28 01:52:25+00:00,0.4649999999999999,0,0.0,0.0,0.0,0.0,0.0,0.0,0.04999999999999999,69.22,0.7688529326784166
18746260,2026-05-28 01:52:26+00:00,0.4649999999999999,0,0.0,0.0,0.0,0.0,0.0,0.0,0.04999999999999999,69.22,0.7688529326784166
18746260,2026-05-28 01:52:27+00:00,0.4649999999999999,0,0.0,0.0,0.0,0.0,0.0,0.0,0.04999999999999999,69.22,0.7688529326784166
18746260,2026-05-28 01:52:28+00:00,0.4649999999999999,0,0.0,0.0,0.0,0.0,0.0,0.0,0.04999999999999999,69.22,0.7688529326784166
18746260,2026-05-28 01:52:29+00:00,0.4649999999999999,0,0.0,0.0,0.0,0.0,0.0,0.0,0.04999999999999999,69.22,0.7688529326784166
18746260,2026-05-28 01:52:30+00:00,0.4649999999999999,0,0.0,0.0,0.0,0.0,0.0,0.0,0.04999999999999999,69.22,0.7688529326784166
18746260,2026-05-28 01:52:31+00:00,0.4649999999999999,0,0.0,0.0,0.0,0.0,0.0,0.0,0.04999999999999999,69.22,0.7688529326784166
18746260,2026-05-28 01:52:32+00:00,0.4649999999999999,0,0.0,0.0,0.0,0.0,0.0,0.0,0.04999999999999999,69.22,0.7688529326784166
18746260,2026-05-28 01:52:33+00:00,0.4649999999999999,0,0.0,0.0,0.0,0.0,0.0,0.0,0.04999999999999999,69.22,0.7688529326784166
18746260,2026-05-28 01:52:34+00:00,0.4649999999999999,0,0.0,0.0,0.0,0.0,0.0,0.0,0.04999999999999999,69.22,0.7688529326784166
18746260,2026-05-28 01:52:35+00:00,0.4649999999999999,0,0.0,0.0,0.0,0.0,0.0,0.0,0.04999999999999999,69.22,0.7688529326784166
18746260,2026-05-28 01:52:36+00:00,0.4649999999999999,0,0.0,0.0,0.0,0.0,0.0,0.0,0.04999999999999999,69.22,0.7688529326784166
18746260,2026-05-28 01:52:37+00:00,0.4649999999999999,0,0.0,0.0,0.0,0.0,0.0,0.0,0.04999999999999999,69.22,0.7688529326784166
18746260,2026-05-28 01:52:38+00:00,0.4649999999999999,0,0.0,0.0,0.0,0.0,0.0,0.0,0.04999999999999999,69.22,0.7688529326784166
18746260,2026-05-28 01:52:39+00:00,0.4649999999999999,0,0.0,0.0,0.0,0.0,0.0,0.0,0.04999999999999999,69.22,0.7688529326784166
18746260,2026-05-28 01:52:40+00:00,0.4649999999999999,0,0.0,0.0,0.0,0.0,0.0,0.0,0.04999999999999999,69.22,0.7688529326784166
18746260,2026-05-28 01:52:41+00:00,0.4649999999999999,0,0.0,0.0,0.0,0.0,0.0,0.0,0.04999999999999999,69.22,0.7688529326784166
18746260,2026-05-28 01:52:42+00:00,0.4649999999999999,0,0.0,0.0,0.0,0.0,0.0,0.0,0.04999999999999999,69.22,0.7688529326784166
18746260,2026-05-28 01:52:43+00:00,0.4649999999999999,0,0.0,0.0,0.0,0.0,0.0,0.0,0.04999999999999999,69.22,0.7688529326784166
18746260,2026-05-28 01:52:44+00:00,0.4649999999999999,0,0.0,0.0,0.0,0.0,0.0,0.0,0.04999999999999999,69.22,0.7688529326784166
18746260,2026-05-28 01:52:45+00:00,0.4649999999999999,0,0.0,0.0,0.0,0.0,0.0,0.0,0.04999999999999999,69.22,0.7688529326784166
18746260,2026-05-28 01:52:46+00:00,0.4649999999999999,0,0.0,0.0,0.0,0.0,0.0,0.0,0.04999999999999999,69.22,0.7688529326784166
18746260,2026-05-28 01:52:47+00:00,0.4649999999999999,0,0.0,0.0,0.0,0.0,0.0,0.0,0.04999999999999999,69.22,0.7688529326784166
18746260,2026-05-28 01:52:48+00:00,0.4649999999999999,0,0.0,0.0,0.0,0.0,0.0,0.0,0.04999999999999999,69.22,0.7688529326784166
18746260,2026-05-28 01:52:49+00:00,0.4649999999999999,0,0.0,0.0,0.0,0.0,0.0,0.0,0.04999999999999999,69.22,0.7688529326784166
18746260,2026-05-28 01:52:50+00:00,0.4649999999999999,0,0.0,0.0,0.0,0.0,0.0,0.0,0.04999999999999999,69.22,0.7688529326784166
18746260,2026-05-28 01:52:51+00:00,0.4649999999999999,0,0.0,0.0,0.0,0.0,0.0,0.0,0.04999999999999999,69.22,0.7688529326784166
18746260,2026-05-28 01:52:52+00:00,0.4649999999999999,0,0.0,0.0,0.0,0.0,0.0,0.0,0.04999999999999999,69.22,0.7688529326784166
18746260,2026-05-28 01:52:53+00:00,0.4649999999999999,0,0.0,0.0,0.0,0.0,0.0,0.0,0.04999999999999999,69.22,0.7688529326784166
18746260,2026-05-28 01:52:54+00:00,0.4649999999999999,0,0.0,0.0,0.0,0.0,0.0,0.0,0.04999999999999999,69.22,0.7688529326784166
18746260,2026-05-28 01:52:55+00:00,0.4649999999999999,0,0.0,0.0,0.0,0.0,0.0,0.0,0.04999999999999999,69.22,0.7688529326784166
18746260,2026-05-28 01:52:56+00:00,0.4649999999999999,0,0.0,0.0,0.0,0.0,0.0,0.0,0.04999999999999999,69.22,0.7688529326784166
18746260,2026-05-28 01:52:57+00:00,0.4649999999999999,0,0.0,0.0,0.0,0.0,0.0,0.0,0.04999999999999999,69.22,0.7688529326784166
18746260,2026-05-28 01:52:58+00:00,0.4649999999999999,0,0.0,0.0,0.0,0.0,0.0,0.0,0.04999999999999999,69.22,0.7688529326784166
18746260,2026-05-28 01:52:59+00:00,0.4649999999999999,0,0.0,0.0,0.0,0.0,0.0,0.0,0.04999999999999999,69.22,0.7688529326784166
18746260,2026-05-28 01:53:00+00:00,0.4649999999999999,0,0.0,0.0,0.0,0.0,0.0,0.0,0.04999999999999999,69.22,0.7688529326784166
18746260,2026-05-28 01:53:01+00:00,0.4649999999999999,0,0.0,0.0,0.0,0.0,0.0,0.0,0.04999999999999999,69.22,0.7688529326784166
18746260,2026-05-28 01:53:02+00:00,0.4649999999999999,0,0.0,0.0,0.0,0.0,0.0,0.0,0.04999999999999999,69.22,0.7688529326784166
18746260,2026-05-28 01:53:03+00:00,0.4649999999999999,0,0.0,0.0,0.0,0.0,0.0,0.0,0.04999999999999999,69.22,0.7688529326784166
18746260,2026-05-28 01:53:04+00:00,0.4649999999999999,0,0.0,0.0,0.0,0.0,0.0,0.0,0.04999999999999999,69.22,0.7688529326784166
18746260,2026-05-28 01:53:05+00:00,0.4649999999999999,0,0.0,0.0,0.0,0.0,0.0,0.0,0.04999999999999999,69.22,0.7688529326784166
18746260,2026-05-28 01:53:06+00:00,0.4649999999999999,0,0.0,0.0,0.0,0.0,0.0,0.0,0.04999999999999999,69.22,0.7688529326784166
18746260,2026-05-28 01:53:07+00:00,0.4649999999999999,0,0.0,0.0,0.0,0.0,0.0,0.0,0.04999999999999999,69.22,0.7688529326784166
18746260,2026-05-28 01:53:08+00:00,0.4649999999999999,0,0.0,0.0,0.0,0.0,0.0,0.0,0.04999999999999999,69.22,0.7688529326784166
18746260,2026-05-28 01:53:09+00:00,0.4649999999999999,0,0.0,0.0,0.0,0.0,0.0,0.0,0.04999999999999999,69.22,0.7688529326784166
18746260,2026-05-28 01:53:10+00:00,0.4649999999999999,0,0.0,0.0,0.0,0.0,0.0,0.0,0.04999999999999999,69.22,0.7688529326784166
18746260,2026-05-28 01:53:11+00:00,0.4649999999999999,0,0.0,0.0,0.0,0.0,0.0,0.0,0.04999999999999999,69.22,0.7688529326784166
18746260,2026-05-28 01:53:12+00:00,0.4649999999999999,0,0.0,0.0,0.0,0.0,0.0,0.0,0.04999999999999999,69.22,0.7688529326784166
18746260,2026-05-28 01:53:13+00:00,0.4649999999999999,0,0.0,0.0,0.0,0.0,0.0,0.0,0.04999999999999999,69.22,0.7688529326784166
18746260,2026-05-28 01:53:14+00:00,0.4649999999999999,0,0.0,0.0,0.0,0.0,0.0,0.0,0.04999999999999999,69.22,0.7688529326784166
18746260,2026-05-28 01:53:15+00:00,0.4649999999999999,0,0.0,0.0,0.0,0.0,0.0,0.0,0.04999999999999999,69.22,0.7688529326784166
18746260,2026-05-28 01:53:16+00:00,0.4649999999999999,0,0.0,0.0,0.0,0.0,0.0,0.0,0.04999999999999999,69.22,0.7688529326784166
18746260,2026-05-28 01:53:17+00:00,0.4649999999999999,0,0.0,0.0,0.0,0.0,0.0,0.0,0.04999999999999999,69.22,0.7688529326784166
18746260,2026-05-28 01:53:18+00:00,0.4649999999999999,0,0.0,0.0,0.0,0.0,0.0,0.0,0.04999999999999999,69.22,0.7688529326784166
18746260,2026-05-28 01:53:19+00:00,0.4649999999999999,0,0.0,0.0,0.0,0.0,0.0,0.0,0.04999999999999999,69.22,0.7688529326784166
18746260,2026-05-28 01:53:20+00:00,0.4649999999999999,0,0.0,0.0,0.0,0.0,0.0,0.0,0.04999999999999999,69.22,0.7688529326784166
18746260,2026-05-28 01:53:21+00:00,0.4649999999999999,0,0.0,0.0,0.0,0.0,0.0,0.0,0.04999999999999999,69.22,0.7688529326784166
18746260,2026-05-28 01:53:22+00:00,0.4649999999999999,0,0.0,0.0,0.0,0.0,0.0,0.0,0.04999999999999999,69.22,0.7688529326784166
18746260,2026-05-28 01:53:23+00:00,0.4649999999999999,0,0.0,0.0,0.0,0.0,0.0,0.0,0.04999999999999999,69.22,0.7688529326784166
18746260,2026-05-28 01:53:24+00:00,0.4649999999999999,0,0.0,0.0,0.0,0.0,0.0,0.0,0.04999999999999999,69.22,0.7688529326784166
18746260,2026-05-28 01:53:25+00:00,0.4649999999999999,0,0.0,0.0,0.0,0.0,0.0,0.0,0.04999999999999999,69.22,0.7688529326784166
18746260,2026-05-28 01:53:26+00:00,0.4649999999999999,0,0.0,0.0,0.0,0.0,0.0,0.0,0.04999999999999999,69.22,0.7688529326784166
18746260,2026-05-28 01:53:27+00:00,0.4649999999999999,0,0.0,0.0,0.0,0.0,0.0,0.0,0.04999999999999999,69.22,0.7688529326784166
18746260,2026-05-28 01:53:28+00:00,0.4649999999999999,0,0.0,0.0,0.0,0.0,0.0,0.0,0.04999999999999999,69.22,0.7688529326784166
18746260,2026-05-28 01:53:29+00:00,0.4649999999999999,0,0.0,0.0,0.0,0.0,0.0,0.0,0.04999999999999999,69.22,0.7688529326784166
18746260,2026-05-28 01:53:30+00:00,0.4649999999999999,0,0.0,0.0,0.0,0.0,0.0,0.0,0.04999999999999999,69.22,0.7688529326784166
18746260,2026-05-28 01:53:31+00:00,0.4649999999999999,0,0.0,0.0,0.0,0.0,0.0,0.0,0.04999999999999999,69.22,0.7688529326784166
18746260,2026-05-28 01:53:32+00:00,0.4649999999999999,0,0.0,0.0,0.0,0.0,0.0,0.0,0.04999999999999999,69.22,0.7688529326784166
18746260,2026-05-28 01:53:33+00:00,0.4649999999999999,0,0.0,0.0,0.0,0.0,0.0,0.0,0.04999999999999999,69.22,0.7688529326784166
18746260,2026-05-28 01:53:34+00:00,0.4649999999999999,0,0.0,0.0,0.0,0.0,0.0,0.0,0.04999999999999999,69.22,0.7688529326784166
18746260,2026-05-28 01:53:35+00:00,0.4649999999999999,0,0.0,0.0,0.0,0.0,0.0,0.0,0.04999999999999999,69.22,0.7688529326784166
18746260,2026-05-28 01:53:36+00:00,0.4649999999999999,0,0.0,0.0,0.0,0.0,0.0,0.0,0.04999999999999999,69.22,0.7688529326784166
18746260,2026-05-28 01:53:37+00:00,0.4649999999999999,0,0.0,0.0,0.0,0.0,0.0,0.0,0.04999999999999999,69.22,0.7688529326784166
18746260,2026-05-28 01:53:38+00:00,0.4649999999999999,0,0.0,0.0,0.0,0.0,0.0,0.0,0.04999999999999999,69.22,0.7688529326784166
18746260,2026-05-28 01:53:39+00:00,0.4649999999999999,0,0.0,0.0,0.0,0.0,0.0,0.0,0.04999999999999999,69.22,0.7688529326784166
18746260,2026-05-28 01:53:40+00:00,0.4649999999999999,0,0.0,0.0,0.0,0.0,0.0,0.0,0.04999999999999999,69.22,0.7688529326784166
18746260,2026-05-28 01:53:41+00:00,0.4649999999999999,0,0.0,0.0,0.0,0.0,0.0,0.0,0.04999999999999999,69.22,0.7688529326784166
18746260,2026-05-28 01:53:42+00:00,0.4649999999999999,0,0.0,0.0,0.0,0.0,0.0,0.0,0.04999999999999999,69.22,0.7688529326784166
18746260,2026-05-28 01:53:43+00:00,0.4649999999999999,0,0.0,0.0,0.0,0.0,0.0,0.0,0.04999999999999999,69.22,0.7688529326784166
18746260,2026-05-28 01:53:44+00:00,0.4649999999999999,0,0.0,0.0,0.0,0.0,0.0,0.0,0.04999999999999999,69.22,0.7688529326784166
18746260,2026-05-28 01:53:45+00:00,0.4649999999999999,0,0.0,0.0,0.0,0.0,0.0,0.0,0.04999999999999999,69.22,0.7688529326784166
18746260,2026-05-28 01:53:46+00:00,0.4649999999999999,0,0.0,0.0,0.0,0.0,0.0,0.0,0.04999999999999999,69.22,0.7688529326784166
18746260,2026-05-28 01:53:47+00:00,0.4649999999999999,0,0.0,0.0,0.0,0.0,0.0,0.0,0.04999999999999999,69.22,0.7688529326784166
18746260,2026-05-28 01:53:48+00:00,0.4649999999999999,0,0.0,0.0,0.0,0.0,0.0,0.0,0.04999999999999999,69.22,0.7688529326784166
18746260,2026-05-28 01:53:49+00:00,0.4649999999999999,0,0.0,0.0,0.0,0.0,0.0,0.0,0.04999999999999999,69.22,0.7688529326784166
18746260,2026-05-28 01:53:50+00:00,0.4649999999999999,0,0.0,0.0,0.0,0.0,0.0,0.0,0.04999999999999999,69.22,0.7688529326784166
18746260,2026-05-28 01:53:51+00:00,0.4649999999999999,0,0.0,0.0,0.0,0.0,0.0,0.0,0.04999999999999999,69.22,0.7688529326784166
18746260,2026-05-28 01:53:52+00:00,0.4649999999999999,0,0.0,0.0,0.0,0.0,0.0,0.0,0.04999999999999999,69.22,0.7688529326784166
18746260,2026-05-28 01:53:53+00:00,0.4649999999999999,0,0.0,0.0,0.0,0.0,0.0,0.0,0.04999999999999999,69.22,0.7688529326784166
18746260,2026-05-28 01:53:54+00:00,0.4649999999999999,0,0.0,0.0,0.0,0.0,0.0,0.0,0.04999999999999999,69.22,0.7688529326784166
18746260,2026-05-28 01:53:55+00:00,0.4649999999999999,0,0.0,0.0,0.0,0.0,0.0,0.0,0.04999999999999999,69.22,0.7688529326784166
18746260,2026-05-28 01:53:56+00:00,0.4649999999999999,0,0.0,0.0,0.0,0.0,0.0,0.0,0.04999999999999999,69.22,0.7688529326784166
18746260,2026-05-28 01:53:57+00:00,0.4649999999999999,0,0.0,0.0,0.0,0.0,0.0,0.0,0.04999999999999999,69.22,0.7688529326784166
18746260,2026-05-28 01:53:58+00:00,0.4649999999999999,0,0.0,0.0,0.0,0.0,0.0,0.0,0.04999999999999999,69.22,0.7688529326784166
18746260,2026-05-28 01:53:59+00:00,0.4649999999999999,0,0.0,0.0,0.0,0.0,0.0,0.0,0.04999999999999999,69.22,0.7688529326784166
18746260,2026-05-28 01:54:00+00:00,0.4649999999999999,0,0.0,0.0,0.0,0.0,0.0,0.0,0.04999999999999999,69.22,0.7688529326784166
18746260,2026-05-28 01:54:01+00:00,0.4649999999999999,0,0.0,0.0,0.0,0.0,0.0,0.0,0.04999999999999999,69.22,0.7688529326784166
18746260,2026-05-28 01:54:02+00:00,0.4649999999999999,0,0.0,0.0,0.0,0.0,0.0,0.0,0.04999999999999999,69.22,0.7688529326784166
18746260,2026-05-28 01:54:03+00:00,0.4649999999999999,0,0.0,0.0,0.0,0.0,0.0,0.0,0.04999999999999999,69.22,0.7688529326784166
18746260,2026-05-28 01:54:04+00:00,0.4649999999999999,0,0.0,0.0,0.0,0.0,0.0,0.0,0.04999999999999999,69.22,0.7688529326784166
18746260,2026-05-28 01:54:05+00:00,0.4649999999999999,0,0.0,0.0,0.0,0.0,0.0,0.0,0.04999999999999999,69.22,0.7688529326784166
18746260,2026-05-28 01:54:06+00:00,0.4649999999999999,0,0.0,0.0,0.0,0.0,0.0,0.0,0.04999999999999999,69.22,0.7688529326784166
18746260,2026-05-28 01:54:07+00:00,0.4649999999999999,0,0.0,0.0,0.0,0.0,0.0,0.0,0.04999999999999999,69.22,0.7688529326784166
18746260,2026-05-28 01:54:08+00:00,0.4649999999999999,0,0.0,0.0,0.0,0.0,0.0,0.0,0.04999999999999999,69.22,0.7688529326784166
18746260,2026-05-28 01:54:09+00:00,0.4649999999999999,0,0.0,0.0,0.0,0.0,0.0,0.0,0.04999999999999999,69.22,0.7688529326784166
18746260,2026-05-28 01:54:10+00:00,0.4649999999999999,0,0.0,0.0,0.0,0.0,0.0,0.0,0.04999999999999999,69.22,0.7688529326784166
18746260,2026-05-28 01:54:11+00:00,0.4649999999999999,0,0.0,0.0,0.0,0.0,0.0,0.0,0.04999999999999999,69.22,0.7688529326784166
18746260,2026-05-28 01:54:12+00:00,0.4649999999999999,0,0.0,0.0,0.0,0.0,0.0,0.0,0.04999999999999999,69.22,0.7688529326784166
18746260,2026-05-28 01:54:13+00:00,0.4649999999999999,0,0.0,0.0,0.0,0.0,0.0,0.0,0.04999999999999999,69.22,0.7688529326784166
18746260,2026-05-28 01:54:14+00:00,0.4649999999999999,0,0.0,0.0,0.0,0.0,0.0,0.0,0.04999999999999999,69.22,0.7688529326784166
18746260,2026-05-28 01:54:15+00:00,0.4649999999999999,0,0.0,0.0,0.0,0.0,0.0,0.0,0.04999999999999999,69.22,0.7688529326784166
18746260,2026-05-28 01:54:16+00:00,0.4649999999999999,0,0.0,0.0,0.0,0.0,0.0,0.0,0.04999999999999999,69.22,0.7688529326784166
18746260,2026-05-28 01:54:17+00:00,0.4649999999999999,0,0.0,0.0,0.0,0.0,0.0,0.0,0.04999999999999999,69.22,0.7688529326784166
18746260,2026-05-28 01:54:18+00:00,0.4649999999999999,0,0.0,0.0,0.0,0.0,0.0,0.0,0.04999999999999999,69.22,0.7688529326784166
18746260,2026-05-28 01:54:19+00:00,0.4649999999999999,0,0.0,0.0,0.0,0.0,0.0,0.0,0.04999999999999999,69.22,0.7688529326784166
18746260,2026-05-28 01:54:20+00:00,0.4649999999999999,0,0.0,0.0,0.0,0.0,0.0,0.0,0.04999999999999999,69.22,0.7688529326784166
18746260,2026-05-28 01:54:21+00:00,0.4649999999999999,0,0.0,0.0,0.0,0.0,0.0,0.0,0.04999999999999999,69.22,0.7688529326784166
18746260,2026-05-28 01:54:22+00:00,0.4649999999999999,0,0.0,0.0,0.0,0.0,0.0,0.0,0.04999999999999999,69.22,0.7688529326784166
18746260,2026-05-28 01:54:23+00:00,0.4649999999999999,0,0.0,0.0,0.0,0.0,0.0,0.0,0.04999999999999999,69.22,0.7688529326784166
18746260,2026-05-28 01:54:24+00:00,0.4649999999999999,0,0.0,0.0,0.0,0.0,0.0,0.0,0.04999999999999999,69.22,0.7688529326784166
18746260,2026-05-28 01:54:25+00:00,0.4649999999999999,0,0.0,0.0,0.0,0.0,0.0,0.0,0.04999999999999999,69.22,0.7688529326784166
18746260,2026-05-28 01:54:26+00:00,0.4649999999999999,0,0.0,0.0,0.0,0.0,0.0,0.0,0.04999999999999999,69.22,0.7688529326784166
18746260,2026-05-28 01:54:27+00:00,0.4649999999999999,0,0.0,0.0,0.0,0.0,0.0,0.0,0.04999999999999999,69.22,0.7688529326784166
18746260,2026-05-28 01:54:28+00:00,0.4649999999999999,0,0.0,0.0,0.0,0.0,0.0,0.0,0.04999999999999999,69.22,0.7688529326784166
18746260,2026-05-28 01:54:29+00:00,0.4649999999999999,0,0.0,0.0,0.0,0.0,0.0,0.0,0.04999999999999999,69.22,0.7688529326784166
18746260,2026-05-28 01:54:30+00:00,0.4649999999999999,0,0.0,0.0,0.0,0.0,0.0,0.0,0.04999999999999999,69.22,0.7688529326784166
18746260,2026-05-28 01:54:31+00:00,0.4649999999999999,0,0.0,0.0,0.0,0.0,0.0,0.0,0.04999999999999999,69.22,0.7688529326784166
18746260,2026-05-28 01:54:32+00:00,0.4649999999999999,0,0.0,0.0,0.0,0.0,0.0,0.0,0.04999999999999999,69.22,0.7688529326784166
18746260,2026-05-28 01:54:33+00:00,0.4649999999999999,0,0.0,0.0,0.0,0.0,0.0,0.0,0.04999999999999999,69.22,0.7688529326784166
18746260,2026-05-28 01:54:34+00:00,0.4649999999999999,0,0.0,0.0,0.0,0.0,0.0,0.0,0.04999999999999999,69.22,0.7688529326784166
18746260,2026-05-28 01:54:35+00:00,0.4649999999999999,0,0.0,0.0,0.0,0.0,0.0,0.0,0.04999999999999999,69.22,0.7688529326784166
18746260,2026-05-28 01:54:36+00:00,0.4649999999999999,0,0.0,0.0,0.0,0.0,0.0,0.0,0.04999999999999999,69.22,0.7688529326784166
18746260,2026-05-28 01:54:37+00:00,0.4649999999999999,0,0.0,0.0,0.0,0.0,0.0,0.0,0.04999999999999999,69.22,0.7688529326784166
18746260,2026-05-28 01:54:38+00:00,0.4649999999999999,0,0.0,0.0,0.0,0.0,0.0,0.0,0.04999999999999999,69.22,0.7688529326784166
18746260,2026-05-28 01:54:39+00:00,0.4649999999999999,0,0.0,0.0,0.0,0.0,0.0,0.0,0.04999999999999999,69.22,0.7688529326784166
18746260,2026-05-28 01:54:40+00:00,0.4649999999999999,0,0.0,0.0,0.0,0.0,0.0,0.0,0.04999999999999999,69.22,0.7688529326784166
18746260,2026-05-28 01:54:41+00:00,0.4649999999999999,0,0.0,0.0,0.0,0.0,0.0,0.0,0.04999999999999999,69.22,0.7688529326784166
18746260,2026-05-28 01:54:42+00:00,0.4649999999999999,0,0.0,0.0,0.0,0.0,0.0,0.0,0.04999999999999999,69.22,0.7688529326784166
18746260,2026-05-28 01:54:43+00:00,0.4649999999999999,0,0.0,0.0,0.0,0.0,0.0,0.0,0.04999999999999999,69.22,0.7688529326784166
18746260,2026-05-28 01:54:44+00:00,0.4649999999999999,0,0.0,0.0,0.0,0.0,0.0,0.0,0.04999999999999999,69.22,0.7688529326784166
18746260,2026-05-28 01:54:45+00:00,0.4649999999999999,0,0.0,0.0,0.0,0.0,0.0,0.0,0.04999999999999999,69.22,0.7688529326784166
18746260,2026-05-28 01:54:46+00:00,0.4649999999999999,0,0.0,0.0,0.0,0.0,0.0,0.0,0.04999999999999999,69.22,0.7688529326784166
18746260,2026-05-28 01:54:47+00:00,0.4649999999999999,0,0.0,0.0,0.0,0.0,0.0,0.0,0.04999999999999999,69.22,0.7688529326784166
18746260,2026-05-28 01:54:48+00:00,0.4649999999999999,0,0.0,0.0,0.0,0.0,0.0,0.0,0.04999999999999999,69.22,0.7688529326784166
18746260,2026-05-28 01:54:49+00:00,0.4649999999999999,0,0.0,0.0,0.0,0.0,0.0,0.0,0.04999999999999999,69.22,0.7688529326784166
18746260,2026-05-28 01:54:50+00:00,0.4649999999999999,0,0.0,0.0,0.0,0.0,0.0,0.0,0.04999999999999999,69.22,0.7688529326784166
18746260,2026-05-28 01:54:51+00:00,0.4649999999999999,0,0.0,0.0,0.0,0.0,0.0,0.0,0.04999999999999999,69.22,0.7688529326784166
18746260,2026-05-28 01:54:52+00:00,0.4649999999999999,0,0.0,0.0,0.0,0.0,0.0,0.0,0.04999999999999999,69.22,0.7688529326784166
18746260,2026-05-28 01:54:53+00:00,0.4649999999999999,0,0.0,0.0,0.0,0.0,0.0,0.0,0.04999999999999999,69.22,0.7688529326784166
18746260,2026-05-28 01:54:54+00:00,0.4649999999999999,0,0.0,0.0,0.0,0.0,0.0,0.0,0.04999999999999999,69.22,0.7688529326784166
18746260,2026-05-28 01:54:55+00:00,0.4649999999999999,0,0.0,0.0,0.0,0.0,0.0,0.0,0.04999999999999999,69.22,0.7688529326784166
18746260,2026-05-28 01:54:56+00:00,0.4649999999999999,0,0.0,0.0,0.0,0.0,0.0,0.0,0.04999999999999999,69.22,0.7688529326784166
18746260,2026-05-28 01:54:57+00:00,0.4649999999999999,0,0.0,0.0,0.0,0.0,0.0,0.0,0.04999999999999999,69.22,0.7688529326784166
18746260,2026-05-28 01:54:58+00:00,0.4649999999999999,0,0.0,0.0,0.0,0.0,0.0,0.0,0.04999999999999999,69.22,0.7688529326784166
18746260,2026-05-28 01:54:59+00:00,0.4649999999999999,0,0.0,0.0,0.0,0.0,0.0,0.0,0.04999999999999999,69.22,0.7688529326784166
18746260,2026-05-28 01:55:00+00:00,0.4649999999999999,0,0.0,0.0,0.0,0.0,0.0,0.0,0.04999999999999999,69.22,0.7688529326784166
18746260,2026-05-28 01:55:01+00:00,0.4649999999999999,0,0.0,0.0,0.0,0.0,0.0,0.0,0.04999999999999999,69.22,0.7688529326784166
18746260,2026-05-28 01:55:02+00:00,0.4649999999999999,0,0.0,0.0,0.0,0.0,0.0,0.0,0.04999999999999999,69.22,0.7688529326784166
18746260,2026-05-28 01:55:03+00:00,0.4649999999999999,0,0.0,0.0,0.0,0.0,0.0,0.0,0.04999999999999999,69.22,0.7688529326784166
18746260,2026-05-28 01:55:04+00:00,0.4649999999999999,0,0.0,0.0,0.0,0.0,0.0,0.0,0.04999999999999999,69.22,0.7688529326784166
18746260,2026-05-28 01:55:05+00:00,0.4649999999999999,0,0.0,0.0,0.0,0.0,0.0,0.0,0.04999999999999999,69.22,0.7688529326784166
18746260,2026-05-28 01:55:06+00:00,0.4649999999999999,0,0.0,0.0,0.0,0.0,0.0,0.0,0.04999999999999999,69.22,0.7688529326784166
18746260,2026-05-28 01:55:07+00:00,0.4649999999999999,0,0.0,0.0,0.0,0.0,0.0,0.0,0.04999999999999999,69.22,0.7688529326784166
18746260,2026-05-28 01:55:08+00:00,0.4649999999999999,0,0.0,0.0,0.0,0.0,0.0,0.0,0.04999999999999999,69.22,0.7688529326784166
18746260,2026-05-28 01:55:09+00:00,0.4649999999999999,0,0.0,0.0,0.0,0.0,0.0,0.0,0.04999999999999999,69.22,0.7688529326784166
18746260,2026-05-28 01:55:10+00:00,0.4649999999999999,0,0.0,0.0,0.0,0.0,0.0,0.0,0.04999999999999999,69.22,0.7688529326784166
18746260,2026-05-28 01:55:11+00:00,0.4649999999999999,0,0.0,0.0,0.0,0.0,0.0,0.0,0.04999999999999999,69.22,0.7688529326784166
18746260,2026-05-28 01:55:12+00:00,0.4649999999999999,0,0.0,0.0,0.0,0.0,0.0,0.0,0.04999999999999999,69.22,0.7688529326784166
18746260,2026-05-28 01:55:13+00:00,0.4649999999999999,0,0.0,0.0,0.0,0.0,0.0,0.0,0.04999999999999999,69.22,0.7688529326784166
18746260,2026-05-28 01:55:14+00:00,0.4649999999999999,0,0.0,0.0,0.0,0.0,0.0,0.0,0.04999999999999999,69.22,0.7688529326784166
18746260,2026-05-28 01:55:15+00:00,0.4649999999999999,0,0.0,0.0,0.0,0.0,0.0,0.0,0.04999999999999999,69.22,0.7688529326784166
18746260,2026-05-28 01:55:16+00:00,0.4649999999999999,0,0.0,0.0,0.0,0.0,0.0,0.0,0.04999999999999999,69.22,0.7688529326784166
18746260,2026-05-28 01:55:17+00:00,0.4649999999999999,0,0.0,0.0,0.0,0.0,0.0,0.0,0.04999999999999999,69.22,0.7688529326784166
18746260,2026-05-28 01:55:18+00:00,0.4649999999999999,0,0.0,0.0,0.0,0.0,0.0,0.0,0.04999999999999999,69.22,0.7688529326784166
18746260,2026-05-28 01:55:19+00:00,0.4649999999999999,0,0.0,0.0,0.0,0.0,0.0,0.0,0.04999999999999999,69.22,0.7688529326784166
18746260,2026-05-28 01:55:20+00:00,0.4649999999999999,0,0.0,0.0,0.0,0.0,0.0,0.0,0.04999999999999999,69.22,0.7688529326784166
18746260,2026-05-28 01:55:21+00:00,0.4649999999999999,0,0.0,0.0,0.0,0.0,0.0,0.0,0.04999999999999999,69.22,0.7688529326784166
18746260,2026-05-28 01:55:22+00:00,0.4649999999999999,0,0.0,0.0,0.0,0.0,0.0,0.0,0.04999999999999999,69.22,0.7688529326784166
18746260,2026-05-28 01:55:23+00:00,0.4649999999999999,0,0.0,0.0,0.0,0.0,0.0,0.0,0.04999999999999999,69.22,0.7688529326784166
18746260,2026-05-28 01:55:24+00:00,0.4649999999999999,0,0.0,0.0,0.0,0.0,0.0,0.0,0.04999999999999999,69.22,0.7688529326784166
18746260,2026-05-28 01:55:25+00:00,0.4649999999999999,0,0.0,0.0,0.0,0.0,0.0,0.0,0.04999999999999999,69.22,0.7688529326784166
18746260,2026-05-28 01:55:26+00:00,0.4649999999999999,0,0.0,0.0,0.0,0.0,0.0,0.0,0.04999999999999999,69.22,0.7688529326784166
18746260,2026-05-28 01:55:27+00:00,0.4649999999999999,0,0.0,0.0,0.0,0.0,0.0,0.0,0.04999999999999999,69.22,0.7688529326784166
18746260,2026-05-28 01:55:28+00:00,0.4649999999999999,0,0.0,0.0,0.0,0.0,0.0,0.0,0.04999999999999999,69.22,0.7688529326784166
18746260,2026-05-28 01:55:29+00:00,0.4649999999999999,0,0.0,0.0,0.0,0.0,0.0,0.0,0.04999999999999999,69.22,0.7688529326784166
18746260,2026-05-28 01:55:30+00:00,0.4649999999999999,0,0.0,0.0,0.0,0.0,0.0,0.0,0.04999999999999999,69.22,0.7688529326784166
18746260,2026-05-28 01:55:31+00:00,0.4649999999999999,0,0.0,0.0,0.0,0.0,0.0,0.0,0.04999999999999999,69.22,0.7688529326784166
18746260,2026-05-28 01:55:32+00:00,0.4649999999999999,0,0.0,0.0,0.0,0.0,0.0,0.0,0.04999999999999999,69.22,0.7688529326784166
18746260,2026-05-28 01:55:33+00:00,0.4649999999999999,0,0.0,0.0,0.0,0.0,0.0,0.0,0.04999999999999999,69.22,0.7688529326784166
18746260,2026-05-28 01:55:34+00:00,0.4649999999999999,0,0.0,0.0,0.0,0.0,0.0,0.0,0.04999999999999999,69.22,0.7688529326784166
18746260,2026-05-28 01:55:35+00:00,0.4649999999999999,0,0.0,0.0,0.0,0.0,0.0,0.0,0.04999999999999999,69.22,0.7688529326784166
18746260,2026-05-28 01:55:36+00:00,0.4649999999999999,0,0.0,0.0,0.0,0.0,0.0,0.0,0.04999999999999999,69.22,0.7688529326784166
18746260,2026-05-28 01:55:37+00:00,0.4649999999999999,0,0.0,0.0,0.0,0.0,0.0,0.0,0.04999999999999999,69.22,0.7688529326784166
18746260,2026-05-28 01:55:38+00:00,0.4649999999999999,0,0.0,0.0,0.0,0.0,0.0,0.0,0.04999999999999999,69.22,0.7688529326784166
18746260,2026-05-28 01:55:39+00:00,0.4649999999999999,0,0.0,0.0,0.0,0.0,0.0,0.0,0.04999999999999999,69.22,0.7688529326784166
18746260,2026-05-28 01:55:40+00:00,0.4649999999999999,0,0.0,0.0,0.0,0.0,0.0,0.0,0.04999999999999999,69.22,0.7688529326784166
18746260,2026-05-28 01:55:41+00:00,0.4649999999999999,0,0.0,0.0,0.0,0.0,0.0,0.0,0.04999999999999999,69.22,0.7688529326784166
18746260,2026-05-28 01:55:42+00:00,0.4649999999999999,0,0.0,0.0,0.0,0.0,0.0,0.0,0.04999999999999999,69.22,0.7688529326784166
18746260,2026-05-28 01:55:43+00:00,0.4649999999999999,0,0.0,0.0,0.0,0.0,0.0,0.0,0.04999999999999999,69.22,0.7688529326784166
18746260,2026-05-28 01:55:44+00:00,0.4649999999999999,0,0.0,0.0,0.0,0.0,0.0,0.0,0.04999999999999999,69.22,0.7688529326784166
18746260,2026-05-28 01:55:45+00:00,0.4649999999999999,0,0.0,0.0,0.0,0.0,0.0,0.0,0.04999999999999999,69.22,0.7688529326784166
18746260,2026-05-28 01:55:46+00:00,0.4649999999999999,0,0.0,0.0,0.0,0.0,0.0,0.0,0.04999999999999999,69.22,0.7688529326784166
18746260,2026-05-28 01:55:47+00:00,0.4649999999999999,0,0.0,0.0,0.0,0.0,0.0,0.0,0.04999999999999999,69.22,0.7688529326784166
18746260,2026-05-28 01:55:48+00:00,0.4649999999999999,0,0.0,0.0,0.0,0.0,0.0,0.0,0.04999999999999999,69.22,0.7688529326784166
18746260,2026-05-28 01:55:49+00:00,0.4649999999999999,0,0.0,0.0,0.0,0.0,0.0,0.0,0.04999999999999999,69.22,0.7688529326784166
18746260,2026-05-28 01:55:50+00:00,0.4649999999999999,0,0.0,0.0,0.0,0.0,0.0,0.0,0.04999999999999999,69.22,0.7688529326784166
18746260,2026-05-28 01:55:51+00:00,0.4649999999999999,0,0.0,0.0,0.0,0.0,0.0,0.0,0.04999999999999999,69.22,0.7688529326784166
18746260,2026-05-28 01:55:52+00:00,0.4649999999999999,0,0.0,0.0,0.0,0.0,0.0,0.0,0.04999999999999999,69.22,0.7688529326784166
18746260,2026-05-28 01:55:53+00:00,0.4649999999999999,0,0.0,0.0,0.0,0.0,0.0,0.0,0.04999999999999999,69.22,0.7688529326784166
18746260,2026-05-28 01:55:54+00:00,0.4649999999999999,0,0.0,0.0,0.0,0.0,0.0,0.0,0.04999999999999999,69.22,0.7688529326784166
18746260,2026-05-28 01:55:55+00:00,0.4649999999999999,0,0.0,0.0,0.0,0.0,0.0,0.0,0.04999999999999999,69.22,0.7688529326784166
18746260,2026-05-28 01:55:56+00:00,0.4649999999999999,0,0.0,0.0,0.0,0.0,0.0,0.0,0.04999999999999999,69.22,0.7688529326784166
18746260,2026-05-28 01:55:57+00:00,0.4649999999999999,0,0.0,0.0,0.0,0.0,0.0,0.0,0.04999999999999999,69.22,0.7688529326784166
18746260,2026-05-28 01:55:58+00:00,0.4649999999999999,0,0.0,0.0,0.0,0.0,0.0,0.0,0.04999999999999999,69.22,0.7688529326784166
18746260,2026-05-28 01:55:59+00:00,0.4649999999999999,0,0.0,0.0,0.0,0.0,0.0,0.0,0.04999999999999999,69.22,0.7688529326784166
18746260,2026-05-28 01:56:00+00:00,0.4649999999999999,0,0.0,0.0,0.0,0.0,0.0,0.0,0.04999999999999999,69.22,0.7688529326784166
18746260,2026-05-28 01:56:01+00:00,0.4649999999999999,0,0.0,0.0,0.0,0.0,0.0,0.0,0.04999999999999999,69.22,0.7688529326784166
18746260,2026-05-28 01:56:02+00:00,0.4649999999999999,0,0.0,0.0,0.0,0.0,0.0,0.0,0.04999999999999999,69.22,0.7688529326784166
18746260,2026-05-28 01:56:03+00:00,0.4649999999999999,0,0.0,0.0,0.0,0.0,0.0,0.0,0.04999999999999999,69.22,0.7688529326784166
18746260,2026-05-28 01:56:04+00:00,0.4649999999999999,0,0.0,0.0,0.0,0.0,0.0,0.0,0.04999999999999999,69.22,0.7688529326784166
18746260,2026-05-28 01:56:05+00:00,0.4649999999999999,0,0.0,0.0,0.0,0.0,0.0,0.0,0.04999999999999999,69.22,0.7688529326784166
18746260,2026-05-28 01:56:06+00:00,0.4649999999999999,0,0.0,0.0,0.0,0.0,0.0,0.0,0.04999999999999999,69.22,0.7688529326784166
18746260,2026-05-28 01:56:07+00:00,0.4649999999999999,0,0.0,0.0,0.0,0.0,0.0,0.0,0.04999999999999999,69.22,0.7688529326784166
18746260,2026-05-28 01:56:08+00:00,0.4649999999999999,0,0.0,0.0,0.0,0.0,0.0,0.0,0.04999999999999999,69.22,0.7688529326784166
18746260,2026-05-28 01:56:09+00:00,0.4649999999999999,0,0.0,0.0,0.0,0.0,0.0,0.0,0.04999999999999999,69.22,0.7688529326784166
18746260,2026-05-28 01:56:10+00:00,0.4649999999999999,0,0.0,0.0,0.0,0.0,0.0,0.0,0.04999999999999999,69.22,0.7688529326784166
18746260,2026-05-28 01:56:11+00:00,0.4649999999999999,0,0.0,0.0,0.0,0.0,0.0,0.0,0.04999999999999999,69.22,0.7688529326784166
18746260,2026-05-28 01:56:12+00:00,0.4649999999999999,0,0.0,0.0,0.0,0.0,0.0,0.0,0.04999999999999999,69.22,0.7688529326784166
18746260,2026-05-28 01:56:13+00:00,0.4649999999999999,0,0.0,0.0,0.0,0.0,0.0,0.0,0.04999999999999999,69.22,0.7688529326784166
18746260,2026-05-28 01:56:14+00:00,0.4649999999999999,0,0.0,0.0,0.0,0.0,0.0,0.0,0.04999999999999999,69.22,0.7688529326784166
18746260,2026-05-28 01:56:15+00:00,0.4649999999999999,0,0.0,0.0,0.0,0.0,0.0,0.0,0.04999999999999999,69.22,0.7688529326784166
18746260,2026-05-28 01:56:16+00:00,0.4649999999999999,0,0.0,0.0,0.0,0.0,0.0,0.0,0.04999999999999999,69.22,0.7688529326784166
18746260,2026-05-28 01:56:17+00:00,0.4649999999999999,0,0.0,0.0,0.0,0.0,0.0,0.0,0.04999999999999999,69.22,0.7688529326784166
18746260,2026-05-28 01:56:18+00:00,0.4649999999999999,0,0.0,0.0,0.0,0.0,0.0,0.0,0.04999999999999999,69.22,0.7688529326784166
18746260,2026-05-28 01:56:19+00:00,0.4649999999999999,0,0.0,0.0,0.0,0.0,0.0,0.0,0.04999999999999999,69.22,0.7688529326784166
18746260,2026-05-28 01:56:20+00:00,0.4649999999999999,0,0.0,0.0,0.0,0.0,0.0,0.0,0.04999999999999999,69.22,0.7688529326784166
18746260,2026-05-28 01:56:21+00:00,0.4649999999999999,0,0.0,0.0,0.0,0.0,0.0,0.0,0.04999999999999999,69.22,0.7688529326784166
18746260,2026-05-28 01:56:22+00:00,0.4649999999999999,0,0.0,0.0,0.0,0.0,0.0,0.0,0.04999999999999999,69.22,0.7688529326784166
18746260,2026-05-28 01:56:23+00:00,0.4649999999999999,0,0.0,0.0,0.0,0.0,0.0,0.0,0.04999999999999999,69.22,0.7688529326784166
18746260,2026-05-28 01:56:24+00:00,0.4649999999999999,0,0.0,0.0,0.0,0.0,0.0,0.0,0.04999999999999999,69.22,0.7688529326784166
18746260,2026-05-28 01:56:25+00:00,0.4649999999999999,0,0.0,0.0,0.0,0.0,0.0,0.0,0.04999999999999999,69.22,0.7688529326784166
18746260,2026-05-28 01:56:26+00:00,0.4649999999999999,0,0.0,0.0,0.0,0.0,0.0,0.0,0.04999999999999999,69.22,0.7688529326784166
18746260,2026-05-28 01:56:27+00:00,0.4649999999999999,0,0.0,0.0,0.0,0.0,0.0,0.0,0.04999999999999999,69.22,0.7688529326784166
18746260,2026-05-28 01:56:28+00:00,0.4649999999999999,0,0.0,0.0,0.0,0.0,0.0,0.0,0.04999999999999999,69.22,0.7688529326784166
18746260,2026-05-28 01:56:29+00:00,0.4649999999999999,0,0.0,0.0,0.0,0.0,0.0,0.0,0.04999999999999999,69.22,0.7688529326784166
18746260,2026-05-28 01:56:30+00:00,0.4649999999999999,0,0.0,0.0,0.0,0.0,0.0,0.0,0.04999999999999999,69.22,0.7688529326784166
18746260,2026-05-28 01:56:31+00:00,0.4649999999999999,0,0.0,0.0,0.0,0.0,0.0,0.0,0.04999999999999999,69.22,0.7688529326784166
18746260,2026-05-28 01:56:32+00:00,0.4649999999999999,0,0.0,0.0,0.0,0.0,0.0,0.0,0.04999999999999999,69.22,0.7688529326784166
18746260,2026-05-28 01:56:33+00:00,0.4649999999999999,0,0.0,0.0,0.0,0.0,0.0,0.0,0.04999999999999999,69.22,0.7688529326784166
18746260,2026-05-28 01:56:34+00:00,0.4649999999999999,0,0.0,0.0,0.0,0.0,0.0,0.0,0.04999999999999999,69.22,0.7688529326784166
18746260,2026-05-28 01:56:35+00:00,0.4649999999999999,0,0.0,0.0,0.0,0.0,0.0,0.0,0.04999999999999999,69.22,0.7688529326784166
18746260,2026-05-28 01:56:36+00:00,0.4649999999999999,0,0.0,0.0,0.0,0.0,0.0,0.0,0.04999999999999999,69.22,0.7688529326784166
18746260,2026-05-28 01:56:37+00:00,0.4649999999999999,0,0.0,0.0,0.0,0.0,0.0,0.0,0.04999999999999999,69.22,0.7688529326784166
18746260,2026-05-28 01:56:38+00:00,0.4649999999999999,0,0.0,0.0,0.0,0.0,0.0,0.0,0.04999999999999999,69.22,0.7688529326784166
18746260,2026-05-28 01:56:39+00:00,0.4649999999999999,0,0.0,0.0,0.0,0.0,0.0,0.0,0.04999999999999999,69.22,0.7688529326784166
18746260,2026-05-28 01:56:40+00:00,0.4649999999999999,0,0.0,0.0,0.0,0.0,0.0,0.0,0.04999999999999999,69.22,0.7688529326784166
18746260,2026-05-28 01:56:41+00:00,0.4649999999999999,0,0.0,0.0,0.0,0.0,0.0,0.0,0.04999999999999999,69.22,0.7688529326784166
18746260,2026-05-28 01:56:42+00:00,0.4649999999999999,0,0.0,0.0,0.0,0.0,0.0,0.0,0.04999999999999999,69.22,0.7688529326784166
18746260,2026-05-28 01:56:43+00:00,0.4649999999999999,0,0.0,0.0,0.0,0.0,0.0,0.0,0.04999999999999999,69.22,0.7688529326784166
18746260,2026-05-28 01:56:44+00:00,0.4649999999999999,0,0.0,0.0,0.0,0.0,0.0,0.0,0.04999999999999999,69.22,0.7688529326784166
18746260,2026-05-28 01:56:45+00:00,0.4649999999999999,0,0.0,0.0,0.0,0.0,0.0,0.0,0.04999999999999999,69.22,0.7688529326784166
18746260,2026-05-28 01:56:46+00:00,0.4649999999999999,0,0.0,0.0,0.0,0.0,0.0,0.0,0.04999999999999999,69.22,0.7688529326784166
18746260,2026-05-28 01:56:47+00:00,0.4649999999999999,0,0.0,0.0,0.0,0.0,0.0,0.0,0.04999999999999999,69.22,0.7688529326784166
18746260,2026-05-28 01:56:48+00:00,0.4649999999999999,0,0.0,0.0,0.0,0.0,0.0,0.0,0.04999999999999999,69.22,0.7688529326784166
18746260,2026-05-28 01:56:49+00:00,0.4649999999999999,0,0.0,0.0,0.0,0.0,0.0,0.0,0.04999999999999999,69.22,0.7688529326784166
18746260,2026-05-28 01:56:50+00:00,0.4649999999999999,0,0.0,0.0,0.0,0.0,0.0,0.0,0.04999999999999999,69.22,0.7688529326784166
18746260,2026-05-28 01:56:51+00:00,0.4649999999999999,0,0.0,0.0,0.0,0.0,0.0,0.0,0.04999999999999999,69.22,0.7688529326784166
18746260,2026-05-28 01:56:52+00:00,0.4649999999999999,0,0.0,0.0,0.0,0.0,0.0,0.0,0.04999999999999999,69.22,0.7688529326784166
18746260,2026-05-28 01:56:53+00:00,0.4649999999999999,0,0.0,0.0,0.0,0.0,0.0,0.0,0.04999999999999999,69.22,0.7688529326784166
18746260,2026-05-28 01:56:54+00:00,0.4649999999999999,0,0.0,0.0,0.0,0.0,0.0,0.0,0.04999999999999999,69.22,0.7688529326784166
18746260,2026-05-28 01:56:55+00:00,0.4649999999999999,0,0.0,0.0,0.0,0.0,0.0,0.0,0.04999999999999999,69.22,0.7688529326784166
18746260,2026-05-28 01:56:56+00:00,0.4649999999999999,0,0.0,0.0,0.0,0.0,0.0,0.0,0.04999999999999999,69.22,0.7688529326784166
18746260,2026-05-28 01:56:57+00:00,0.4649999999999999,0,0.0,0.0,0.0,0.0,0.0,0.0,0.04999999999999999,69.22,0.7688529326784166
18746260,2026-05-28 01:56:58+00:00,0.4649999999999999,0,0.0,0.0,0.0,0.0,0.0,0.0,0.04999999999999999,69.22,0.7688529326784166
18746260,2026-05-28 01:56:59+00:00,0.4649999999999999,0,0.0,0.0,0.0,0.0,0.0,0.0,0.04999999999999999,69.22,0.7688529326784166
18746260,2026-05-28 01:57:00+00:00,0.4649999999999999,0,0.0,0.0,0.0,0.0,0.0,0.0,0.04999999999999999,69.22,0.7688529326784166
18746260,2026-05-28 01:57:01+00:00,0.4649999999999999,0,0.0,0.0,0.0,0.0,0.0,0.0,0.04999999999999999,69.22,0.7688529326784166
18746260,2026-05-28 01:57:02+00:00,0.4649999999999999,0,0.0,0.0,0.0,0.0,0.0,0.0,0.04999999999999999,69.22,0.7688529326784166
18746260,2026-05-28 01:57:03+00:00,0.4649999999999999,0,0.0,0.0,0.0,0.0,0.0,0.0,0.04999999999999999,69.22,0.7688529326784166
18746260,2026-05-28 01:57:04+00:00,0.4649999999999999,0,0.0,0.0,0.0,0.0,0.0,0.0,0.04999999999999999,69.22,0.7688529326784166
18746260,2026-05-28 01:57:05+00:00,0.4649999999999999,0,0.0,0.0,0.0,0.0,0.0,0.0,0.04999999999999999,69.22,0.7688529326784166
18746260,2026-05-28 01:57:06+00:00,0.4649999999999999,0,0.0,0.0,0.0,0.0,0.0,0.0,0.04999999999999999,69.22,0.7688529326784166
18746260,2026-05-28 01:57:07+00:00,0.4649999999999999,0,0.0,0.0,0.0,0.0,0.0,0.0,0.04999999999999999,69.22,0.7688529326784166
18746260,2026-05-28 01:57:08+00:00,0.4649999999999999,0,0.0,0.0,0.0,0.0,0.0,0.0,0.04999999999999999,69.22,0.7688529326784166
18746260,2026-05-28 01:57:09+00:00,0.4649999999999999,0,0.0,0.0,0.0,0.0,0.0,0.0,0.04999999999999999,69.22,0.7688529326784166
18746260,2026-05-28 01:57:10+00:00,0.4649999999999999,0,0.0,0.0,0.0,0.0,0.0,0.0,0.04999999999999999,69.22,0.7688529326784166
18746260,2026-05-28 01:57:11+00:00,0.4649999999999999,0,0.0,0.0,0.0,0.0,0.0,0.0,0.04999999999999999,69.22,0.7688529326784166
18746260,2026-05-28 01:57:12+00:00,0.4649999999999999,0,0.0,0.0,0.0,0.0,0.0,0.0,0.04999999999999999,69.22,0.7688529326784166
18746260,2026-05-28 01:57:13+00:00,0.4649999999999999,0,0.0,0.0,0.0,0.0,0.0,0.0,0.04999999999999999,69.22,0.7688529326784166
18746260,2026-05-28 01:57:14+00:00,0.4649999999999999,0,0.0,0.0,0.0,0.0,0.0,0.0,0.04999999999999999,69.22,0.7688529326784166
18746260,2026-05-28 01:57:15+00:00,0.4649999999999999,0,0.0,0.0,0.0,0.0,0.0,0.0,0.04999999999999999,69.22,0.7688529326784166
18746260,2026-05-28 01:57:16+00:00,0.4649999999999999,0,0.0,0.0,0.0,0.0,0.0,0.0,0.04999999999999999,69.22,0.7688529326784166
18746260,2026-05-28 01:57:17+00:00,0.4649999999999999,0,0.0,0.0,0.0,0.0,0.0,0.0,0.04999999999999999,69.22,0.7688529326784166
18746260,2026-05-28 01:57:18+00:00,0.4649999999999999,0,0.0,0.0,0.0,0.0,0.0,0.0,0.04999999999999999,69.22,0.7688529326784166
18746260,2026-05-28 01:57:19+00:00,0.4649999999999999,0,0.0,0.0,0.0,0.0,0.0,0.0,0.04999999999999999,69.22,0.7688529326784166
18746260,2026-05-28 01:57:20+00:00,0.4649999999999999,0,0.0,0.0,0.0,0.0,0.0,0.0,0.04999999999999999,69.22,0.7688529326784166
18746260,2026-05-28 01:57:21+00:00,0.4649999999999999,0,0.0,0.0,0.0,0.0,0.0,0.0,0.04999999999999999,69.22,0.7688529326784166
18746260,2026-05-28 01:57:22+00:00,0.4649999999999999,0,0.0,0.0,0.0,0.0,0.0,0.0,0.04999999999999999,69.22,0.7688529326784166
18746260,2026-05-28 01:57:23+00:00,0.4649999999999999,0,0.0,0.0,0.0,0.0,0.0,0.0,0.04999999999999999,69.22,0.7688529326784166
18746260,2026-05-28 01:57:24+00:00,0.4649999999999999,0,0.0,0.0,0.0,0.0,0.0,0.0,0.04999999999999999,69.22,0.7688529326784166
18746260,2026-05-28 01:57:25+00:00,0.4649999999999999,0,0.0,0.0,0.0,0.0,0.0,0.0,0.04999999999999999,69.22,0.7688529326784166
18746260,2026-05-28 01:57:26+00:00,0.4649999999999999,0,0.0,0.0,0.0,0.0,0.0,0.0,0.04999999999999999,69.22,0.7688529326784166
18746260,2026-05-28 01:57:27+00:00,0.4649999999999999,0,0.0,0.0,0.0,0.0,0.0,0.0,0.04999999999999999,69.22,0.7688529326784166
18746260,2026-05-28 01:57:28+00:00,0.4649999999999999,0,0.0,0.0,0.0,0.0,0.0,0.0,0.04999999999999999,69.22,0.7688529326784166
18746260,2026-05-28 01:57:29+00:00,0.4649999999999999,0,0.0,0.0,0.0,0.0,0.0,0.0,0.04999999999999999,69.22,0.7688529326784166
18746260,2026-05-28 01:57:30+00:00,0.4649999999999999,0,0.0,0.0,0.0,0.0,0.0,0.0,0.04999999999999999,69.22,0.7688529326784166
18746260,2026-05-28 01:57:31+00:00,0.4649999999999999,0,0.0,0.0,0.0,0.0,0.0,0.0,0.04999999999999999,69.22,0.7688529326784166
18746260,2026-05-28 01:57:32+00:00,0.4649999999999999,0,0.0,0.0,0.0,0.0,0.0,0.0,0.04999999999999999,69.22,0.7688529326784166
18746260,2026-05-28 01:57:33+00:00,0.4649999999999999,0,0.0,0.0,0.0,0.0,0.0,0.0,0.04999999999999999,69.22,0.7688529326784166
18746260,2026-05-28 01:57:34+00:00,0.4649999999999999,0,0.0,0.0,0.0,0.0,0.0,0.0,0.04999999999999999,69.22,0.7688529326784166
18746260,2026-05-28 01:57:35+00:00,0.4649999999999999,0,0.0,0.0,0.0,0.0,0.0,0.0,0.04999999999999999,69.22,0.7688529326784166
18746260,2026-05-28 01:57:36+00:00,0.4649999999999999,0,0.0,0.0,0.0,0.0,0.0,0.0,0.04999999999999999,69.22,0.7688529326784166
18746260,2026-05-28 01:57:37+00:00,0.4649999999999999,0,0.0,0.0,0.0,0.0,0.0,0.0,0.04999999999999999,69.22,0.7688529326784166
18746260,2026-05-28 01:57:38+00:00,0.4649999999999999,0,0.0,0.0,0.0,0.0,0.0,0.0,0.04999999999999999,69.22,0.7688529326784166
18746260,2026-05-28 01:57:39+00:00,0.4649999999999999,0,0.0,0.0,0.0,0.0,0.0,0.0,0.04999999999999999,69.22,0.7688529326784166
18746260,2026-05-28 01:57:40+00:00,0.4649999999999999,0,0.0,0.0,0.0,0.0,0.0,0.0,0.04999999999999999,69.22,0.7688529326784166
18746260,2026-05-28 01:57:41+00:00,0.4649999999999999,0,0.0,0.0,0.0,0.0,0.0,0.0,0.04999999999999999,69.22,0.7688529326784166
18746260,2026-05-28 01:57:42+00:00,0.4649999999999999,0,0.0,0.0,0.0,0.0,0.0,0.0,0.04999999999999999,69.22,0.7688529326784166
18746260,2026-05-28 01:57:43+00:00,0.4649999999999999,0,0.0,0.0,0.0,0.0,0.0,0.0,0.04999999999999999,69.22,0.7688529326784166
18746260,2026-05-28 01:57:44+00:00,0.4649999999999999,0,0.0,0.0,0.0,0.0,0.0,0.0,0.04999999999999999,69.22,0.7688529326784166
18746260,2026-05-28 01:57:45+00:00,0.4649999999999999,0,0.0,0.0,0.0,0.0,0.0,0.0,0.04999999999999999,69.22,0.7688529326784166
18746260,2026-05-28 01:57:46+00:00,0.4649999999999999,0,0.0,0.0,0.0,0.0,0.0,0.0,0.04999999999999999,69.22,0.7688529326784166
18746260,2026-05-28 01:57:47+00:00,0.4649999999999999,0,0.0,0.0,0.0,0.0,0.0,0.0,0.04999999999999999,69.22,0.7688529326784166
18746260,2026-05-28 01:57:48+00:00,0.4649999999999999,0,0.0,0.0,0.0,0.0,0.0,0.0,0.04999999999999999,69.22,0.7688529326784166
18746260,2026-05-28 01:57:49+00:00,0.4649999999999999,0,0.0,0.0,0.0,0.0,0.0,0.0,0.04999999999999999,69.22,0.7688529326784166
18746260,2026-05-28 01:57:50+00:00,0.4649999999999999,0,0.0,0.0,0.0,0.0,0.0,0.0,0.04999999999999999,69.22,0.7688529326784166
18746260,2026-05-28 01:57:51+00:00,0.4649999999999999,0,0.0,0.0,0.0,0.0,0.0,0.0,0.04999999999999999,69.22,0.7688529326784166
18746260,2026-05-28 01:57:52+00:00,0.4649999999999999,0,0.0,0.0,0.0,0.0,0.0,0.0,0.04999999999999999,69.22,0.7688529326784166
18746260,2026-05-28 01:57:53+00:00,0.4649999999999999,0,0.0,0.0,0.0,0.0,0.0,0.0,0.04999999999999999,69.22,0.7688529326784166
18746260,2026-05-28 01:57:54+00:00,0.4649999999999999,0,0.0,0.0,0.0,0.0,0.0,0.0,0.04999999999999999,69.22,0.7688529326784166
18746260,2026-05-28 01:57:55+00:00,0.4649999999999999,0,0.0,0.0,0.0,0.0,0.0,0.0,0.04999999999999999,69.22,0.7688529326784166
18746260,2026-05-28 01:57:56+00:00,0.4649999999999999,0,0.0,0.0,0.0,0.0,0.0,0.0,0.04999999999999999,69.22,0.7688529326784166
18746260,2026-05-28 01:57:57+00:00,0.4649999999999999,0,0.0,0.0,0.0,0.0,0.0,0.0,0.04999999999999999,69.22,0.7688529326784166
18746260,2026-05-28 01:57:58+00:00,0.4649999999999999,0,0.0,0.0,0.0,0.0,0.0,0.0,0.04999999999999999,69.22,0.7688529326784166
18746260,2026-05-28 01:57:59+00:00,0.4649999999999999,0,0.0,0.0,0.0,0.0,0.0,0.0,0.04999999999999999,69.22,0.7688529326784166
18746260,2026-05-28 01:58:00+00:00,0.4649999999999999,0,0.0,0.0,0.0,0.0,0.0,0.0,0.04999999999999999,69.22,0.7688529326784166
18746260,2026-05-28 01:58:01+00:00,0.4649999999999999,0,0.0,0.0,0.0,0.0,0.0,0.0,0.04999999999999999,69.22,0.7688529326784166
18746260,2026-05-28 01:58:02+00:00,0.4649999999999999,0,0.0,0.0,0.0,0.0,0.0,0.0,0.04999999999999999,69.22,0.7688529326784166
18746260,2026-05-28 01:58:03+00:00,0.4649999999999999,0,0.0,0.0,0.0,0.0,0.0,0.0,0.04999999999999999,69.22,0.7688529326784166
18746260,2026-05-28 01:58:04+00:00,0.4649999999999999,0,0.0,0.0,0.0,0.0,0.0,0.0,0.04999999999999999,69.22,0.7688529326784166
18746260,2026-05-28 01:58:05+00:00,0.4649999999999999,0,0.0,0.0,0.0,0.0,0.0,0.0,0.04999999999999999,69.22,0.7688529326784166
18746260,2026-05-28 01:58:06+00:00,0.4649999999999999,0,0.0,0.0,0.0,0.0,0.0,0.0,0.04999999999999999,69.22,0.7688529326784166
18746260,2026-05-28 01:58:07+00:00,0.4649999999999999,0,0.0,0.0,0.0,0.0,0.0,0.0,0.04999999999999999,69.22,0.7688529326784166
18746260,2026-05-28 01:58:08+00:00,0.4649999999999999,0,0.0,0.0,0.0,0.0,0.0,0.0,0.04999999999999999,69.22,0.7688529326784166
18746260,2026-05-28 01:58:09+00:00,0.4649999999999999,0,0.0,0.0,0.0,0.0,0.0,0.0,0.04999999999999999,69.22,0.7688529326784166
18746260,2026-05-28 01:58:10+00:00,0.4649999999999999,0,0.0,0.0,0.0,0.0,0.0,0.0,0.04999999999999999,69.22,0.7688529326784166
18746260,2026-05-28 01:58:11+00:00,0.4649999999999999,0,0.0,0.0,0.0,0.0,0.0,0.0,0.04999999999999999,69.22,0.7688529326784166
18746260,2026-05-28 01:58:12+00:00,0.4649999999999999,0,0.0,0.0,0.0,0.0,0.0,0.0,0.04999999999999999,69.22,0.7688529326784166
18746260,2026-05-28 01:58:13+00:00,0.4649999999999999,0,0.0,0.0,0.0,0.0,0.0,0.0,0.04999999999999999,69.22,0.7688529326784166
18746260,2026-05-28 01:58:14+00:00,0.4649999999999999,0,0.0,0.0,0.0,0.0,0.0,0.0,0.04999999999999999,69.22,0.7688529326784166
18746260,2026-05-28 01:58:15+00:00,0.4649999999999999,0,0.0,0.0,0.0,0.0,0.0,0.0,0.04999999999999999,69.22,0.7688529326784166
18746260,2026-05-28 01:58:16+00:00,0.4649999999999999,0,0.0,0.0,0.0,0.0,0.0,0.0,0.04999999999999999,69.22,0.7688529326784166
18746260,2026-05-28 01:58:17+00:00,0.4649999999999999,0,0.0,0.0,0.0,0.0,0.0,0.0,0.04999999999999999,69.22,0.7688529326784166
18746260,2026-05-28 01:58:18+00:00,0.4649999999999999,0,0.0,0.0,0.0,0.0,0.0,0.0,0.04999999999999999,69.22,0.7688529326784166
18746260,2026-05-28 01:58:19+00:00,0.4649999999999999,0,0.0,0.0,0.0,0.0,0.0,0.0,0.04999999999999999,69.22,0.7688529326784166
18746260,2026-05-28 01:58:20+00:00,0.4649999999999999,0,0.0,0.0,0.0,0.0,0.0,0.0,0.04999999999999999,69.22,0.7688529326784166
18746260,2026-05-28 01:58:21+00:00,0.4649999999999999,0,0.0,0.0,0.0,0.0,0.0,0.0,0.04999999999999999,69.22,0.7688529326784166
18746260,2026-05-28 01:58:22+00:00,0.4649999999999999,0,0.0,0.0,0.0,0.0,0.0,0.0,0.04999999999999999,69.22,0.7688529326784166
18746260,2026-05-28 01:58:23+00:00,0.4649999999999999,0,0.0,0.0,0.0,0.0,0.0,0.0,0.04999999999999999,69.22,0.7688529326784166
18746260,2026-05-28 01:58:24+00:00,0.4649999999999999,0,0.0,0.0,0.0,0.0,0.0,0.0,0.04999999999999999,69.22,0.7688529326784166
18746260,2026-05-28 01:58:25+00:00,0.4649999999999999,0,0.0,0.0,0.0,0.0,0.0,0.0,0.04999999999999999,69.22,0.7688529326784166
18746260,2026-05-28 01:58:26+00:00,0.4649999999999999,0,0.0,0.0,0.0,0.0,0.0,0.0,0.04999999999999999,69.22,0.7688529326784166
18746260,2026-05-28 01:58:27+00:00,0.4649999999999999,0,0.0,0.0,0.0,0.0,0.0,0.0,0.04999999999999999,69.22,0.7688529326784166
18746260,2026-05-28 01:58:28+00:00,0.4649999999999999,0,0.0,0.0,0.0,0.0,0.0,0.0,0.04999999999999999,69.22,0.7688529326784166
18746260,2026-05-28 01:58:29+00:00,0.4649999999999999,0,0.0,0.0,0.0,0.0,0.0,0.0,0.04999999999999999,69.22,0.7688529326784166
18746260,2026-05-28 01:58:30+00:00,0.4649999999999999,0,0.0,0.0,0.0,0.0,0.0,0.0,0.04999999999999999,69.22,0.7688529326784166
18746260,2026-05-28 01:58:31+00:00,0.4649999999999999,0,0.0,0.0,0.0,0.0,0.0,0.0,0.04999999999999999,69.22,0.7688529326784166
18746260,2026-05-28 01:58:32+00:00,0.4649999999999999,0,0.0,0.0,0.0,0.0,0.0,0.0,0.04999999999999999,69.22,0.7688529326784166
18746260,2026-05-28 01:58:33+00:00,0.4649999999999999,0,0.0,0.0,0.0,0.0,0.0,0.0,0.04999999999999999,69.22,0.7688529326784166
18746260,2026-05-28 01:58:34+00:00,0.4649999999999999,0,0.0,0.0,0.0,0.0,0.0,0.0,0.04999999999999999,69.22,0.7688529326784166
18746260,2026-05-28 01:58:35+00:00,0.4649999999999999,0,0.0,0.0,0.0,0.0,0.0,0.0,0.04999999999999999,69.22,0.7688529326784166
18746260,2026-05-28 01:58:36+00:00,0.4649999999999999,0,0.0,0.0,0.0,0.0,0.0,0.0,0.04999999999999999,69.22,0.7688529326784166
18746260,2026-05-28 01:58:37+00:00,0.4649999999999999,0,0.0,0.0,0.0,0.0,0.0,0.0,0.04999999999999999,69.22,0.7688529326784166
18746260,2026-05-28 01:58:38+00:00,0.4649999999999999,0,0.0,0.0,0.0,0.0,0.0,0.0,0.04999999999999999,69.22,0.7688529326784166
18746260,2026-05-28 01:58:39+00:00,0.4649999999999999,0,0.0,0.0,0.0,0.0,0.0,0.0,0.04999999999999999,69.22,0.7688529326784166
18746260,2026-05-28 01:58:40+00:00,0.4649999999999999,0,0.0,0.0,0.0,0.0,0.0,0.0,0.04999999999999999,69.22,0.7688529326784166
18746260,2026-05-28 01:58:41+00:00,0.4649999999999999,0,0.0,0.0,0.0,0.0,0.0,0.0,0.04999999999999999,69.22,0.7688529326784166
18746260,2026-05-28 01:58:42+00:00,0.4649999999999999,0,0.0,0.0,0.0,0.0,0.0,0.0,0.04999999999999999,69.22,0.7688529326784166
18746260,2026-05-28 01:58:43+00:00,0.4649999999999999,0,0.0,0.0,0.0,0.0,0.0,0.0,0.04999999999999999,69.22,0.7688529326784166
18746260,2026-05-28 01:58:44+00:00,0.4649999999999999,0,0.0,0.0,0.0,0.0,0.0,0.0,0.04999999999999999,69.22,0.7688529326784166
18746260,2026-05-28 01:58:45+00:00,0.4649999999999999,0,0.0,0.0,0.0,0.0,0.0,0.0,0.04999999999999999,69.22,0.7688529326784166
18746260,2026-05-28 01:58:46+00:00,0.4649999999999999,0,0.0,0.0,0.0,0.0,0.0,0.0,0.04999999999999999,69.22,0.7688529326784166
18746260,2026-05-28 01:58:47+00:00,0.4649999999999999,0,0.0,0.0,0.0,0.0,0.0,0.0,0.04999999999999999,69.22,0.7688529326784166
18746260,2026-05-28 01:58:48+00:00,0.4649999999999999,0,0.0,0.0,0.0,0.0,0.0,0.0,0.04999999999999999,69.22,0.7688529326784166
18746260,2026-05-28 01:58:49+00:00,0.4649999999999999,0,0.0,0.0,0.0,0.0,0.0,0.0,0.04999999999999999,69.22,0.7688529326784166
18746260,2026-05-28 01:58:50+00:00,0.4649999999999999,0,0.0,0.0,0.0,0.0,0.0,0.0,0.04999999999999999,69.22,0.7688529326784166
18746260,2026-05-28 01:58:51+00:00,0.4649999999999999,0,0.0,0.0,0.0,0.0,0.0,0.0,0.04999999999999999,69.22,0.7688529326784166
18746260,2026-05-28 01:58:52+00:00,0.4649999999999999,0,0.0,0.0,0.0,0.0,0.0,0.0,0.04999999999999999,69.22,0.7688529326784166
18746260,2026-05-28 01:58:53+00:00,0.4649999999999999,0,0.0,0.0,0.0,0.0,0.0,0.0,0.04999999999999999,69.22,0.7688529326784166
18746260,2026-05-28 01:58:54+00:00,0.4649999999999999,0,0.0,0.0,0.0,0.0,0.0,0.0,0.04999999999999999,69.22,0.7688529326784166
18746260,2026-05-28 01:58:55+00:00,0.4649999999999999,0,0.0,0.0,0.0,0.0,0.0,0.0,0.04999999999999999,69.22,0.7688529326784166
18746260,2026-05-28 01:58:56+00:00,0.4649999999999999,0,0.0,0.0,0.0,0.0,0.0,0.0,0.04999999999999999,69.22,0.7688529326784166
18746260,2026-05-28 01:58:57+00:00,0.4649999999999999,0,0.0,0.0,0.0,0.0,0.0,0.0,0.04999999999999999,69.22,0.7688529326784166
18746260,2026-05-28 01:58:58+00:00,0.4649999999999999,0,0.0,0.0,0.0,0.0,0.0,0.0,0.04999999999999999,69.22,0.7688529326784166
18746260,2026-05-28 01:58:59+00:00,0.4649999999999999,0,0.0,0.0,0.0,0.0,0.0,0.0,0.04999999999999999,69.22,0.7688529326784166
18746260,2026-05-28 01:59:00+00:00,0.4649999999999999,0,0.0,0.0,0.0,0.0,0.0,0.0,0.04999999999999999,69.22,0.7688529326784166
18746260,2026-05-28 01:59:01+00:00,0.4649999999999999,0,0.0,0.0,0.0,0.0,0.0,0.0,0.04999999999999999,69.22,0.7688529326784166
18746260,2026-05-28 01:59:02+00:00,0.4649999999999999,0,0.0,0.0,0.0,0.0,0.0,0.0,0.04999999999999999,69.22,0.7688529326784166
18746260,2026-05-28 01:59:03+00:00,0.4649999999999999,0,0.0,0.0,0.0,0.0,0.0,0.0,0.04999999999999999,69.22,0.7688529326784166
18746260,2026-05-28 01:59:04+00:00,0.4649999999999999,0,0.0,0.0,0.0,0.0,0.0,0.0,0.04999999999999999,69.22,0.7688529326784166
18746260,2026-05-28 01:59:05+00:00,0.4649999999999999,0,0.0,0.0,0.0,0.0,0.0,0.0,0.04999999999999999,69.22,0.7688529326784166
18746260,2026-05-28 01:59:06+00:00,0.4649999999999999,0,0.0,0.0,0.0,0.0,0.0,0.0,0.04999999999999999,69.22,0.7688529326784166
18746260,2026-05-28 01:59:07+00:00,0.4649999999999999,0,0.0,0.0,0.0,0.0,0.0,0.0,0.04999999999999999,69.22,0.7688529326784166
18746260,2026-05-28 01:59:08+00:00,0.4649999999999999,0,0.0,0.0,0.0,0.0,0.0,0.0,0.04999999999999999,69.22,0.7688529326784166
18746260,2026-05-28 01:59:09+00:00,0.4649999999999999,0,0.0,0.0,0.0,0.0,0.0,0.0,0.04999999999999999,69.22,0.7688529326784166
18746260,2026-05-28 01:59:10+00:00,0.4649999999999999,0,0.0,0.0,0.0,0.0,0.0,0.0,0.04999999999999999,69.22,0.7688529326784166
18746260,2026-05-28 01:59:11+00:00,0.4649999999999999,0,0.0,0.0,0.0,0.0,0.0,0.0,0.04999999999999999,69.22,0.7688529326784166
18746260,2026-05-28 01:59:12+00:00,0.4649999999999999,0,0.0,0.0,0.0,0.0,0.0,0.0,0.04999999999999999,69.22,0.7688529326784166
18746260,2026-05-28 01:59:13+00:00,0.4649999999999999,0,0.0,0.0,0.0,0.0,0.0,0.0,0.04999999999999999,69.22,0.7688529326784166
18746260,2026-05-28 01:59:14+00:00,0.4649999999999999,0,0.0,0.0,0.0,0.0,0.0,0.0,0.04999999999999999,69.22,0.7688529326784166
18746260,2026-05-28 01:59:15+00:00,0.4649999999999999,0,0.0,0.0,0.0,0.0,0.0,0.0,0.04999999999999999,69.22,0.7688529326784166
18746260,2026-05-28 01:59:16+00:00,0.4649999999999999,0,0.0,0.0,0.0,0.0,0.0,0.0,0.04999999999999999,69.22,0.7688529326784166
18746260,2026-05-28 01:59:17+00:00,0.4649999999999999,0,0.0,0.0,0.0,0.0,0.0,0.0,0.04999999999999999,69.22,0.7688529326784166
18746260,2026-05-28 01:59:18+00:00,0.4649999999999999,0,0.0,0.0,0.0,0.0,0.0,0.0,0.04999999999999999,69.22,0.7688529326784166
18746260,2026-05-28 01:59:19+00:00,0.4649999999999999,0,0.0,0.0,0.0,0.0,0.0,0.0,0.04999999999999999,69.22,0.7688529326784166
18746260,2026-05-28 01:59:20+00:00,0.4649999999999999,0,0.0,0.0,0.0,0.0,0.0,0.0,0.04999999999999999,69.22,0.7688529326784166
18746260,2026-05-28 01:59:21+00:00,0.4649999999999999,0,0.0,0.0,0.0,0.0,0.0,0.0,0.04999999999999999,69.22,0.7688529326784166
18746260,2026-05-28 01:59:22+00:00,0.4649999999999999,0,0.0,0.0,0.0,0.0,0.0,0.0,0.04999999999999999,69.22,0.7688529326784166
18746260,2026-05-28 01:59:23+00:00,0.4649999999999999,0,0.0,0.0,0.0,0.0,0.0,0.0,0.04999999999999999,69.22,0.7688529326784166
18746260,2026-05-28 01:59:24+00:00,0.4649999999999999,0,0.0,0.0,0.0,0.0,0.0,0.0,0.04999999999999999,69.22,0.7688529326784166
18746260,2026-05-28 01:59:25+00:00,0.4649999999999999,0,0.0,0.0,0.0,0.0,0.0,0.0,0.04999999999999999,69.22,0.7688529326784166
18746260,2026-05-28 01:59:26+00:00,0.4649999999999999,0,0.0,0.0,0.0,0.0,0.0,0.0,0.04999999999999999,69.22,0.7688529326784166
18746260,2026-05-28 01:59:27+00:00,0.4649999999999999,0,0.0,0.0,0.0,0.0,0.0,0.0,0.04999999999999999,69.22,0.7688529326784166
18746260,2026-05-28 01:59:28+00:00,0.4649999999999999,0,0.0,0.0,0.0,0.0,0.0,0.0,0.04999999999999999,69.22,0.7688529326784166
18746260,2026-05-28 01:59:29+00:00,0.4649999999999999,0,0.0,0.0,0.0,0.0,0.0,0.0,0.04999999999999999,69.22,0.7688529326784166
18746260,2026-05-28 01:59:30+00:00,0.4649999999999999,0,0.0,0.0,0.0,0.0,0.0,0.0,0.04999999999999999,69.22,0.7688529326784166
18746260,2026-05-28 01:59:31+00:00,0.4649999999999999,0,0.0,0.0,0.0,0.0,0.0,0.0,0.04999999999999999,69.22,0.7688529326784166
18746260,2026-05-28 01:59:32+00:00,0.4649999999999999,0,0.0,0.0,0.0,0.0,0.0,0.0,0.04999999999999999,69.22,0.7688529326784166
18746260,2026-05-28 01:59:33+00:00,0.4649999999999999,0,0.0,0.0,0.0,0.0,0.0,0.0,0.04999999999999999,69.22,0.7688529326784166
18746260,2026-05-28 01:59:34+00:00,0.4649999999999999,0,0.0,0.0,0.0,0.0,0.0,0.0,0.04999999999999999,69.22,0.7688529326784166
18746260,2026-05-28 01:59:35+00:00,0.4649999999999999,0,0.0,0.0,0.0,0.0,0.0,0.0,0.04999999999999999,69.22,0.7688529326784166
18746260,2026-05-28 01:59:36+00:00,0.4649999999999999,0,0.0,0.0,0.0,0.0,0.0,0.0,0.04999999999999999,69.22,0.7688529326784166
18746260,2026-05-28 01:59:37+00:00,0.4649999999999999,0,0.0,0.0,0.0,0.0,0.0,0.0,0.04999999999999999,69.22,0.7688529326784166
18746260,2026-05-28 01:59:38+00:00,0.4649999999999999,0,0.0,0.0,0.0,0.0,0.0,0.0,0.04999999999999999,69.22,0.7688529326784166
18746260,2026-05-28 01:59:39+00:00,0.4649999999999999,0,0.0,0.0,0.0,0.0,0.0,0.0,0.04999999999999999,69.22,0.7688529326784166
18746260,2026-05-28 01:59:40+00:00,0.4649999999999999,0,0.0,0.0,0.0,0.0,0.0,0.0,0.04999999999999999,69.22,0.7688529326784166
18746260,2026-05-28 01:59:41+00:00,0.4649999999999999,0,0.0,0.0,0.0,0.0,0.0,0.0,0.04999999999999999,69.22,0.7688529326784166
18746260,2026-05-28 01:59:42+00:00,0.4649999999999999,0,0.0,0.0,0.0,0.0,0.0,0.0,0.04999999999999999,69.22,0.7688529326784166
18746260,2026-05-28 01:59:43+00:00,0.4649999999999999,0,0.0,0.0,0.0,0.0,0.0,0.0,0.04999999999999999,69.22,0.7688529326784166
18746260,2026-05-28 01:59:44+00:00,0.4649999999999999,0,0.0,0.0,0.0,0.0,0.0,0.0,0.04999999999999999,69.22,0.7688529326784166
18746260,2026-05-28 01:59:45+00:00,0.4649999999999999,0,0.0,0.0,0.0,0.0,0.0,0.0,0.04999999999999999,69.22,0.7688529326784166
18746260,2026-05-28 01:59:46+00:00,0.4649999999999999,0,0.0,0.0,0.0,0.0,0.0,0.0,0.04999999999999999,69.22,0.7688529326784166
18746260,2026-05-28 01:59:47+00:00,0.4649999999999999,0,0.0,0.0,0.0,0.0,0.0,0.0,0.04999999999999999,69.22,0.7688529326784166
18746260,2026-05-28 01:59:48+00:00,0.4649999999999999,0,0.0,0.0,0.0,0.0,0.0,0.0,0.04999999999999999,69.22,0.7688529326784166
18746260,2026-05-28 01:59:49+00:00,0.4649999999999999,0,0.0,0.0,0.0,0.0,0.0,0.0,0.04999999999999999,69.22,0.7688529326784166
18746260,2026-05-28 01:59:50+00:00,0.4649999999999999,0,0.0,0.0,0.0,0.0,0.0,0.0,0.04999999999999999,69.22,0.7688529326784166
18746260,2026-05-28 01:59:51+00:00,0.4649999999999999,0,0.0,0.0,0.0,0.0,0.0,0.0,0.04999999999999999,69.22,0.7688529326784166
18746260,2026-05-28 01:59:52+00:00,0.4649999999999999,0,0.0,0.0,0.0,0.0,0.0,0.0,0.04999999999999999,69.22,0.7688529326784166
18746260,2026-05-28 01:59:53+00:00,0.4649999999999999,0,0.0,0.0,0.0,0.0,0.0,0.0,0.04999999999999999,69.22,0.7688529326784166
18746260,2026-05-28 01:59:54+00:00,0.4649999999999999,0,0.0,0.0,0.0,0.0,0.0,0.0,0.04999999999999999,69.22,0.7688529326784166
18746260,2026-05-28 01:59:55+00:00,0.4649999999999999,0,0.0,0.0,0.0,0.0,0.0,0.0,0.04999999999999999,69.22,0.7688529326784166
18746260,2026-05-28 01:59:56+00:00,0.4649999999999999,0,0.0,0.0,0.0,0.0,0.0,0.0,0.04999999999999999,69.22,0.7688529326784166
18746260,2026-05-28 01:59:57+00:00,0.4649999999999999,0,0.0,0.0,0.0,0.0,0.0,0.0,0.04999999999999999,69.22,0.7688529326784166
18746260,2026-05-28 01:59:58+00:00,0.4649999999999999,0,0.0,0.0,0.0,0.0,0.0,0.0,0.04999999999999999,69.22,0.7688529326784166
18746260,2026-05-28 01:59:59+00:00,0.4649999999999999,0,0.0,0.0,0.0,0.0,0.0,0.0,0.04999999999999999,69.22,0.7688529326784166
18746260,2026-05-28 02:00:00+00:00,0.4649999999999999,0,0.0,0.0,0.0,0.0,0.0,0.0,0.04999999999999999,69.22,0.7688529326784166
18746260,2026-05-28 02:00:01+00:00,0.4649999999999999,0,0.0,0.0,0.0,0.0,0.0,0.0,0.04999999999999999,69.22,0.7688529326784166
18746260,2026-05-28 02:00:02+00:00,0.4649999999999999,0,0.0,0.0,0.0,0.0,0.0,0.0,0.04999999999999999,69.22,0.7688529326784166
18746260,2026-05-28 02:00:03+00:00,0.4649999999999999,0,0.0,0.0,0.0,0.0,0.0,0.0,0.04999999999999999,69.22,0.7688529326784166
18746260,2026-05-28 02:00:04+00:00,0.4649999999999999,0,0.0,0.0,0.0,0.0,0.0,0.0,0.04999999999999999,69.22,0.7688529326784166
18746260,2026-05-28 02:00:05+00:00,0.4649999999999999,0,0.0,0.0,0.0,0.0,0.0,0.0,0.04999999999999999,69.22,0.7688529326784166
18746260,2026-05-28 02:00:06+00:00,0.4649999999999999,0,0.0,0.0,0.0,0.0,0.0,0.0,0.04999999999999999,69.22,0.7688529326784166
18746260,2026-05-28 02:00:07+00:00,0.4649999999999999,0,0.0,0.0,0.0,0.0,0.0,0.0,0.04999999999999999,69.22,0.7688529326784166
18746260,2026-05-28 02:00:08+00:00,0.4649999999999999,0,0.0,0.0,0.0,0.0,0.0,0.0,0.04999999999999999,69.22,0.7688529326784166
18746260,2026-05-28 02:00:09+00:00,0.4649999999999999,0,0.0,0.0,0.0,0.0,0.0,0.0,0.04999999999999999,69.22,0.7688529326784166
18746260,2026-05-28 02:00:10+00:00,0.4649999999999999,0,0.0,0.0,0.0,0.0,0.0,0.0,0.04999999999999999,69.22,0.7688529326784166
18746260,2026-05-28 02:00:11+00:00,0.4649999999999999,0,0.0,0.0,0.0,0.0,0.0,0.0,0.04999999999999999,69.22,0.7688529326784166
18746260,2026-05-28 02:00:12+00:00,0.4649999999999999,0,0.0,0.0,0.0,0.0,0.0,0.0,0.04999999999999999,69.22,0.7688529326784166
18746260,2026-05-28 02:00:13+00:00,0.4649999999999999,0,0.0,0.0,0.0,0.0,0.0,0.0,0.04999999999999999,69.22,0.7688529326784166
18746260,2026-05-28 02:00:14+00:00,0.4649999999999999,0,0.0,0.0,0.0,0.0,0.0,0.0,0.04999999999999999,69.22,0.7688529326784166
18746260,2026-05-28 02:00:15+00:00,0.4649999999999999,0,0.0,0.0,0.0,0.0,0.0,0.0,0.04999999999999999,69.22,0.7688529326784166
18746260,2026-05-28 02:00:16+00:00,0.4649999999999999,0,0.0,0.0,0.0,0.0,0.0,0.0,0.04999999999999999,69.22,0.7688529326784166
18746260,2026-05-28 02:00:17+00:00,0.4649999999999999,0,0.0,0.0,0.0,0.0,0.0,0.0,0.04999999999999999,69.22,0.7688529326784166
18746260,2026-05-28 02:00:18+00:00,0.4649999999999999,0,0.0,0.0,0.0,0.0,0.0,0.0,0.04999999999999999,69.22,0.7688529326784166
18746260,2026-05-28 02:00:19+00:00,0.4649999999999999,0,0.0,0.0,0.0,0.0,0.0,0.0,0.04999999999999999,69.22,0.7688529326784166
18746260,2026-05-28 02:00:20+00:00,0.4649999999999999,0,0.0,0.0,0.0,0.0,0.0,0.0,0.04999999999999999,69.22,0.7688529326784166
18746260,2026-05-28 02:00:21+00:00,0.4649999999999999,0,0.0,0.0,0.0,0.0,0.0,0.0,0.04999999999999999,69.22,0.7688529326784166
18746260,2026-05-28 02:00:22+00:00,0.4649999999999999,0,0.0,0.0,0.0,0.0,0.0,0.0,0.04999999999999999,69.22,0.7688529326784166
18746260,2026-05-28 02:00:23+00:00,0.4649999999999999,0,0.0,0.0,0.0,0.0,0.0,0.0,0.04999999999999999,69.22,0.7688529326784166
18746260,2026-05-28 02:00:24+00:00,0.4649999999999999,0,0.0,0.0,0.0,0.0,0.0,0.0,0.04999999999999999,69.22,0.7688529326784166
18746260,2026-05-28 02:00:25+00:00,0.4649999999999999,0,0.0,0.0,0.0,0.0,0.0,0.0,0.04999999999999999,69.22,0.7688529326784166
18746260,2026-05-28 02:00:26+00:00,0.4649999999999999,0,0.0,0.0,0.0,0.0,0.0,0.0,0.04999999999999999,69.22,0.7688529326784166
18746260,2026-05-28 02:00:27+00:00,0.4649999999999999,0,0.0,0.0,0.0,0.0,0.0,0.0,0.04999999999999999,69.22,0.7688529326784166
18746260,2026-05-28 02:00:28+00:00,0.4649999999999999,0,0.0,0.0,0.0,0.0,0.0,0.0,0.04999999999999999,69.22,0.7688529326784166
18746260,2026-05-28 02:00:29+00:00,0.4649999999999999,0,0.0,0.0,0.0,0.0,0.0,0.0,0.04999999999999999,69.22,0.7688529326784166
18746260,2026-05-28 02:00:30+00:00,0.4649999999999999,0,0.0,0.0,0.0,0.0,0.0,0.0,0.04999999999999999,69.22,0.7688529326784166
18746260,2026-05-28 02:00:31+00:00,0.4649999999999999,0,0.0,0.0,0.0,0.0,0.0,0.0,0.04999999999999999,69.22,0.7688529326784166
18746260,2026-05-28 02:00:32+00:00,0.4649999999999999,0,0.0,0.0,0.0,0.0,0.0,0.0,0.04999999999999999,69.22,0.7688529326784166
18746260,2026-05-28 02:00:33+00:00,0.4649999999999999,0,0.0,0.0,0.0,0.0,0.0,0.0,0.04999999999999999,69.22,0.7688529326784166
18746260,2026-05-28 02:00:34+00:00,0.4649999999999999,0,0.0,0.0,0.0,0.0,0.0,0.0,0.04999999999999999,69.22,0.7688529326784166
18746260,2026-05-28 02:00:35+00:00,0.4649999999999999,0,0.0,0.0,0.0,0.0,0.0,0.0,0.04999999999999999,69.22,0.7688529326784166
18746260,2026-05-28 02:00:36+00:00,0.4649999999999999,0,0.0,0.0,0.0,0.0,0.0,0.0,0.04999999999999999,69.22,0.7688529326784166
18746260,2026-05-28 02:00:37+00:00,0.4649999999999999,0,0.0,0.0,0.0,0.0,0.0,0.0,0.04999999999999999,69.22,0.7688529326784166
18746260,2026-05-28 02:00:38+00:00,0.4649999999999999,0,0.0,0.0,0.0,0.0,0.0,0.0,0.04999999999999999,69.22,0.7688529326784166
18746260,2026-05-28 02:00:39+00:00,0.4649999999999999,0,0.0,0.0,0.0,0.0,0.0,0.0,0.04999999999999999,69.22,0.7688529326784166
18746260,2026-05-28 02:00:40+00:00,0.4649999999999999,0,0.0,0.0,0.0,0.0,0.0,0.0,0.04999999999999999,69.22,0.7688529326784166
18746260,2026-05-28 02:00:41+00:00,0.4649999999999999,0,0.0,0.0,0.0,0.0,0.0,0.0,0.04999999999999999,69.22,0.7688529326784166
18746260,2026-05-28 02:00:42+00:00,0.4649999999999999,0,0.0,0.0,0.0,0.0,0.0,0.0,0.04999999999999999,69.22,0.7688529326784166
18746260,2026-05-28 02:00:43+00:00,0.4649999999999999,0,0.0,0.0,0.0,0.0,0.0,0.0,0.04999999999999999,69.22,0.7688529326784166
18746260,2026-05-28 02:00:44+00:00,0.4649999999999999,0,0.0,0.0,0.0,0.0,0.0,0.0,0.04999999999999999,69.22,0.7688529326784166
18746260,2026-05-28 02:00:45+00:00,0.4649999999999999,0,0.0,0.0,0.0,0.0,0.0,0.0,0.04999999999999999,69.22,0.7688529326784166
18746260,2026-05-28 02:00:46+00:00,0.4649999999999999,0,0.0,0.0,0.0,0.0,0.0,0.0,0.04999999999999999,69.22,0.7688529326784166
18746260,2026-05-28 02:00:47+00:00,0.4649999999999999,0,0.0,0.0,0.0,0.0,0.0,0.0,0.04999999999999999,69.22,0.7688529326784166
18746260,2026-05-28 02:00:48+00:00,0.4649999999999999,0,0.0,0.0,0.0,0.0,0.0,0.0,0.04999999999999999,69.22,0.7688529326784166
18746260,2026-05-28 02:00:49+00:00,0.4649999999999999,0,0.0,0.0,0.0,0.0,0.0,0.0,0.04999999999999999,69.22,0.7688529326784166
18746260,2026-05-28 02:00:50+00:00,0.4649999999999999,0,0.0,0.0,0.0,0.0,0.0,0.0,0.04999999999999999,69.22,0.7688529326784166
18746260,2026-05-28 02:00:51+00:00,0.4649999999999999,0,0.0,0.0,0.0,0.0,0.0,0.0,0.04999999999999999,69.22,0.7688529326784166
18746260,2026-05-28 02:00:52+00:00,0.4649999999999999,0,0.0,0.0,0.0,0.0,0.0,0.0,0.04999999999999999,69.22,0.7688529326784166
18746260,2026-05-28 02:00:53+00:00,0.4649999999999999,0,0.0,0.0,0.0,0.0,0.0,0.0,0.04999999999999999,69.22,0.7688529326784166
18746260,2026-05-28 02:00:54+00:00,0.4649999999999999,0,0.0,0.0,0.0,0.0,0.0,0.0,0.04999999999999999,69.22,0.7688529326784166
18746260,2026-05-28 02:00:55+00:00,0.4649999999999999,0,0.0,0.0,0.0,0.0,0.0,0.0,0.04999999999999999,69.22,0.7688529326784166
18746260,2026-05-28 02:00:56+00:00,0.4649999999999999,0,0.0,0.0,0.0,0.0,0.0,0.0,0.04999999999999999,69.22,0.7688529326784166
18746260,2026-05-28 02:00:57+00:00,0.4649999999999999,0,0.0,0.0,0.0,0.0,0.0,0.0,0.04999999999999999,69.22,0.7688529326784166
18746260,2026-05-28 02:00:58+00:00,0.4649999999999999,0,0.0,0.0,0.0,0.0,0.0,0.0,0.04999999999999999,69.22,0.7688529326784166
18746260,2026-05-28 02:00:59+00:00,0.4649999999999999,0,0.0,0.0,0.0,0.0,0.0,0.0,0.04999999999999999,69.22,0.7688529326784166
18746260,2026-05-28 02:01:00+00:00,0.4649999999999999,0,0.0,0.0,0.0,0.0,0.0,0.0,0.04999999999999999,69.22,0.7688529326784166
18746260,2026-05-28 02:01:01+00:00,0.4649999999999999,0,0.0,0.0,0.0,0.0,0.0,0.0,0.04999999999999999,69.22,0.7688529326784166
18746260,2026-05-28 02:01:02+00:00,0.4649999999999999,0,0.0,0.0,0.0,0.0,0.0,0.0,0.04999999999999999,69.22,0.7688529326784166
18746260,2026-05-28 02:01:03+00:00,0.4649999999999999,0,0.0,0.0,0.0,0.0,0.0,0.0,0.04999999999999999,69.22,0.7688529326784166
18746260,2026-05-28 02:01:04+00:00,0.4649999999999999,0,0.0,0.0,0.0,0.0,0.0,0.0,0.04999999999999999,69.22,0.7688529326784166
18746260,2026-05-28 02:01:05+00:00,0.4649999999999999,0,0.0,0.0,0.0,0.0,0.0,0.0,0.04999999999999999,69.22,0.7688529326784166
18746260,2026-05-28 02:01:06+00:00,0.4649999999999999,0,0.0,0.0,0.0,0.0,0.0,0.0,0.04999999999999999,69.22,0.7688529326784166
18746260,2026-05-28 02:01:07+00:00,0.4649999999999999,0,0.0,0.0,0.0,0.0,0.0,0.0,0.04999999999999999,69.22,0.7688529326784166
18746260,2026-05-28 02:01:08+00:00,0.4649999999999999,0,0.0,0.0,0.0,0.0,0.0,0.0,0.04999999999999999,69.22,0.7688529326784166
18746260,2026-05-28 02:01:09+00:00,0.4649999999999999,0,0.0,0.0,0.0,0.0,0.0,0.0,0.04999999999999999,69.22,0.7688529326784166
18746260,2026-05-28 02:01:10+00:00,0.4649999999999999,0,0.0,0.0,0.0,0.0,0.0,0.0,0.04999999999999999,69.22,0.7688529326784166
18746260,2026-05-28 02:01:11+00:00,0.4649999999999999,0,0.0,0.0,0.0,0.0,0.0,0.0,0.04999999999999999,69.22,0.7688529326784166
18746260,2026-05-28 02:01:12+00:00,0.4649999999999999,0,0.0,0.0,0.0,0.0,0.0,0.0,0.04999999999999999,69.22,0.7688529326784166
18746260,2026-05-28 02:01:13+00:00,0.4649999999999999,0,0.0,0.0,0.0,0.0,0.0,0.0,0.04999999999999999,69.22,0.7688529326784166
18746260,2026-05-28 02:01:14+00:00,0.4649999999999999,0,0.0,0.0,0.0,0.0,0.0,0.0,0.04999999999999999,69.22,0.7688529326784166
18746260,2026-05-28 02:01:15+00:00,0.4649999999999999,0,0.0,0.0,0.0,0.0,0.0,0.0,0.04999999999999999,69.22,0.7688529326784166
18746260,2026-05-28 02:01:16+00:00,0.4649999999999999,0,0.0,0.0,0.0,0.0,0.0,0.0,0.04999999999999999,69.22,0.7688529326784166
18746260,2026-05-28 02:01:17+00:00,0.4649999999999999,0,0.0,0.0,0.0,0.0,0.0,0.0,0.04999999999999999,69.22,0.7688529326784166
18746260,2026-05-28 02:01:18+00:00,0.4649999999999999,0,0.0,0.0,0.0,0.0,0.0,0.0,0.04999999999999999,69.22,0.7688529326784166
18746260,2026-05-28 02:01:19+00:00,0.4649999999999999,0,0.0,0.0,0.0,0.0,0.0,0.0,0.04999999999999999,69.22,0.7688529326784166
18746260,2026-05-28 02:01:20+00:00,0.4649999999999999,0,0.0,0.0,0.0,0.0,0.0,0.0,0.04999999999999999,69.22,0.7688529326784166
18746260,2026-05-28 02:01:21+00:00,0.4649999999999999,0,0.0,0.0,0.0,0.0,0.0,0.0,0.04999999999999999,69.22,0.7688529326784166
18746260,2026-05-28 02:01:22+00:00,0.4649999999999999,0,0.0,0.0,0.0,0.0,0.0,0.0,0.04999999999999999,69.22,0.7688529326784166
18746260,2026-05-28 02:01:23+00:00,0.4649999999999999,0,0.0,0.0,0.0,0.0,0.0,0.0,0.04999999999999999,69.22,0.7688529326784166
18746260,2026-05-28 02:01:24+00:00,0.4649999999999999,0,0.0,0.0,0.0,0.0,0.0,0.0,0.04999999999999999,69.22,0.7688529326784166
18746260,2026-05-28 02:01:25+00:00,0.4649999999999999,0,0.0,0.0,0.0,0.0,0.0,0.0,0.04999999999999999,69.22,0.7688529326784166
18746260,2026-05-28 02:01:26+00:00,0.4649999999999999,0,0.0,0.0,0.0,0.0,0.0,0.0,0.04999999999999999,69.22,0.7688529326784166
18746260,2026-05-28 02:01:27+00:00,0.4649999999999999,0,0.0,0.0,0.0,0.0,0.0,0.0,0.04999999999999999,69.22,0.7688529326784166
18746260,2026-05-28 02:01:28+00:00,0.4649999999999999,0,0.0,0.0,0.0,0.0,0.0,0.0,0.04999999999999999,69.22,0.7688529326784166
18746260,2026-05-28 02:01:29+00:00,0.4649999999999999,0,0.0,0.0,0.0,0.0,0.0,0.0,0.04999999999999999,69.22,0.7688529326784166
18746260,2026-05-28 02:01:30+00:00,0.4649999999999999,0,0.0,0.0,0.0,0.0,0.0,0.0,0.04999999999999999,69.22,0.7688529326784166
18746260,2026-05-28 02:01:31+00:00,0.4649999999999999,0,0.0,0.0,0.0,0.0,0.0,0.0,0.04999999999999999,69.22,0.7688529326784166
18746260,2026-05-28 02:01:32+00:00,0.4649999999999999,0,0.0,0.0,0.0,0.0,0.0,0.0,0.04999999999999999,69.22,0.7688529326784166
18746260,2026-05-28 02:01:33+00:00,0.4649999999999999,0,0.0,0.0,0.0,0.0,0.0,0.0,0.04999999999999999,69.22,0.7688529326784166
18746260,2026-05-28 02:01:34+00:00,0.4649999999999999,0,0.0,0.0,0.0,0.0,0.0,0.0,0.04999999999999999,69.22,0.7688529326784166
18746260,2026-05-28 02:01:35+00:00,0.4649999999999999,0,0.0,0.0,0.0,0.0,0.0,0.0,0.04999999999999999,69.22,0.7688529326784166
18746260,2026-05-28 02:01:36+00:00,0.4649999999999999,0,0.0,0.0,0.0,0.0,0.0,0.0,0.04999999999999999,69.22,0.7688529326784166
18746260,2026-05-28 02:01:37+00:00,0.4649999999999999,0,0.0,0.0,0.0,0.0,0.0,0.0,0.04999999999999999,69.22,0.7688529326784166
18746260,2026-05-28 02:01:38+00:00,0.4649999999999999,0,0.0,0.0,0.0,0.0,0.0,0.0,0.04999999999999999,69.22,0.7688529326784166
18746260,2026-05-28 02:01:39+00:00,0.4649999999999999,0,0.0,0.0,0.0,0.0,0.0,0.0,0.04999999999999999,69.22,0.7688529326784166
18746260,2026-05-28 02:01:40+00:00,0.4649999999999999,0,0.0,0.0,0.0,0.0,0.0,0.0,0.04999999999999999,69.22,0.7688529326784166
18746260,2026-05-28 02:01:41+00:00,0.4649999999999999,0,0.0,0.0,0.0,0.0,0.0,0.0,0.04999999999999999,69.22,0.7688529326784166
18746260,2026-05-28 02:01:42+00:00,0.4649999999999999,0,0.0,0.0,0.0,0.0,0.0,0.0,0.04999999999999999,69.22,0.7688529326784166
18746260,2026-05-28 02:01:43+00:00,0.4649999999999999,0,0.0,0.0,0.0,0.0,0.0,0.0,0.04999999999999999,69.22,0.7688529326784166
18746260,2026-05-28 02:01:44+00:00,0.4649999999999999,0,0.0,0.0,0.0,0.0,0.0,0.0,0.04999999999999999,69.22,0.7688529326784166
18746260,2026-05-28 02:01:45+00:00,0.4649999999999999,0,0.0,0.0,0.0,0.0,0.0,0.0,0.04999999999999999,69.22,0.7688529326784166
18746260,2026-05-28 02:01:46+00:00,0.4649999999999999,0,0.0,0.0,0.0,0.0,0.0,0.0,0.04999999999999999,69.22,0.7688529326784166
18746260,2026-05-28 02:01:47+00:00,0.4649999999999999,0,0.0,0.0,0.0,0.0,0.0,0.0,0.04999999999999999,69.22,0.7688529326784166
18746260,2026-05-28 02:01:48+00:00,0.4649999999999999,0,0.0,0.0,0.0,0.0,0.0,0.0,0.04999999999999999,69.22,0.7688529326784166
18746260,2026-05-28 02:01:49+00:00,0.4649999999999999,0,0.0,0.0,0.0,0.0,0.0,0.0,0.04999999999999999,69.22,0.7688529326784166
18746260,2026-05-28 02:01:50+00:00,0.4649999999999999,0,0.0,0.0,0.0,0.0,0.0,0.0,0.04999999999999999,69.22,0.7688529326784166
18746260,2026-05-28 02:01:51+00:00,0.4649999999999999,0,0.0,0.0,0.0,0.0,0.0,0.0,0.04999999999999999,69.22,0.7688529326784166
18746260,2026-05-28 02:01:52+00:00,0.4649999999999999,0,0.0,0.0,0.0,0.0,0.0,0.0,0.04999999999999999,69.22,0.7688529326784166
18746260,2026-05-28 02:01:53+00:00,0.4649999999999999,0,0.0,0.0,0.0,0.0,0.0,0.0,0.04999999999999999,69.22,0.7688529326784166
18746260,2026-05-28 02:01:54+00:00,0.4649999999999999,0,0.0,0.0,0.0,0.0,0.0,0.0,0.04999999999999999,69.22,0.7688529326784166
18746260,2026-05-28 02:01:55+00:00,0.4649999999999999,0,0.0,0.0,0.0,0.0,0.0,0.0,0.04999999999999999,69.22,0.7688529326784166
18746260,2026-05-28 02:01:56+00:00,0.4649999999999999,0,0.0,0.0,0.0,0.0,0.0,0.0,0.04999999999999999,69.22,0.7688529326784166
18746260,2026-05-28 02:01:57+00:00,0.4649999999999999,0,0.0,0.0,0.0,0.0,0.0,0.0,0.04999999999999999,69.22,0.7688529326784166
18746260,2026-05-28 02:01:58+00:00,0.4649999999999999,0,0.0,0.0,0.0,0.0,0.0,0.0,0.04999999999999999,69.22,0.7688529326784166
18746260,2026-05-28 02:01:59+00:00,0.4649999999999999,0,0.0,0.0,0.0,0.0,0.0,0.0,0.04999999999999999,69.22,0.7688529326784166
18746260,2026-05-28 02:02:00+00:00,0.4649999999999999,0,0.0,0.0,0.0,0.0,0.0,0.0,0.04999999999999999,69.22,0.7688529326784166
18746260,2026-05-28 02:02:01+00:00,0.4649999999999999,0,0.0,0.0,0.0,0.0,0.0,0.0,0.04999999999999999,69.22,0.7688529326784166
18746260,2026-05-28 02:02:02+00:00,0.4649999999999999,0,0.0,0.0,0.0,0.0,0.0,0.0,0.04999999999999999,69.22,0.7688529326784166
18746260,2026-05-28 02:02:03+00:00,0.4649999999999999,0,0.0,0.0,0.0,0.0,0.0,0.0,0.04999999999999999,69.22,0.7688529326784166
18746260,2026-05-28 02:02:04+00:00,0.4649999999999999,0,0.0,0.0,0.0,0.0,0.0,0.0,0.04999999999999999,69.22,0.7688529326784166
18746260,2026-05-28 02:02:05+00:00,0.4649999999999999,0,0.0,0.0,0.0,0.0,0.0,0.0,0.04999999999999999,69.22,0.7688529326784166
18746260,2026-05-28 02:02:06+00:00,0.4649999999999999,0,0.0,0.0,0.0,0.0,0.0,0.0,0.04999999999999999,69.22,0.7688529326784166
18746260,2026-05-28 02:02:07+00:00,0.4649999999999999,0,0.0,0.0,0.0,0.0,0.0,0.0,0.04999999999999999,69.22,0.7688529326784166
18746260,2026-05-28 02:02:08+00:00,0.4649999999999999,0,0.0,0.0,0.0,0.0,0.0,0.0,0.04999999999999999,69.22,0.7688529326784166
18746260,2026-05-28 02:02:09+00:00,0.4649999999999999,0,0.0,0.0,0.0,0.0,0.0,0.0,0.04999999999999999,69.22,0.7688529326784166
18746260,2026-05-28 02:02:10+00:00,0.4649999999999999,0,0.0,0.0,0.0,0.0,0.0,0.0,0.04999999999999999,69.22,0.7688529326784166
18746260,2026-05-28 02:02:11+00:00,0.4649999999999999,0,0.0,0.0,0.0,0.0,0.0,0.0,0.04999999999999999,69.22,0.7688529326784166
18746260,2026-05-28 02:02:12+00:00,0.4649999999999999,0,0.0,0.0,0.0,0.0,0.0,0.0,0.04999999999999999,69.22,0.7688529326784166
18746260,2026-05-28 02:02:13+00:00,0.4649999999999999,0,0.0,0.0,0.0,0.0,0.0,0.0,0.04999999999999999,69.22,0.7688529326784166
18746260,2026-05-28 02:02:14+00:00,0.4649999999999999,0,0.0,0.0,0.0,0.0,0.0,0.0,0.04999999999999999,69.22,0.7688529326784166
18746260,2026-05-28 02:02:15+00:00,0.4649999999999999,0,0.0,0.0,0.0,0.0,0.0,0.0,0.04999999999999999,69.22,0.7688529326784166
18746260,2026-05-28 02:02:16+00:00,0.4649999999999999,0,0.0,0.0,0.0,0.0,0.0,0.0,0.04999999999999999,69.22,0.7688529326784166
18746260,2026-05-28 02:02:17+00:00,0.4649999999999999,0,0.0,0.0,0.0,0.0,0.0,0.0,0.04999999999999999,69.22,0.7688529326784166
18746260,2026-05-28 02:02:18+00:00,0.4649999999999999,0,0.0,0.0,0.0,0.0,0.0,0.0,0.04999999999999999,69.22,0.7688529326784166
18746260,2026-05-28 02:02:19+00:00,0.4649999999999999,0,0.0,0.0,0.0,0.0,0.0,0.0,0.04999999999999999,69.22,0.7688529326784166
18746260,2026-05-28 02:02:20+00:00,0.4649999999999999,0,0.0,0.0,0.0,0.0,0.0,0.0,0.04999999999999999,69.22,0.7688529326784166
18746260,2026-05-28 02:02:21+00:00,0.4649999999999999,0,0.0,0.0,0.0,0.0,0.0,0.0,0.04999999999999999,69.22,0.7688529326784166
18746260,2026-05-28 02:02:22+00:00,0.4649999999999999,0,0.0,0.0,0.0,0.0,0.0,0.0,0.04999999999999999,69.22,0.7688529326784166
18746260,2026-05-28 02:02:23+00:00,0.4649999999999999,0,0.0,0.0,0.0,0.0,0.0,0.0,0.04999999999999999,69.22,0.7688529326784166
18746260,2026-05-28 02:02:24+00:00,0.4649999999999999,0,0.0,0.0,0.0,0.0,0.0,0.0,0.04999999999999999,69.22,0.7688529326784166
18746260,2026-05-28 02:02:25+00:00,0.4649999999999999,0,0.0,0.0,0.0,0.0,0.0,0.0,0.04999999999999999,69.22,0.7688529326784166
18746260,2026-05-28 02:02:26+00:00,0.4649999999999999,0,0.0,0.0,0.0,0.0,0.0,0.0,0.04999999999999999,69.22,0.7688529326784166
18746260,2026-05-28 02:02:27+00:00,0.4649999999999999,0,0.0,0.0,0.0,0.0,0.0,0.0,0.04999999999999999,69.22,0.7688529326784166
18746260,2026-05-28 02:02:28+00:00,0.4649999999999999,0,0.0,0.0,0.0,0.0,0.0,0.0,0.04999999999999999,69.22,0.7688529326784166
18746260,2026-05-28 02:02:29+00:00,0.4649999999999999,0,0.0,0.0,0.0,0.0,0.0,0.0,0.04999999999999999,69.22,0.7688529326784166
18746260,2026-05-28 02:02:30+00:00,0.4649999999999999,0,0.0,0.0,0.0,0.0,0.0,0.0,0.04999999999999999,69.22,0.7688529326784166
18746260,2026-05-28 02:02:31+00:00,0.4649999999999999,0,0.0,0.0,0.0,0.0,0.0,0.0,0.04999999999999999,69.22,0.7688529326784166
18746260,2026-05-28 02:02:32+00:00,0.4649999999999999,0,0.0,0.0,0.0,0.0,0.0,0.0,0.04999999999999999,69.22,0.7688529326784166
18746260,2026-05-28 02:02:33+00:00,0.4649999999999999,0,0.0,0.0,0.0,0.0,0.0,0.0,0.04999999999999999,69.22,0.7688529326784166
18746260,2026-05-28 02:02:34+00:00,0.4649999999999999,0,0.0,0.0,0.0,0.0,0.0,0.0,0.04999999999999999,69.22,0.7688529326784166
18746260,2026-05-28 02:02:35+00:00,0.4649999999999999,0,0.0,0.0,0.0,0.0,0.0,0.0,0.04999999999999999,69.22,0.7688529326784166
18746260,2026-05-28 02:02:36+00:00,0.4649999999999999,0,0.0,0.0,0.0,0.0,0.0,0.0,0.04999999999999999,69.22,0.7688529326784166
18746260,2026-05-28 02:02:37+00:00,0.4649999999999999,0,0.0,0.0,0.0,0.0,0.0,0.0,0.04999999999999999,69.22,0.7688529326784166
18746260,2026-05-28 02:02:38+00:00,0.4649999999999999,0,0.0,0.0,0.0,0.0,0.0,0.0,0.04999999999999999,69.22,0.7688529326784166
18746260,2026-05-28 02:02:39+00:00,0.4649999999999999,0,0.0,0.0,0.0,0.0,0.0,0.0,0.04999999999999999,69.22,0.7688529326784166
18746260,2026-05-28 02:02:40+00:00,0.4649999999999999,0,0.0,0.0,0.0,0.0,0.0,0.0,0.04999999999999999,69.22,0.7688529326784166
18746260,2026-05-28 02:02:41+00:00,0.4649999999999999,0,0.0,0.0,0.0,0.0,0.0,0.0,0.04999999999999999,69.22,0.7688529326784166
18746260,2026-05-28 02:02:42+00:00,0.4649999999999999,0,0.0,0.0,0.0,0.0,0.0,0.0,0.04999999999999999,69.22,0.7688529326784166
18746260,2026-05-28 02:02:43+00:00,0.4649999999999999,0,0.0,0.0,0.0,0.0,0.0,0.0,0.04999999999999999,69.22,0.7688529326784166
18746260,2026-05-28 02:02:44+00:00,0.4649999999999999,0,0.0,0.0,0.0,0.0,0.0,0.0,0.04999999999999999,69.22,0.7688529326784166
18746260,2026-05-28 02:02:45+00:00,0.4649999999999999,0,0.0,0.0,0.0,0.0,0.0,0.0,0.04999999999999999,69.22,0.7688529326784166
18746260,2026-05-28 02:02:46+00:00,0.4649999999999999,0,0.0,0.0,0.0,0.0,0.0,0.0,0.04999999999999999,69.22,0.7688529326784166
18746260,2026-05-28 02:02:47+00:00,0.4649999999999999,0,0.0,0.0,0.0,0.0,0.0,0.0,0.04999999999999999,69.22,0.7688529326784166
18746260,2026-05-28 02:02:48+00:00,0.4649999999999999,0,0.0,0.0,0.0,0.0,0.0,0.0,0.04999999999999999,69.22,0.7688529326784166
18746260,2026-05-28 02:02:49+00:00,0.4649999999999999,0,0.0,0.0,0.0,0.0,0.0,0.0,0.04999999999999999,69.22,0.7688529326784166
18746260,2026-05-28 02:02:50+00:00,0.4649999999999999,0,0.0,0.0,0.0,0.0,0.0,0.0,0.04999999999999999,69.22,0.7688529326784166
18746260,2026-05-28 02:02:51+00:00,0.4649999999999999,0,0.0,0.0,0.0,0.0,0.0,0.0,0.04999999999999999,69.22,0.7688529326784166
18746260,2026-05-28 02:02:52+00:00,0.4649999999999999,0,0.0,0.0,0.0,0.0,0.0,0.0,0.04999999999999999,69.22,0.7688529326784166
18746260,2026-05-28 02:02:53+00:00,0.4649999999999999,0,0.0,0.0,0.0,0.0,0.0,0.0,0.04999999999999999,69.22,0.7688529326784166
18746260,2026-05-28 02:02:54+00:00,0.4649999999999999,0,0.0,0.0,0.0,0.0,0.0,0.0,0.04999999999999999,69.22,0.7688529326784166
18746260,2026-05-28 02:02:55+00:00,0.4649999999999999,0,0.0,0.0,0.0,0.0,0.0,0.0,0.04999999999999999,69.22,0.7688529326784166
18746260,2026-05-28 02:02:56+00:00,0.4649999999999999,0,0.0,0.0,0.0,0.0,0.0,0.0,0.04999999999999999,69.22,0.7688529326784166
18746260,2026-05-28 02:02:57+00:00,0.4649999999999999,0,0.0,0.0,0.0,0.0,0.0,0.0,0.04999999999999999,69.22,0.7688529326784166
18746260,2026-05-28 02:02:58+00:00,0.4649999999999999,0,0.0,0.0,0.0,0.0,0.0,0.0,0.04999999999999999,69.22,0.7688529326784166
18746260,2026-05-28 02:02:59+00:00,0.4649999999999999,0,0.0,0.0,0.0,0.0,0.0,0.0,0.04999999999999999,69.22,0.7688529326784166
18746260,2026-05-28 02:03:00+00:00,0.4649999999999999,0,0.0,0.0,0.0,0.0,0.0,0.0,0.04999999999999999,69.22,0.7688529326784166
18746260,2026-05-28 02:03:01+00:00,0.4649999999999999,0,0.0,0.0,0.0,0.0,0.0,0.0,0.04999999999999999,69.22,0.7688529326784166
18746260,2026-05-28 02:03:02+00:00,0.4649999999999999,0,0.0,0.0,0.0,0.0,0.0,0.0,0.04999999999999999,69.22,0.7688529326784166
18746260,2026-05-28 02:03:03+00:00,0.4649999999999999,0,0.0,0.0,0.0,0.0,0.0,0.0,0.04999999999999999,69.22,0.7688529326784166
18746260,2026-05-28 02:03:04+00:00,0.4649999999999999,0,0.0,0.0,0.0,0.0,0.0,0.0,0.04999999999999999,69.22,0.7688529326784166
18746260,2026-05-28 02:03:05+00:00,0.4649999999999999,0,0.0,0.0,0.0,0.0,0.0,0.0,0.04999999999999999,69.22,0.7688529326784166
18746260,2026-05-28 02:03:06+00:00,0.4649999999999999,0,0.0,0.0,0.0,0.0,0.0,0.0,0.04999999999999999,69.22,0.7688529326784166
18746260,2026-05-28 02:03:07+00:00,0.4649999999999999,0,0.0,0.0,0.0,0.0,0.0,0.0,0.04999999999999999,69.22,0.7688529326784166
18746260,2026-05-28 02:03:08+00:00,0.4649999999999999,0,0.0,0.0,0.0,0.0,0.0,0.0,0.04999999999999999,69.22,0.7688529326784166
18746260,2026-05-28 02:03:09+00:00,0.4649999999999999,0,0.0,0.0,0.0,0.0,0.0,0.0,0.04999999999999999,69.22,0.7688529326784166
18746260,2026-05-28 02:03:10+00:00,0.4649999999999999,0,0.0,0.0,0.0,0.0,0.0,0.0,0.04999999999999999,69.22,0.7688529326784166
18746260,2026-05-28 02:03:11+00:00,0.4649999999999999,0,0.0,0.0,0.0,0.0,0.0,0.0,0.04999999999999999,69.22,0.7688529326784166
18746260,2026-05-28 02:03:12+00:00,0.4649999999999999,0,0.0,0.0,0.0,0.0,0.0,0.0,0.04999999999999999,69.22,0.7688529326784166
18746260,2026-05-28 02:03:13+00:00,0.4649999999999999,0,0.0,0.0,0.0,0.0,0.0,0.0,0.04999999999999999,69.22,0.7688529326784166
18746260,2026-05-28 02:03:14+00:00,0.4649999999999999,0,0.0,0.0,0.0,0.0,0.0,0.0,0.04999999999999999,69.22,0.7688529326784166
18746260,2026-05-28 02:03:15+00:00,0.4649999999999999,0,0.0,0.0,0.0,0.0,0.0,0.0,0.04999999999999999,69.22,0.7688529326784166
18746260,2026-05-28 02:03:16+00:00,0.4649999999999999,0,0.0,0.0,0.0,0.0,0.0,0.0,0.04999999999999999,69.22,0.7688529326784166
18746260,2026-05-28 02:03:17+00:00,0.4649999999999999,0,0.0,0.0,0.0,0.0,0.0,0.0,0.04999999999999999,69.22,0.7688529326784166
18746260,2026-05-28 02:03:18+00:00,0.4649999999999999,0,0.0,0.0,0.0,0.0,0.0,0.0,0.04999999999999999,69.22,0.7688529326784166
18746260,2026-05-28 02:03:19+00:00,0.4649999999999999,0,0.0,0.0,0.0,0.0,0.0,0.0,0.04999999999999999,69.22,0.7688529326784166
18746260,2026-05-28 02:03:20+00:00,0.4649999999999999,0,0.0,0.0,0.0,0.0,0.0,0.0,0.04999999999999999,69.22,0.7688529326784166
18746260,2026-05-28 02:03:21+00:00,0.4649999999999999,0,0.0,0.0,0.0,0.0,0.0,0.0,0.04999999999999999,69.22,0.7688529326784166
18746260,2026-05-28 02:03:22+00:00,0.4649999999999999,0,0.0,0.0,0.0,0.0,0.0,0.0,0.04999999999999999,69.22,0.7688529326784166
18746260,2026-05-28 02:03:23+00:00,0.4649999999999999,0,0.0,0.0,0.0,0.0,0.0,0.0,0.04999999999999999,69.22,0.7688529326784166
18746260,2026-05-28 02:03:24+00:00,0.4649999999999999,0,0.0,0.0,0.0,0.0,0.0,0.0,0.04999999999999999,69.22,0.7688529326784166
18746260,2026-05-28 02:03:25+00:00,0.4649999999999999,0,0.0,0.0,0.0,0.0,0.0,0.0,0.04999999999999999,69.22,0.7688529326784166
18746260,2026-05-28 02:03:26+00:00,0.4649999999999999,0,0.0,0.0,0.0,0.0,0.0,0.0,0.04999999999999999,69.22,0.7688529326784166
18746260,2026-05-28 02:03:27+00:00,0.4649999999999999,0,0.0,0.0,0.0,0.0,0.0,0.0,0.04999999999999999,69.22,0.7688529326784166
18746260,2026-05-28 02:03:28+00:00,0.4649999999999999,0,0.0,0.0,0.0,0.0,0.0,0.0,0.04999999999999999,69.22,0.7688529326784166
18746260,2026-05-28 02:03:29+00:00,0.4649999999999999,0,0.0,0.0,0.0,0.0,0.0,0.0,0.04999999999999999,69.22,0.7688529326784166
18746260,2026-05-28 02:03:30+00:00,0.4649999999999999,0,0.0,0.0,0.0,0.0,0.0,0.0,0.04999999999999999,69.22,0.7688529326784166
18746260,2026-05-28 02:03:31+00:00,0.4649999999999999,0,0.0,0.0,0.0,0.0,0.0,0.0,0.04999999999999999,69.22,0.7688529326784166
18746260,2026-05-28 02:03:32+00:00,0.4649999999999999,0,0.0,0.0,0.0,0.0,0.0,0.0,0.04999999999999999,69.22,0.7688529326784166
18746260,2026-05-28 02:03:33+00:00,0.4649999999999999,0,0.0,0.0,0.0,0.0,0.0,0.0,0.04999999999999999,69.22,0.7688529326784166
18746260,2026-05-28 02:03:34+00:00,0.4649999999999999,0,0.0,0.0,0.0,0.0,0.0,0.0,0.04999999999999999,69.22,0.7688529326784166
18746260,2026-05-28 02:03:35+00:00,0.4649999999999999,0,0.0,0.0,0.0,0.0,0.0,0.0,0.04999999999999999,69.22,0.7688529326784166
18746260,2026-05-28 02:03:36+00:00,0.4649999999999999,0,0.0,0.0,0.0,0.0,0.0,0.0,0.04999999999999999,69.22,0.7688529326784166
18746260,2026-05-28 02:03:37+00:00,0.4649999999999999,0,0.0,0.0,0.0,0.0,0.0,0.0,0.04999999999999999,69.22,0.7688529326784166
18746260,2026-05-28 02:03:38+00:00,0.4649999999999999,0,0.0,0.0,0.0,0.0,0.0,0.0,0.04999999999999999,69.22,0.7688529326784166
18746260,2026-05-28 02:03:39+00:00,0.4649999999999999,0,0.0,0.0,0.0,0.0,0.0,0.0,0.04999999999999999,69.22,0.7688529326784166
18746260,2026-05-28 02:03:40+00:00,0.4649999999999999,0,0.0,0.0,0.0,0.0,0.0,0.0,0.04999999999999999,69.22,0.7688529326784166
18746260,2026-05-28 02:03:41+00:00,0.4649999999999999,0,0.0,0.0,0.0,0.0,0.0,0.0,0.04999999999999999,69.22,0.7688529326784166
18746260,2026-05-28 02:03:42+00:00,0.4649999999999999,0,0.0,0.0,0.0,0.0,0.0,0.0,0.04999999999999999,69.22,0.7688529326784166
18746260,2026-05-28 02:03:43+00:00,0.4649999999999999,0,0.0,0.0,0.0,0.0,0.0,0.0,0.04999999999999999,69.22,0.7688529326784166
18746260,2026-05-28 02:03:44+00:00,0.4649999999999999,0,0.0,0.0,0.0,0.0,0.0,0.0,0.04999999999999999,69.22,0.7688529326784166
18746260,2026-05-28 02:03:45+00:00,0.4649999999999999,0,0.0,0.0,0.0,0.0,0.0,0.0,0.04999999999999999,69.22,0.7688529326784166
18746260,2026-05-28 02:03:46+00:00,0.4649999999999999,0,0.0,0.0,0.0,0.0,0.0,0.0,0.04999999999999999,69.22,0.7688529326784166
18746260,2026-05-28 02:03:47+00:00,0.4649999999999999,0,0.0,0.0,0.0,0.0,0.0,0.0,0.04999999999999999,69.22,0.7688529326784166
18746260,2026-05-28 02:03:48+00:00,0.4649999999999999,0,0.0,0.0,0.0,0.0,0.0,0.0,0.04999999999999999,69.22,0.7688529326784166
18746260,2026-05-28 02:03:49+00:00,0.4649999999999999,0,0.0,0.0,0.0,0.0,0.0,0.0,0.04999999999999999,69.22,0.7688529326784166
18746260,2026-05-28 02:03:50+00:00,0.4649999999999999,0,0.0,0.0,0.0,0.0,0.0,0.0,0.04999999999999999,69.22,0.7688529326784166
18746260,2026-05-28 02:03:51+00:00,0.4649999999999999,0,0.0,0.0,0.0,0.0,0.0,0.0,0.04999999999999999,69.22,0.7688529326784166
18746260,2026-05-28 02:03:52+00:00,0.4649999999999999,0,0.0,0.0,0.0,0.0,0.0,0.0,0.04999999999999999,69.22,0.7688529326784166
18746260,2026-05-28 02:03:53+00:00,0.4649999999999999,0,0.0,0.0,0.0,0.0,0.0,0.0,0.04999999999999999,69.22,0.7688529326784166
18746260,2026-05-28 02:03:54+00:00,0.4649999999999999,0,0.0,0.0,0.0,0.0,0.0,0.0,0.04999999999999999,69.22,0.7688529326784166
18746260,2026-05-28 02:03:55+00:00,0.4649999999999999,0,0.0,0.0,0.0,0.0,0.0,0.0,0.04999999999999999,69.22,0.7688529326784166
18746260,2026-05-28 02:03:56+00:00,0.4649999999999999,0,0.0,0.0,0.0,0.0,0.0,0.0,0.04999999999999999,69.22,0.7688529326784166
18746260,2026-05-28 02:03:57+00:00,0.4649999999999999,0,0.0,0.0,0.0,0.0,0.0,0.0,0.04999999999999999,69.22,0.7688529326784166
18746260,2026-05-28 02:03:58+00:00,0.4649999999999999,0,0.0,0.0,0.0,0.0,0.0,0.0,0.04999999999999999,69.22,0.7688529326784166
18746260,2026-05-28 02:03:59+00:00,0.4649999999999999,0,0.0,0.0,0.0,0.0,0.0,0.0,0.04999999999999999,69.22,0.7688529326784166
18746260,2026-05-28 02:04:00+00:00,0.4649999999999999,0,0.0,0.0,0.0,0.0,0.0,0.0,0.04999999999999999,69.22,0.7688529326784166
18746260,2026-05-28 02:04:01+00:00,0.4649999999999999,0,0.0,0.0,0.0,0.0,0.0,0.0,0.04999999999999999,69.22,0.7688529326784166
18746260,2026-05-28 02:04:02+00:00,0.4649999999999999,0,0.0,0.0,0.0,0.0,0.0,0.0,0.04999999999999999,69.22,0.7688529326784166
18746260,2026-05-28 02:04:03+00:00,0.4649999999999999,0,0.0,0.0,0.0,0.0,0.0,0.0,0.04999999999999999,69.22,0.7688529326784166
18746260,2026-05-28 02:04:04+00:00,0.4649999999999999,0,0.0,0.0,0.0,0.0,0.0,0.0,0.04999999999999999,69.22,0.7688529326784166
18746260,2026-05-28 02:04:05+00:00,0.4649999999999999,0,0.0,0.0,0.0,0.0,0.0,0.0,0.04999999999999999,69.22,0.7688529326784166
18746260,2026-05-28 02:04:06+00:00,0.4649999999999999,0,0.0,0.0,0.0,0.0,0.0,0.0,0.04999999999999999,69.22,0.7688529326784166
18746260,2026-05-28 02:04:07+00:00,0.4649999999999999,0,0.0,0.0,0.0,0.0,0.0,0.0,0.04999999999999999,69.22,0.7688529326784166
18746260,2026-05-28 02:04:08+00:00,0.4649999999999999,0,0.0,0.0,0.0,0.0,0.0,0.0,0.04999999999999999,69.22,0.7688529326784166
18746260,2026-05-28 02:04:09+00:00,0.4649999999999999,0,0.0,0.0,0.0,0.0,0.0,0.0,0.04999999999999999,69.22,0.7688529326784166
18746260,2026-05-28 02:04:10+00:00,0.4649999999999999,0,0.0,0.0,0.0,0.0,0.0,0.0,0.04999999999999999,69.22,0.7688529326784166
18746260,2026-05-28 02:04:11+00:00,0.4649999999999999,0,0.0,0.0,0.0,0.0,0.0,0.0,0.04999999999999999,69.22,0.7688529326784166
18746260,2026-05-28 02:04:12+00:00,0.4649999999999999,0,0.0,0.0,0.0,0.0,0.0,0.0,0.04999999999999999,69.22,0.7688529326784166
18746260,2026-05-28 02:04:13+00:00,0.4649999999999999,0,0.0,0.0,0.0,0.0,0.0,0.0,0.04999999999999999,69.22,0.7688529326784166
18746260,2026-05-28 02:04:14+00:00,0.4649999999999999,0,0.0,0.0,0.0,0.0,0.0,0.0,0.04999999999999999,69.22,0.7688529326784166
18746260,2026-05-28 02:04:15+00:00,0.4649999999999999,0,0.0,0.0,0.0,0.0,0.0,0.0,0.04999999999999999,69.22,0.7688529326784166
18746260,2026-05-28 02:04:16+00:00,0.4649999999999999,0,0.0,0.0,0.0,0.0,0.0,0.0,0.04999999999999999,69.22,0.7688529326784166
18746260,2026-05-28 02:04:17+00:00,0.4649999999999999,0,0.0,0.0,0.0,0.0,0.0,0.0,0.04999999999999999,69.22,0.7688529326784166
18746260,2026-05-28 02:04:18+00:00,0.4649999999999999,0,0.0,0.0,0.0,0.0,0.0,0.0,0.04999999999999999,69.22,0.7688529326784166
18746260,2026-05-28 02:04:19+00:00,0.4649999999999999,0,0.0,0.0,0.0,0.0,0.0,0.0,0.04999999999999999,69.22,0.7688529326784166
18746260,2026-05-28 02:04:20+00:00,0.4649999999999999,0,0.0,0.0,0.0,0.0,0.0,0.0,0.04999999999999999,69.22,0.7688529326784166
18746260,2026-05-28 02:04:21+00:00,0.4649999999999999,0,0.0,0.0,0.0,0.0,0.0,0.0,0.04999999999999999,69.22,0.7688529326784166
18746260,2026-05-28 02:04:22+00:00,0.4649999999999999,0,0.0,0.0,0.0,0.0,0.0,0.0,0.04999999999999999,69.22,0.7688529326784166
18746260,2026-05-28 02:04:23+00:00,0.4649999999999999,0,0.0,0.0,0.0,0.0,0.0,0.0,0.04999999999999999,69.22,0.7688529326784166
18746260,2026-05-28 02:04:24+00:00,0.4649999999999999,0,0.0,0.0,0.0,0.0,0.0,0.0,0.04999999999999999,69.22,0.7688529326784166
18746260,2026-05-28 02:04:25+00:00,0.4649999999999999,0,0.0,0.0,0.0,0.0,0.0,0.0,0.04999999999999999,69.22,0.7688529326784166
18746260,2026-05-28 02:04:26+00:00,0.4649999999999999,0,0.0,0.0,0.0,0.0,0.0,0.0,0.04999999999999999,69.22,0.7688529326784166
18746260,2026-05-28 02:04:27+00:00,0.4649999999999999,0,0.0,0.0,0.0,0.0,0.0,0.0,0.04999999999999999,69.22,0.7688529326784166
18746260,2026-05-28 02:04:28+00:00,0.4649999999999999,0,0.0,0.0,0.0,0.0,0.0,0.0,0.04999999999999999,69.22,0.7688529326784166
18746260,2026-05-28 02:04:29+00:00,0.4649999999999999,0,0.0,0.0,0.0,0.0,0.0,0.0,0.04999999999999999,69.22,0.7688529326784166
18746260,2026-05-28 02:04:30+00:00,0.4649999999999999,0,0.0,0.0,0.0,0.0,0.0,0.0,0.04999999999999999,69.22,0.7688529326784166
18746260,2026-05-28 02:04:31+00:00,0.4649999999999999,0,0.0,0.0,0.0,0.0,0.0,0.0,0.04999999999999999,69.22,0.7688529326784166
18746260,2026-05-28 02:04:32+00:00,0.4649999999999999,0,0.0,0.0,0.0,0.0,0.0,0.0,0.04999999999999999,69.22,0.7688529326784166
18746260,2026-05-28 02:04:33+00:00,0.4649999999999999,0,0.0,0.0,0.0,0.0,0.0,0.0,0.04999999999999999,69.22,0.7688529326784166
18746260,2026-05-28 02:04:34+00:00,0.4649999999999999,0,0.0,0.0,0.0,0.0,0.0,0.0,0.04999999999999999,69.22,0.7688529326784166
18746260,2026-05-28 02:04:35+00:00,0.4649999999999999,0,0.0,0.0,0.0,0.0,0.0,0.0,0.04999999999999999,69.22,0.7688529326784166
18746260,2026-05-28 02:04:36+00:00,0.4649999999999999,0,0.0,0.0,0.0,0.0,0.0,0.0,0.04999999999999999,69.22,0.7688529326784166
18746260,2026-05-28 02:04:37+00:00,0.4649999999999999,0,0.0,0.0,0.0,0.0,0.0,0.0,0.04999999999999999,69.22,0.7688529326784166
18746260,2026-05-28 02:04:38+00:00,0.4649999999999999,0,0.0,0.0,0.0,0.0,0.0,0.0,0.04999999999999999,69.22,0.7688529326784166
18746260,2026-05-28 02:04:39+00:00,0.4649999999999999,0,0.0,0.0,0.0,0.0,0.0,0.0,0.04999999999999999,69.22,0.7688529326784166
18746260,2026-05-28 02:04:40+00:00,0.4649999999999999,0,0.0,0.0,0.0,0.0,0.0,0.0,0.04999999999999999,69.22,0.7688529326784166
18746260,2026-05-28 02:04:41+00:00,0.4649999999999999,0,0.0,0.0,0.0,0.0,0.0,0.0,0.04999999999999999,69.22,0.7688529326784166
18746260,2026-05-28 02:04:42+00:00,0.4649999999999999,0,0.0,0.0,0.0,0.0,0.0,0.0,0.04999999999999999,69.22,0.7688529326784166
18746260,2026-05-28 02:04:43+00:00,0.4649999999999999,0,0.0,0.0,0.0,0.0,0.0,0.0,0.04999999999999999,69.22,0.7688529326784166
18746260,2026-05-28 02:04:44+00:00,0.4649999999999999,0,0.0,0.0,0.0,0.0,0.0,0.0,0.04999999999999999,69.22,0.7688529326784166
18746260,2026-05-28 02:04:45+00:00,0.4649999999999999,0,0.0,0.0,0.0,0.0,0.0,0.0,0.04999999999999999,69.22,0.7688529326784166
18746260,2026-05-28 02:04:46+00:00,0.4649999999999999,0,0.0,0.0,0.0,0.0,0.0,0.0,0.04999999999999999,69.22,0.7688529326784166
18746260,2026-05-28 02:04:47+00:00,0.4649999999999999,0,0.0,0.0,0.0,0.0,0.0,0.0,0.04999999999999999,69.22,0.7688529326784166
18746260,2026-05-28 02:04:48+00:00,0.4649999999999999,0,0.0,0.0,0.0,0.0,0.0,0.0,0.04999999999999999,69.22,0.7688529326784166
18746260,2026-05-28 02:04:49+00:00,0.4649999999999999,0,0.0,0.0,0.0,0.0,0.0,0.0,0.04999999999999999,69.22,0.7688529326784166
18746260,2026-05-28 02:04:50+00:00,0.4649999999999999,0,0.0,0.0,0.0,0.0,0.0,0.0,0.04999999999999999,69.22,0.7688529326784166
18746260,2026-05-28 02:04:51+00:00,0.4649999999999999,0,0.0,0.0,0.0,0.0,0.0,0.0,0.04999999999999999,69.22,0.7688529326784166
18746260,2026-05-28 02:04:52+00:00,0.4649999999999999,0,0.0,0.0,0.0,0.0,0.0,0.0,0.04999999999999999,69.22,0.7688529326784166
18746260,2026-05-28 02:04:53+00:00,0.4649999999999999,0,0.0,0.0,0.0,0.0,0.0,0.0,0.04999999999999999,69.22,0.7688529326784166
18746260,2026-05-28 02:04:54+00:00,0.4649999999999999,0,0.0,0.0,0.0,0.0,0.0,0.0,0.04999999999999999,69.22,0.7688529326784166
18746260,2026-05-28 02:04:55+00:00,0.4649999999999999,0,0.0,0.0,0.0,0.0,0.0,0.0,0.04999999999999999,69.22,0.7688529326784166
18746260,2026-05-28 02:04:56+00:00,0.4649999999999999,0,0.0,0.0,0.0,0.0,0.0,0.0,0.04999999999999999,69.22,0.7688529326784166
18746260,2026-05-28 02:04:57+00:00,0.4649999999999999,0,0.0,0.0,0.0,0.0,0.0,0.0,0.04999999999999999,69.22,0.7688529326784166
18746260,2026-05-28 02:04:58+00:00,0.4649999999999999,0,0.0,0.0,0.0,0.0,0.0,0.0,0.04999999999999999,69.22,0.7688529326784166
18746260,2026-05-28 02:04:59+00:00,0.4649999999999999,0,0.0,0.0,0.0,0.0,0.0,0.0,0.04999999999999999,69.22,0.7688529326784166
18746260,2026-05-28 02:05:00+00:00,0.4649999999999999,0,0.0,0.0,0.0,0.0,0.0,0.0,0.04999999999999999,69.22,0.7688529326784166
18746260,2026-05-28 02:05:01+00:00,0.4649999999999999,0,0.0,0.0,0.0,0.0,0.0,0.0,0.04999999999999999,69.22,0.7688529326784166
18746260,2026-05-28 02:05:02+00:00,0.4649999999999999,0,0.0,0.0,0.0,0.0,0.0,0.0,0.04999999999999999,69.22,0.7688529326784166
18746260,2026-05-28 02:05:03+00:00,0.4649999999999999,0,0.0,0.0,0.0,0.0,0.0,0.0,0.04999999999999999,69.22,0.7688529326784166
18746260,2026-05-28 02:05:04+00:00,0.4649999999999999,0,0.0,0.0,0.0,0.0,0.0,0.0,0.04999999999999999,69.22,0.7688529326784166
18746260,2026-05-28 02:05:05+00:00,0.4649999999999999,0,0.0,0.0,0.0,0.0,0.0,0.0,0.04999999999999999,69.22,0.7688529326784166
18746260,2026-05-28 02:05:06+00:00,0.4649999999999999,0,0.0,0.0,0.0,0.0,0.0,0.0,0.04999999999999999,69.22,0.7688529326784166
18746260,2026-05-28 02:05:07+00:00,0.4649999999999999,0,0.0,0.0,0.0,0.0,0.0,0.0,0.04999999999999999,69.22,0.7688529326784166
18746260,2026-05-28 02:05:08+00:00,0.4649999999999999,0,0.0,0.0,0.0,0.0,0.0,0.0,0.04999999999999999,69.22,0.7688529326784166
18746260,2026-05-28 02:05:09+00:00,0.4649999999999999,0,0.0,0.0,0.0,0.0,0.0,0.0,0.04999999999999999,69.22,0.7688529326784166
18746260,2026-05-28 02:05:10+00:00,0.4649999999999999,0,0.0,0.0,0.0,0.0,0.0,0.0,0.04999999999999999,69.22,0.7688529326784166
18746260,2026-05-28 02:05:11+00:00,0.4649999999999999,0,0.0,0.0,0.0,0.0,0.0,0.0,0.04999999999999999,69.22,0.7688529326784166
18746260,2026-05-28 02:05:12+00:00,0.4649999999999999,0,0.0,0.0,0.0,0.0,0.0,0.0,0.04999999999999999,69.22,0.7688529326784166
18746260,2026-05-28 02:05:13+00:00,0.4649999999999999,0,0.0,0.0,0.0,0.0,0.0,0.0,0.04999999999999999,69.22,0.7688529326784166
18746260,2026-05-28 02:05:14+00:00,0.4649999999999999,0,0.0,0.0,0.0,0.0,0.0,0.0,0.04999999999999999,69.22,0.7688529326784166
18746260,2026-05-28 02:05:15+00:00,0.4649999999999999,0,0.0,0.0,0.0,0.0,0.0,0.0,0.04999999999999999,69.22,0.7688529326784166
18746260,2026-05-28 02:05:16+00:00,0.4649999999999999,0,0.0,0.0,0.0,0.0,0.0,0.0,0.04999999999999999,69.22,0.7688529326784166
18746260,2026-05-28 02:05:17+00:00,0.4649999999999999,0,0.0,0.0,0.0,0.0,0.0,0.0,0.04999999999999999,69.22,0.7688529326784166
18746260,2026-05-28 02:05:18+00:00,0.4649999999999999,0,0.0,0.0,0.0,0.0,0.0,0.0,0.04999999999999999,69.22,0.7688529326784166
18746260,2026-05-28 02:05:19+00:00,0.4649999999999999,0,0.0,0.0,0.0,0.0,0.0,0.0,0.04999999999999999,69.22,0.7688529326784166
18746260,2026-05-28 02:05:20+00:00,0.4649999999999999,0,0.0,0.0,0.0,0.0,0.0,0.0,0.04999999999999999,69.22,0.7688529326784166
18746260,2026-05-28 02:05:21+00:00,0.4649999999999999,0,0.0,0.0,0.0,0.0,0.0,0.0,0.04999999999999999,69.22,0.7688529326784166
18746260,2026-05-28 02:05:22+00:00,0.4649999999999999,0,0.0,0.0,0.0,0.0,0.0,0.0,0.04999999999999999,69.22,0.7688529326784166
18746260,2026-05-28 02:05:23+00:00,0.4649999999999999,0,0.0,0.0,0.0,0.0,0.0,0.0,0.04999999999999999,69.22,0.7688529326784166
18746260,2026-05-28 02:05:24+00:00,0.4649999999999999,0,0.0,0.0,0.0,0.0,0.0,0.0,0.04999999999999999,69.22,0.7688529326784166
18746260,2026-05-28 02:05:25+00:00,0.4649999999999999,0,0.0,0.0,0.0,0.0,0.0,0.0,0.04999999999999999,69.22,0.7688529326784166
18746260,2026-05-28 02:05:26+00:00,0.4649999999999999,0,0.0,0.0,0.0,0.0,0.0,0.0,0.04999999999999999,69.22,0.7688529326784166
18746260,2026-05-28 02:05:27+00:00,0.4649999999999999,0,0.0,0.0,0.0,0.0,0.0,0.0,0.04999999999999999,69.22,0.7688529326784166
18746260,2026-05-28 02:05:28+00:00,0.4649999999999999,0,0.0,0.0,0.0,0.0,0.0,0.0,0.04999999999999999,69.22,0.7688529326784166
18746260,2026-05-28 02:05:29+00:00,0.4649999999999999,0,0.0,0.0,0.0,0.0,0.0,0.0,0.04999999999999999,69.22,0.7688529326784166
18746260,2026-05-28 02:05:30+00:00,0.4649999999999999,0,0.0,0.0,0.0,0.0,0.0,0.0,0.04999999999999999,69.22,0.7688529326784166
18746260,2026-05-28 02:05:31+00:00,0.4649999999999999,0,0.0,0.0,0.0,0.0,0.0,0.0,0.04999999999999999,69.22,0.7688529326784166
18746260,2026-05-28 02:05:32+00:00,0.4649999999999999,0,0.0,0.0,0.0,0.0,0.0,0.0,0.04999999999999999,69.22,0.7688529326784166
18746260,2026-05-28 02:05:33+00:00,0.4649999999999999,0,0.0,0.0,0.0,0.0,0.0,0.0,0.04999999999999999,69.22,0.7688529326784166
18746260,2026-05-28 02:05:34+00:00,0.4649999999999999,0,0.0,0.0,0.0,0.0,0.0,0.0,0.04999999999999999,69.22,0.7688529326784166
18746260,2026-05-28 02:05:35+00:00,0.4649999999999999,0,0.0,0.0,0.0,0.0,0.0,0.0,0.04999999999999999,69.22,0.7688529326784166
18746260,2026-05-28 02:05:36+00:00,0.4649999999999999,0,0.0,0.0,0.0,0.0,0.0,0.0,0.04999999999999999,69.22,0.7688529326784166
18746260,2026-05-28 02:05:37+00:00,0.4649999999999999,0,0.0,0.0,0.0,0.0,0.0,0.0,0.04999999999999999,69.22,0.7688529326784166
18746260,2026-05-28 02:05:38+00:00,0.4649999999999999,0,0.0,0.0,0.0,0.0,0.0,0.0,0.04999999999999999,69.22,0.7688529326784166
18746260,2026-05-28 02:05:39+00:00,0.4649999999999999,0,0.0,0.0,0.0,0.0,0.0,0.0,0.04999999999999999,69.22,0.7688529326784166
18746260,2026-05-28 02:05:40+00:00,0.4649999999999999,0,0.0,0.0,0.0,0.0,0.0,0.0,0.04999999999999999,69.22,0.7688529326784166
18746260,2026-05-28 02:05:41+00:00,0.4649999999999999,0,0.0,0.0,0.0,0.0,0.0,0.0,0.04999999999999999,69.22,0.7688529326784166
18746260,2026-05-28 02:05:42+00:00,0.4649999999999999,0,0.0,0.0,0.0,0.0,0.0,0.0,0.04999999999999999,69.22,0.7688529326784166
18746260,2026-05-28 02:05:43+00:00,0.4649999999999999,0,0.0,0.0,0.0,0.0,0.0,0.0,0.04999999999999999,69.22,0.7688529326784166
18746260,2026-05-28 02:05:44+00:00,0.4649999999999999,0,0.0,0.0,0.0,0.0,0.0,0.0,0.04999999999999999,69.22,0.7688529326784166
18746260,2026-05-28 02:05:45+00:00,0.4649999999999999,0,0.0,0.0,0.0,0.0,0.0,0.0,0.04999999999999999,69.22,0.7688529326784166
18746260,2026-05-28 02:05:46+00:00,0.4649999999999999,0,0.0,0.0,0.0,0.0,0.0,0.0,0.04999999999999999,69.22,0.7688529326784166
18746260,2026-05-28 02:05:47+00:00,0.4649999999999999,0,0.0,0.0,0.0,0.0,0.0,0.0,0.04999999999999999,69.22,0.7688529326784166
18746260,2026-05-28 02:05:48+00:00,0.4649999999999999,0,0.0,0.0,0.0,0.0,0.0,0.0,0.04999999999999999,69.22,0.7688529326784166
18746260,2026-05-28 02:05:49+00:00,0.4649999999999999,0,0.0,0.0,0.0,0.0,0.0,0.0,0.04999999999999999,69.22,0.7688529326784166
18746260,2026-05-28 02:05:50+00:00,0.4649999999999999,0,0.0,0.0,0.0,0.0,0.0,0.0,0.04999999999999999,69.22,0.7688529326784166
18746260,2026-05-28 02:05:51+00:00,0.4649999999999999,0,0.0,0.0,0.0,0.0,0.0,0.0,0.04999999999999999,69.22,0.7688529326784166
18746260,2026-05-28 02:05:52+00:00,0.4649999999999999,0,0.0,0.0,0.0,0.0,0.0,0.0,0.04999999999999999,69.22,0.7688529326784166
18746260,2026-05-28 02:05:53+00:00,0.4649999999999999,0,0.0,0.0,0.0,0.0,0.0,0.0,0.04999999999999999,69.22,0.7688529326784166
18746260,2026-05-28 02:05:54+00:00,0.4649999999999999,0,0.0,0.0,0.0,0.0,0.0,0.0,0.04999999999999999,69.22,0.7688529326784166
18746260,2026-05-28 02:05:55+00:00,0.4649999999999999,0,0.0,0.0,0.0,0.0,0.0,0.0,0.04999999999999999,69.22,0.7688529326784166
18746260,2026-05-28 02:05:56+00:00,0.4649999999999999,0,0.0,0.0,0.0,0.0,0.0,0.0,0.04999999999999999,69.22,0.7688529326784166
18746260,2026-05-28 02:05:57+00:00,0.4649999999999999,0,0.0,0.0,0.0,0.0,0.0,0.0,0.04999999999999999,69.22,0.7688529326784166
18746260,2026-05-28 02:05:58+00:00,0.4649999999999999,0,0.0,0.0,0.0,0.0,0.0,0.0,0.04999999999999999,69.22,0.7688529326784166
18746260,2026-05-28 02:05:59+00:00,0.4649999999999999,0,0.0,0.0,0.0,0.0,0.0,0.0,0.04999999999999999,69.22,0.7688529326784166
18746260,2026-05-28 02:06:00+00:00,0.4649999999999999,0,0.0,0.0,0.0,0.0,0.0,0.0,0.04999999999999999,69.22,0.7688529326784166
18746260,2026-05-28 02:06:01+00:00,0.4649999999999999,0,0.0,0.0,0.0,0.0,0.0,0.0,0.04999999999999999,69.22,0.7688529326784166
18746260,2026-05-28 02:06:02+00:00,0.4649999999999999,0,0.0,0.0,0.0,0.0,0.0,0.0,0.04999999999999999,69.22,0.7688529326784166
18746260,2026-05-28 02:06:03+00:00,0.4649999999999999,0,0.0,0.0,0.0,0.0,0.0,0.0,0.04999999999999999,69.22,0.7688529326784166
18746260,2026-05-28 02:06:04+00:00,0.4649999999999999,0,0.0,0.0,0.0,0.0,0.0,0.0,0.04999999999999999,69.22,0.7688529326784166
18746260,2026-05-28 02:06:05+00:00,0.4649999999999999,0,0.0,0.0,0.0,0.0,0.0,0.0,0.04999999999999999,69.22,0.7688529326784166
18746260,2026-05-28 02:06:06+00:00,0.4649999999999999,0,0.0,0.0,0.0,0.0,0.0,0.0,0.04999999999999999,69.22,0.7688529326784166
18746260,2026-05-28 02:06:07+00:00,0.4649999999999999,0,0.0,0.0,0.0,0.0,0.0,0.0,0.04999999999999999,69.22,0.7688529326784166
18746260,2026-05-28 02:06:08+00:00,0.4649999999999999,0,0.0,0.0,0.0,0.0,0.0,0.0,0.04999999999999999,69.22,0.7688529326784166
18746260,2026-05-28 02:06:09+00:00,0.4649999999999999,0,0.0,0.0,0.0,0.0,0.0,0.0,0.04999999999999999,69.22,0.7688529326784166
18746260,2026-05-28 02:06:10+00:00,0.4649999999999999,0,0.0,0.0,0.0,0.0,0.0,0.0,0.04999999999999999,69.22,0.7688529326784166
18746260,2026-05-28 02:06:11+00:00,0.4649999999999999,0,0.0,0.0,0.0,0.0,0.0,0.0,0.04999999999999999,69.22,0.7688529326784166
18746260,2026-05-28 02:06:12+00:00,0.4649999999999999,0,0.0,0.0,0.0,0.0,0.0,0.0,0.04999999999999999,69.22,0.7688529326784166
18746260,2026-05-28 02:06:13+00:00,0.4649999999999999,0,0.0,0.0,0.0,0.0,0.0,0.0,0.04999999999999999,69.22,0.7688529326784166
18746260,2026-05-28 02:06:14+00:00,0.4649999999999999,0,0.0,0.0,0.0,0.0,0.0,0.0,0.04999999999999999,69.22,0.7688529326784166
18746260,2026-05-28 02:06:15+00:00,0.4649999999999999,0,0.0,0.0,0.0,0.0,0.0,0.0,0.04999999999999999,69.22,0.7688529326784166
18746260,2026-05-28 02:06:16+00:00,0.4649999999999999,0,0.0,0.0,0.0,0.0,0.0,0.0,0.04999999999999999,69.22,0.7688529326784166
18746260,2026-05-28 02:06:17+00:00,0.4649999999999999,0,0.0,0.0,0.0,0.0,0.0,0.0,0.04999999999999999,69.22,0.7688529326784166
18746260,2026-05-28 02:06:18+00:00,0.4649999999999999,0,0.0,0.0,0.0,0.0,0.0,0.0,0.04999999999999999,69.22,0.7688529326784166
18746260,2026-05-28 02:06:19+00:00,0.4649999999999999,0,0.0,0.0,0.0,0.0,0.0,0.0,0.04999999999999999,69.22,0.7688529326784166
18746260,2026-05-28 02:06:20+00:00,0.4649999999999999,0,0.0,0.0,0.0,0.0,0.0,0.0,0.04999999999999999,69.22,0.7688529326784166
18746260,2026-05-28 02:06:21+00:00,0.4649999999999999,0,0.0,0.0,0.0,0.0,0.0,0.0,0.04999999999999999,69.22,0.7688529326784166
18746260,2026-05-28 02:06:22+00:00,0.4649999999999999,0,0.0,0.0,0.0,0.0,0.0,0.0,0.04999999999999999,69.22,0.7688529326784166
18746260,2026-05-28 02:06:23+00:00,0.4649999999999999,0,0.0,0.0,0.0,0.0,0.0,0.0,0.04999999999999999,69.22,0.7688529326784166
18746260,2026-05-28 02:06:24+00:00,0.4649999999999999,0,0.0,0.0,0.0,0.0,0.0,0.0,0.04999999999999999,69.22,0.7688529326784166
18746260,2026-05-28 02:06:25+00:00,0.4649999999999999,0,0.0,0.0,0.0,0.0,0.0,0.0,0.04999999999999999,69.22,0.7688529326784166
18746260,2026-05-28 02:06:26+00:00,0.4649999999999999,0,0.0,0.0,0.0,0.0,0.0,0.0,0.04999999999999999,69.22,0.7688529326784166
18746260,2026-05-28 02:06:27+00:00,0.4649999999999999,0,0.0,0.0,0.0,0.0,0.0,0.0,0.04999999999999999,69.22,0.7688529326784166
18746260,2026-05-28 02:06:28+00:00,0.4649999999999999,0,0.0,0.0,0.0,0.0,0.0,0.0,0.04999999999999999,69.22,0.7688529326784166
18746260,2026-05-28 02:06:29+00:00,0.4649999999999999,0,0.0,0.0,0.0,0.0,0.0,0.0,0.04999999999999999,69.22,0.7688529326784166
18746260,2026-05-28 02:06:30+00:00,0.4649999999999999,0,0.0,0.0,0.0,0.0,0.0,0.0,0.04999999999999999,69.22,0.7688529326784166
18746260,2026-05-28 02:06:31+00:00,0.4649999999999999,0,0.0,0.0,0.0,0.0,0.0,0.0,0.04999999999999999,69.22,0.7688529326784166
18746260,2026-05-28 02:06:32+00:00,0.4649999999999999,0,0.0,0.0,0.0,0.0,0.0,0.0,0.04999999999999999,69.22,0.7688529326784166
18746260,2026-05-28 02:06:33+00:00,0.4649999999999999,0,0.0,0.0,0.0,0.0,0.0,0.0,0.04999999999999999,69.22,0.7688529326784166
18746260,2026-05-28 02:06:34+00:00,0.4649999999999999,0,0.0,0.0,0.0,0.0,0.0,0.0,0.04999999999999999,69.22,0.7688529326784166
18746260,2026-05-28 02:06:35+00:00,0.4649999999999999,0,0.0,0.0,0.0,0.0,0.0,0.0,0.04999999999999999,69.22,0.7688529326784166
18746260,2026-05-28 02:06:36+00:00,0.4649999999999999,0,0.0,0.0,0.0,0.0,0.0,0.0,0.04999999999999999,69.22,0.7688529326784166
18746260,2026-05-28 02:06:37+00:00,0.4649999999999999,0,0.0,0.0,0.0,0.0,0.0,0.0,0.04999999999999999,69.22,0.7688529326784166
18746260,2026-05-28 02:06:38+00:00,0.4649999999999999,0,0.0,0.0,0.0,0.0,0.0,0.0,0.04999999999999999,69.22,0.7688529326784166
18746260,2026-05-28 02:06:39+00:00,0.4649999999999999,0,0.0,0.0,0.0,0.0,0.0,0.0,0.04999999999999999,69.22,0.7688529326784166
18746260,2026-05-28 02:06:40+00:00,0.4649999999999999,0,0.0,0.0,0.0,0.0,0.0,0.0,0.04999999999999999,69.22,0.7688529326784166
18746260,2026-05-28 02:06:41+00:00,0.4649999999999999,0,0.0,0.0,0.0,0.0,0.0,0.0,0.04999999999999999,69.22,0.7688529326784166
18746260,2026-05-28 02:06:42+00:00,0.4649999999999999,0,0.0,0.0,0.0,0.0,0.0,0.0,0.04999999999999999,69.22,0.7688529326784166
18746260,2026-05-28 02:06:43+00:00,0.4649999999999999,0,0.0,0.0,0.0,0.0,0.0,0.0,0.04999999999999999,69.22,0.7688529326784166
18746260,2026-05-28 02:06:44+00:00,0.4649999999999999,0,0.0,0.0,0.0,0.0,0.0,0.0,0.04999999999999999,69.22,0.7688529326784166
18746260,2026-05-28 02:06:45+00:00,0.4649999999999999,0,0.0,0.0,0.0,0.0,0.0,0.0,0.04999999999999999,69.22,0.7688529326784166
18746260,2026-05-28 02:06:46+00:00,0.4649999999999999,0,0.0,0.0,0.0,0.0,0.0,0.0,0.04999999999999999,69.22,0.7688529326784166
18746260,2026-05-28 02:06:47+00:00,0.4649999999999999,0,0.0,0.0,0.0,0.0,0.0,0.0,0.04999999999999999,69.22,0.7688529326784166
18746260,2026-05-28 02:06:48+00:00,0.4649999999999999,0,0.0,0.0,0.0,0.0,0.0,0.0,0.04999999999999999,69.22,0.7688529326784166
18746260,2026-05-28 02:06:49+00:00,0.4649999999999999,0,0.0,0.0,0.0,0.0,0.0,0.0,0.04999999999999999,69.22,0.7688529326784166
18746260,2026-05-28 02:06:50+00:00,0.4649999999999999,0,0.0,0.0,0.0,0.0,0.0,0.0,0.04999999999999999,69.22,0.7688529326784166
18746260,2026-05-28 02:06:51+00:00,0.4649999999999999,0,0.0,0.0,0.0,0.0,0.0,0.0,0.04999999999999999,69.22,0.7688529326784166
18746260,2026-05-28 02:06:52+00:00,0.4649999999999999,0,0.0,0.0,0.0,0.0,0.0,0.0,0.04999999999999999,69.22,0.7688529326784166
18746260,2026-05-28 02:06:53+00:00,0.4649999999999999,0,0.0,0.0,0.0,0.0,0.0,0.0,0.04999999999999999,69.22,0.7688529326784166
18746260,2026-05-28 02:06:54+00:00,0.4649999999999999,0,0.0,0.0,0.0,0.0,0.0,0.0,0.04999999999999999,69.22,0.7688529326784166
18746260,2026-05-28 02:06:55+00:00,0.4649999999999999,0,0.0,0.0,0.0,0.0,0.0,0.0,0.04999999999999999,69.22,0.7688529326784166
18746260,2026-05-28 02:06:56+00:00,0.4649999999999999,0,0.0,0.0,0.0,0.0,0.0,0.0,0.04999999999999999,69.22,0.7688529326784166
18746260,2026-05-28 02:06:57+00:00,0.4649999999999999,0,0.0,0.0,0.0,0.0,0.0,0.0,0.04999999999999999,69.22,0.7688529326784166
18746260,2026-05-28 02:06:58+00:00,0.4649999999999999,0,0.0,0.0,0.0,0.0,0.0,0.0,0.04999999999999999,69.22,0.7688529326784166
18746260,2026-05-28 02:06:59+00:00,0.4649999999999999,0,0.0,0.0,0.0,0.0,0.0,0.0,0.04999999999999999,69.22,0.7688529326784166
18746260,2026-05-28 02:07:00+00:00,0.4649999999999999,0,0.0,0.0,0.0,0.0,0.0,0.0,0.04999999999999999,69.22,0.7688529326784166
18746260,2026-05-28 02:07:01+00:00,0.4649999999999999,0,0.0,0.0,0.0,0.0,0.0,0.0,0.04999999999999999,69.22,0.7688529326784166
18746260,2026-05-28 02:07:02+00:00,0.4649999999999999,0,0.0,0.0,0.0,0.0,0.0,0.0,0.04999999999999999,69.22,0.7688529326784166
18746260,2026-05-28 02:07:03+00:00,0.4649999999999999,0,0.0,0.0,0.0,0.0,0.0,0.0,0.04999999999999999,69.22,0.7688529326784166
18746260,2026-05-28 02:07:04+00:00,0.4649999999999999,0,0.0,0.0,0.0,0.0,0.0,0.0,0.04999999999999999,69.22,0.7688529326784166
18746260,2026-05-28 02:07:05+00:00,0.4649999999999999,0,0.0,0.0,0.0,0.0,0.0,0.0,0.04999999999999999,69.22,0.7688529326784166
18746260,2026-05-28 02:07:06+00:00,0.4649999999999999,0,0.0,0.0,0.0,0.0,0.0,0.0,0.04999999999999999,69.22,0.7688529326784166
18746260,2026-05-28 02:07:07+00:00,0.4649999999999999,1,0.0,0.0,0.0,0.0,0.0,0.0,0.04999999999999999,69.22,0.7688529326784166
18746260,2026-05-28 02:07:08+00:00,0.4649999999999999,1,0.0,0.0,0.0,0.0,0.0,0.0,0.04999999999999999,69.22,0.7688529326784166
18746260,2026-05-28 02:07:09+00:00,0.4649999999999999,1,0.0,0.0,0.0,0.0,0.0,0.0,0.04999999999999999,69.22,0.7688529326784166
18746260,2026-05-28 02:07:10+00:00,0.595,1,0.13000000000000006,0.13000000000000006,1.0,1.0,-0.03999999999999998,-12.545218145044785,0.010000000000000009,937.6,0.9466723549488054
18746260,2026-05-28 02:07:11+00:00,0.505,1,0.04000000000000009,0.04000000000000009,19.0,19.0,0.12,-50.009245882692866,0.16999999999999998,3530.86,-0.48307211274307116
18746260,2026-05-28 02:07:12+00:00,0.505,1,0.04000000000000009,0.04000000000000009,26.0,26.0,0.12,-49.86477896561688,0.16999999999999998,3520.86,-0.48160392631345755
18746260,2026-05-28 02:07:13+00:00,0.505,1,0.04000000000000009,0.04000000000000009,39.0,39.0,0.12,-28.638832707310026,0.16999999999999998,2051.6,-0.1103528953012283
18746260,2026-05-28 02:07:14+00:00,0.505,1,0.04000000000000009,0.04000000000000009,57.0,57.0,0.12,-3.0754057329016105,0.16999999999999998,2051.6,-0.1103528953012283
18746260,2026-05-28 02:07:15+00:00,0.505,1,0.08999999999999997,0.04000000000000009,92.0,93.0,0.06,-0.006884863891536863,0.16999999999999998,950.6,0.920050494424574
18746260,2026-05-28 02:07:16+00:00,0.5,1,0.0050000000000000044,0.03500000000000009,124.0,143.0,-0.019999999999999962,0.9830526427285246,0.13000000000000006,16.0,0.0
18746260,2026-05-28 02:07:17+00:00,0.5,0,0.0050000000000000044,0.03500000000000009,204.0,230.0,0.07,0.8940790170532783,0.24,100.0,0.0
18746260,2026-05-28 02:07:18+00:00,0.5,0,0.0050000000000000044,0.03500000000000009,341.0,380.0,0.29,0.9703421247749179,0.45999999999999996,28.0,0.0
18746260,2026-05-28 02:07:19+00:00,0.495,0,0.010000000000000009,0.030000000000000082,403.0,460.0,0.305,0.9406842495498359,0.475,56.0,0.8571428571428571
18746260,2026-05-28 02:07:20+00:00,0.5,0,0.0050000000000000044,0.09499999999999997,415.0,507.0,0.31,0.4731132806446614,0.48,340.0,0.0
18746260,2026-05-28 02:07:21+00:00,0.5,0,0.0,0.0050000000000000044,430.0,554.0,0.39500000000000013,0.4782608695652174,0.6000000000000001,120.0,0.0
18746260,2026-05-28 02:07:22+00:00,0.5,0,0.0,0.0050000000000000044,416.0,620.0,0.30999999999999994,-0.18918918918918926,0.6599999999999999,176.0,0.0
18746260,2026-05-28 02:07:23+00:00,0.5,0,0.0,0.0050000000000000044,307.0,648.0,0.17249999999999993,-0.15492957746478875,0.6399999999999999,164.0,0.0
18746260,2026-05-28 02:07:24+00:00,0.5,0,0.0050000000000000044,0.0050000000000000044,255.0,658.0,0.16249999999999992,-0.15492957746478875,0.6399999999999999,164.0,0.0
18746260,2026-05-28 02:07:25+00:00,0.5,0,0.0,0.0050000000000000044,217.0,632.0,0.09999999999999987,-0.15492957746478875,0.6399999999999999,164.0,0.0
18746260,2026-05-28 02:07:26+00:00,0.5,0,0.0,0.0,177.0,607.0,0.019999999999999907,0.03640040444893844,0.6399999999999999,152.48,0.0
18746260,2026-05-28 02:07:27+00:00,0.5,0,0.0,0.0,148.0,564.0,0.020000000000000018,-0.397560975609756,0.6599999999999999,229.2,0.0
18746260,2026-05-28 02:07:28+00:00,0.5,0,0.0,0.0,141.0,448.0,0.040000000000000036,0.5609756097560976,0.6799999999999999,72.0,0.0
18746260,2026-05-28 02:07:29+00:00,0.5,0,0.0,0.0050000000000000044,141.0,396.0,0.040000000000000036,0.9024390243902439,0.6799999999999999,16.0,0.0
18746260,2026-05-28 02:07:30+00:00,0.5,0,0.0,0.0,153.0,370.0,0.030000000000000027,0.8988877654196158,0.6799999999999999,16.0,0.0
18746260,2026-05-28 02:07:31+00:00,0.5,0,0.0,0.0,142.0,319.0,0.020000000000000018,0.8988877654196158,0.6799999999999999,16.0,0.0
18746260,2026-05-28 02:07:32+00:00,0.5,0,0.0,0.0,110.0,258.0,0.010000000000000009,0.857448325017819,0.6799999999999999,16.0,0.0
18746260,2026-05-28 02:07:33+00:00,0.155,0,0.345,0.345,84.0,225.0,-0.6599999999999999,-0.26665308616826233,0.010000000000000009,124.36,0.8713412672885172
18746260,2026-05-28 02:07:34+00:00,0.5,0,0.0,0.0,62.0,203.0,0.0,-0.23404255319148937,0.6799999999999999,116.0,0.0
18746260,2026-05-28 02:07:35+00:00,0.5,0,0.0,0.0,53.0,206.0,0.0,-0.23404255319148937,0.6799999999999999,116.0,0.0
18746260,2026-05-28 02:07:36+00:00,0.5,0,0.0,0.0,41.0,183.0,0.0,-0.23404255319148937,0.6799999999999999,116.0,0.0
18746260,2026-05-28 02:07:37+00:00,0.5,0,0.0,0.0,29.0,139.0,0.0,-0.23404255319148937,0.6799999999999999,116.0,0.0
18746260,2026-05-28 02:07:38+00:00,0.5,0,0.345,0.0,21.0,105.0,0.0,0.0,0.6799999999999999,116.0,0.0
18746260,2026-05-28 02:07:39+00:00,0.5,0,0.0,0.0,15.0,77.0,0.0,0.0,0.6799999999999999,116.0,0.0
18746260,2026-05-28 02:07:40+00:00,0.5,0,0.0,0.0,2.0,55.0,0.0,0.0,0.6799999999999999,116.0,0.0
18746260,2026-05-28 02:07:41+00:00,0.5,0,0.0,0.0,0.0,41.0,0.0,0.0,0.6799999999999999,116.0,0.0
18746260,2026-05-28 02:07:42+00:00,0.5,0,0.0,0.0,0.0,29.0,0.0,0.0,0.6799999999999999,116.0,0.0
18746260,2026-05-28 02:07:43+00:00,0.5,0,0.0,0.345,0.0,21.0,0.0,0.0,0.6799999999999999,116.0,0.0
18746260,2026-05-28 02:07:44+00:00,0.5,0,0.0,0.0,0.0,15.0,0.0,0.0,0.6799999999999999,116.0,0.0
18746260,2026-05-28 02:07:45+00:00,0.5,0,0.0,0.0,0.0,2.0,0.0,0.0,0.6799999999999999,116.0,0.0
18746260,2026-05-28 02:07:46+00:00,0.5,0,0.0,0.0,0.0,0.0,0.0,0.0,0.6799999999999999,116.0,0.0
18746260,2026-05-28 02:07:47+00:00,0.5,0,0.0,0.0,0.0,0.0,0.0,0.0,0.6799999999999999,116.0,0.0
18746260,2026-05-28 02:07:48+00:00,0.5,0,0.0,0.0,0.0,0.0,0.0,0.0,0.6799999999999999,116.0,0.0
18746260,2026-05-28 02:07:49+00:00,0.5,0,0.0,0.0,0.0,0.0,0.0,0.0,0.6799999999999999,116.0,0.0
18746260,2026-05-28 02:07:50+00:00,0.5,0,0.0,0.0,0.0,0.0,0.0,0.0,0.6799999999999999,116.0,0.0
18746260,2026-05-28 02:07:51+00:00,0.5,0,0.0,0.0,0.0,0.0,0.0,0.0,0.6799999999999999,116.0,0.0
18746260,2026-05-28 02:07:52+00:00,0.5,0,0.0,0.0,0.0,0.0,0.0,0.0,0.6799999999999999,116.0,0.0
18746260,2026-05-28 02:07:53+00:00,0.5,0,0.0,0.0,0.0,0.0,0.0,0.0,0.6799999999999999,116.0,0.0
18746260,2026-05-28 02:07:54+00:00,0.5,0,0.0,0.0,0.0,0.0,0.0,0.0,0.6799999999999999,116.0,0.0
18746260,2026-05-28 02:07:55+00:00,0.5,0,0.0,0.0,0.0,0.0,0.0,0.0,0.6799999999999999,116.0,0.0
18746260,2026-05-28 02:07:56+00:00,0.5,0,0.0,0.0,0.0,0.0,0.0,0.0,0.6799999999999999,116.0,0.0
18746260,2026-05-28 02:07:57+00:00,0.5,0,0.0,0.0,0.0,0.0,0.0,0.0,0.6799999999999999,116.0,0.0
18746260,2026-05-28 02:07:58+00:00,0.5,0,0.0,0.0,0.0,0.0,0.0,0.0,0.6799999999999999,116.0,0.0
18746260,2026-05-28 02:07:59+00:00,0.5,0,0.0,0.0,0.0,0.0,0.0,0.0,0.6799999999999999,116.0,0.0
18746260,2026-05-28 02:08:00+00:00,0.5,0,0.0,0.0,0.0,0.0,0.0,0.0,0.6799999999999999,116.0,0.0
18746260,2026-05-28 02:08:01+00:00,0.5,0,0.0,0.0,0.0,0.0,0.0,0.0,0.6799999999999999,116.0,0.0
18746260,2026-05-28 02:08:02+00:00,0.5,0,0.0,0.0,0.0,0.0,0.0,0.0,0.6799999999999999,116.0,0.0
18746260,2026-05-28 02:08:03+00:00,0.5,0,0.0,0.0,0.0,0.0,0.0,0.0,0.6799999999999999,116.0,0.0
18746260,2026-05-28 02:08:04+00:00,0.5,0,0.0,0.0,0.0,0.0,0.0,0.0,0.6799999999999999,116.0,0.0
18746260,2026-05-28 02:08:05+00:00,0.5,0,0.0,0.0,0.0,0.0,0.0,0.0,0.6799999999999999,116.0,0.0
18746260,2026-05-28 02:08:06+00:00,0.5,0,0.0,0.0,0.0,0.0,0.0,0.0,0.6799999999999999,116.0,0.0
18746260,2026-05-28 02:08:07+00:00,0.5,0,0.0,0.0,0.0,0.0,0.0,0.0,0.6799999999999999,116.0,0.0
18746260,2026-05-28 02:08:08+00:00,0.5,0,0.0,0.0,0.0,0.0,0.0,0.0,0.6799999999999999,116.0,0.0
18746260,2026-05-28 02:08:09+00:00,0.5,0,0.0,0.0,0.0,0.0,0.0,0.0,0.6799999999999999,116.0,0.0
18746260,2026-05-28 02:08:10+00:00,0.5,0,0.0,0.0,0.0,0.0,0.0,0.0,0.6799999999999999,116.0,0.0
18746260,2026-05-28 02:08:11+00:00,0.5,0,0.0,0.0,0.0,0.0,0.0,0.0,0.6799999999999999,116.0,0.0
18746260,2026-05-28 02:08:12+00:00,0.5,0,0.0,0.0,0.0,0.0,0.0,0.0,0.6799999999999999,116.0,0.0
18746260,2026-05-28 02:08:13+00:00,0.5,0,0.0,0.0,0.0,0.0,0.0,0.0,0.6799999999999999,116.0,0.0
18746260,2026-05-28 02:08:14+00:00,0.5,0,0.0,0.0,0.0,0.0,0.0,0.0,0.6799999999999999,116.0,0.0
18746260,2026-05-28 02:08:15+00:00,0.5,0,0.0,0.0,0.0,0.0,0.0,0.0,0.6799999999999999,116.0,0.0
18746260,2026-05-28 02:08:16+00:00,0.5,0,0.0,0.0,0.0,0.0,0.0,0.0,0.6799999999999999,116.0,0.0
18746260,2026-05-28 02:08:17+00:00,0.5,0,0.0,0.0,0.0,0.0,0.0,0.0,0.6799999999999999,116.0,0.0
18746260,2026-05-28 02:08:18+00:00,0.5,0,0.0,0.0,0.0,0.0,0.0,0.0,0.6799999999999999,116.0,0.0
18746260,2026-05-28 02:08:19+00:00,0.5,0,0.0,0.0,0.0,0.0,0.0,0.0,0.6799999999999999,116.0,0.0
18746260,2026-05-28 02:08:20+00:00,0.5,0,0.0,0.0,0.0,0.0,0.0,0.0,0.6799999999999999,116.0,0.0
18746260,2026-05-28 02:08:21+00:00,0.5,0,0.0,0.0,0.0,0.0,0.0,0.0,0.6799999999999999,116.0,0.0
18746260,2026-05-28 02:08:22+00:00,0.5,0,0.0,0.0,0.0,0.0,0.0,0.0,0.6799999999999999,116.0,0.0
18746260,2026-05-28 02:08:23+00:00,0.5,0,0.0,0.0,0.0,0.0,0.0,0.0,0.6799999999999999,116.0,0.0
18746260,2026-05-28 02:08:24+00:00,0.5,0,0.0,0.0,0.0,0.0,0.0,0.0,0.6799999999999999,116.0,0.0
18746260,2026-05-28 02:08:25+00:00,0.5,0,0.0,0.0,0.0,0.0,0.0,0.0,0.6799999999999999,116.0,0.0
18746260,2026-05-28 02:08:26+00:00,0.5,0,0.0,0.0,0.0,0.0,0.0,0.0,0.6799999999999999,116.0,0.0
18746260,2026-05-28 02:08:27+00:00,0.5,0,0.0,0.0,0.0,0.0,0.0,0.0,0.6799999999999999,116.0,0.0
18746260,2026-05-28 02:08:28+00:00,0.5,0,0.0,0.0,0.0,0.0,0.0,0.0,0.6799999999999999,116.0,0.0
18746260,2026-05-28 02:08:29+00:00,0.5,0,0.0,0.0,0.0,0.0,0.0,0.0,0.6799999999999999,116.0,0.0
18746260,2026-05-28 02:08:30+00:00,0.5,0,0.0,0.0,0.0,0.0,0.0,0.0,0.6799999999999999,116.0,0.0
18746260,2026-05-28 02:08:31+00:00,0.5,0,0.0,0.0,0.0,0.0,0.0,0.0,0.6799999999999999,116.0,0.0
18746260,2026-05-28 02:08:32+00:00,0.5,0,0.0,0.0,0.0,0.0,0.0,0.0,0.6799999999999999,116.0,0.0
18746260,2026-05-28 02:08:33+00:00,0.5,0,0.0,0.0,0.0,0.0,0.0,0.0,0.6799999999999999,116.0,0.0
18746260,2026-05-28 02:08:34+00:00,0.5,0,0.0,0.0,0.0,0.0,0.0,0.0,0.6799999999999999,116.0,0.0
18746260,2026-05-28 02:08:35+00:00,0.5,0,0.0,0.0,0.0,0.0,0.0,0.0,0.6799999999999999,116.0,0.0
18746260,2026-05-28 02:08:36+00:00,0.5,0,0.0,0.0,0.0,0.0,0.0,0.0,0.6799999999999999,116.0,0.0
18746260,2026-05-28 02:08:37+00:00,0.5,0,0.0,0.0,0.0,0.0,0.0,0.0,0.6799999999999999,116.0,0.0
18746260,2026-05-28 02:08:38+00:00,0.5,0,0.0,0.0,0.0,0.0,0.0,0.0,0.6799999999999999,116.0,0.0
18746260,2026-05-28 02:08:39+00:00,0.5,0,0.0,0.0,0.0,0.0,0.0,0.0,0.6799999999999999,116.0,0.0
18746260,2026-05-28 02:08:40+00:00,0.5,0,0.0,0.0,0.0,0.0,0.0,0.0,0.6799999999999999,116.0,0.0
18746260,2026-05-28 02:08:41+00:00,0.5,0,0.0,0.0,0.0,0.0,0.0,0.0,0.6799999999999999,116.0,0.0
18746260,2026-05-28 02:08:42+00:00,0.5,0,0.0,0.0,0.0,0.0,0.0,0.0,0.6799999999999999,116.0,0.0
18746260,2026-05-28 02:08:43+00:00,0.5,0,0.0,0.0,0.0,0.0,0.0,0.0,0.6799999999999999,116.0,0.0
18746260,2026-05-28 02:08:44+00:00,0.5,0,0.0,0.0,0.0,0.0,0.0,0.0,0.6799999999999999,116.0,0.0
18746260,2026-05-28 02:08:45+00:00,0.5,0,0.0,0.0,0.0,0.0,0.0,0.0,0.6799999999999999,116.0,0.0
18746260,2026-05-28 02:08:46+00:00,0.5,0,0.0,0.0,0.0,0.0,0.0,0.0,0.6799999999999999,116.0,0.0
18746260,2026-05-28 02:08:47+00:00,0.5,0,0.0,0.0,0.0,0.0,0.0,0.0,0.6799999999999999,116.0,0.0
18746260,2026-05-28 02:08:48+00:00,0.5,0,0.0,0.0,0.0,0.0,0.0,0.0,0.6799999999999999,116.0,0.0
18746260,2026-05-28 02:08:49+00:00,0.5,0,0.0,0.0,0.0,0.0,0.0,0.0,0.6799999999999999,116.0,0.0
18746260,2026-05-28 02:08:50+00:00,0.5,0,0.0,0.0,0.0,0.0,0.0,0.0,0.6799999999999999,116.0,0.0
18746260,2026-05-28 02:08:51+00:00,0.5,0,0.0,0.0,0.0,0.0,0.0,0.0,0.6799999999999999,116.0,0.0
18746260,2026-05-28 02:08:52+00:00,0.5,0,0.0,0.0,0.0,0.0,0.0,0.0,0.6799999999999999,116.0,0.0
18746260,2026-05-28 02:08:53+00:00,0.5,0,0.0,0.0,0.0,0.0,0.0,0.0,0.6799999999999999,116.0,0.0
18746260,2026-05-28 02:08:54+00:00,0.5,0,0.0,0.0,0.0,0.0,0.0,0.0,0.6799999999999999,116.0,0.0
18746260,2026-05-28 02:08:55+00:00,0.5,0,0.0,0.0,0.0,0.0,0.0,0.0,0.6799999999999999,116.0,0.0
18746260,2026-05-28 02:08:56+00:00,0.5,0,0.0,0.0,0.0,0.0,0.0,0.0,0.6799999999999999,116.0,0.0
18746260,2026-05-28 02:08:57+00:00,0.5,0,0.0,0.0,0.0,0.0,0.0,0.0,0.6799999999999999,116.0,0.0
18746260,2026-05-28 02:08:58+00:00,0.5,0,0.0,0.0,0.0,0.0,0.0,0.0,0.6799999999999999,116.0,0.0
18746260,2026-05-28 02:08:59+00:00,0.5,0,0.0,0.0,0.0,0.0,0.0,0.0,0.6799999999999999,116.0,0.0
18746260,2026-05-28 02:09:00+00:00,0.5,0,0.0,0.0,0.0,0.0,0.0,0.0,0.6799999999999999,116.0,0.0
18746260,2026-05-28 02:09:01+00:00,0.5,0,0.0,0.0,0.0,0.0,0.0,0.0,0.6799999999999999,116.0,0.0
18746260,2026-05-28 02:09:02+00:00,0.5,0,0.0,0.0,0.0,0.0,0.0,0.0,0.6799999999999999,116.0,0.0
18746260,2026-05-28 02:09:03+00:00,0.5,0,0.0,0.0,0.0,0.0,0.0,0.0,0.6799999999999999,116.0,0.0
18746260,2026-05-28 02:09:04+00:00,0.5,0,0.0,0.0,0.0,0.0,0.0,0.0,0.6799999999999999,116.0,0.0
18746260,2026-05-28 02:09:05+00:00,0.5,0,0.0,0.0,0.0,0.0,0.0,0.0,0.6799999999999999,116.0,0.0
18746260,2026-05-28 02:09:06+00:00,0.5,0,0.0,0.0,0.0,0.0,0.0,0.0,0.6799999999999999,116.0,0.0
18746260,2026-05-28 02:09:07+00:00,0.5,0,0.0,0.0,0.0,0.0,0.0,0.0,0.6799999999999999,116.0,0.0
18746260,2026-05-28 02:09:08+00:00,0.5,0,0.0,0.0,0.0,0.0,0.0,0.0,0.6799999999999999,116.0,0.0
18746260,2026-05-28 02:09:09+00:00,0.5,0,0.0,0.0,0.0,0.0,0.0,0.0,0.6799999999999999,116.0,0.0
18746260,2026-05-28 02:09:10+00:00,0.5,0,0.0,0.0,0.0,0.0,0.0,0.0,0.6799999999999999,116.0,0.0
18746260,2026-05-28 02:09:11+00:00,0.5,0,0.0,0.0,0.0,0.0,0.0,0.0,0.6799999999999999,116.0,0.0
18746260,2026-05-28 02:09:12+00:00,0.5,0,0.0,0.0,0.0,0.0,0.0,0.0,0.6799999999999999,116.0,0.0
18746260,2026-05-28 02:09:13+00:00,0.5,0,0.0,0.0,0.0,0.0,0.0,0.0,0.6799999999999999,116.0,0.0
18746260,2026-05-28 02:09:14+00:00,0.5,0,0.0,0.0,0.0,0.0,0.0,0.0,0.6799999999999999,116.0,0.0
18746260,2026-05-28 02:09:15+00:00,0.5,0,0.0,0.0,0.0,0.0,0.0,0.0,0.6799999999999999,116.0,0.0
18746260,2026-05-28 02:09:16+00:00,0.5,0,0.0,0.0,0.0,0.0,0.0,0.0,0.6799999999999999,116.0,0.0
18746260,2026-05-28 02:09:17+00:00,0.5,0,0.0,0.0,0.0,0.0,0.0,0.0,0.6799999999999999,116.0,0.0
18746260,2026-05-28 02:09:18+00:00,0.5,0,0.0,0.0,0.0,0.0,0.0,0.0,0.6799999999999999,116.0,0.0
18746260,2026-05-28 02:09:19+00:00,0.5,0,0.0,0.0,0.0,0.0,0.0,0.0,0.6799999999999999,116.0,0.0
18746260,2026-05-28 02:09:20+00:00,0.5,0,0.0,0.0,0.0,0.0,0.0,0.0,0.6799999999999999,116.0,0.0
18746260,2026-05-28 02:09:21+00:00,0.5,0,0.0,0.0,0.0,0.0,0.0,0.0,0.6799999999999999,116.0,0.0
18746260,2026-05-28 02:09:22+00:00,0.5,0,0.0,0.0,0.0,0.0,0.0,0.0,0.6799999999999999,116.0,0.0
18746260,2026-05-28 02:09:23+00:00,0.5,0,0.0,0.0,0.0,0.0,0.0,0.0,0.6799999999999999,116.0,0.0
18746260,2026-05-28 02:09:24+00:00,0.5,0,0.0,0.0,0.0,0.0,0.0,0.0,0.6799999999999999,116.0,0.0
18746260,2026-05-28 02:09:25+00:00,0.5,0,0.0,0.0,0.0,0.0,0.0,0.0,0.6799999999999999,116.0,0.0
18746260,2026-05-28 02:09:26+00:00,0.5,0,0.0,0.0,0.0,0.0,0.0,0.0,0.6799999999999999,116.0,0.0
18746260,2026-05-28 02:09:27+00:00,0.5,0,0.0,0.0,0.0,0.0,0.0,0.0,0.6799999999999999,116.0,0.0
18746260,2026-05-28 02:09:28+00:00,0.5,0,0.0,0.0,0.0,0.0,0.0,0.0,0.6799999999999999,116.0,0.0
18746260,2026-05-28 02:09:29+00:00,0.5,0,0.0,0.0,0.0,0.0,0.0,0.0,0.6799999999999999,116.0,0.0
18746260,2026-05-28 02:09:30+00:00,0.5,0,0.0,0.0,0.0,0.0,0.0,0.0,0.6799999999999999,116.0,0.0
18746260,2026-05-28 02:09:31+00:00,0.5,0,0.0,0.0,0.0,0.0,0.0,0.0,0.6799999999999999,116.0,0.0
18746260,2026-05-28 02:09:32+00:00,0.5,0,0.0,0.0,0.0,0.0,0.0,0.0,0.6799999999999999,116.0,0.0
18746260,2026-05-28 02:09:33+00:00,0.5,0,0.0,0.0,0.0,0.0,0.0,0.0,0.6799999999999999,116.0,0.0
18746260,2026-05-28 02:09:34+00:00,0.5,0,0.0,0.0,0.0,0.0,0.0,0.0,0.6799999999999999,116.0,0.0
18746260,2026-05-28 02:09:35+00:00,0.5,0,0.0,0.0,0.0,0.0,0.0,0.0,0.6799999999999999,116.0,0.0
18746260,2026-05-28 02:09:36+00:00,0.5,0,0.0,0.0,0.0,0.0,0.0,0.0,0.6799999999999999,116.0,0.0
18746260,2026-05-28 02:09:37+00:00,0.5,0,0.0,0.0,0.0,0.0,0.0,0.0,0.6799999999999999,116.0,0.0
18746260,2026-05-28 02:09:38+00:00,0.5,0,0.0,0.0,0.0,0.0,0.0,0.0,0.6799999999999999,116.0,0.0
18746260,2026-05-28 02:09:39+00:00,0.5,0,0.0,0.0,0.0,0.0,0.0,0.0,0.6799999999999999,116.0,0.0
18746260,2026-05-28 02:09:40+00:00,0.5,0,0.0,0.0,0.0,0.0,0.0,0.0,0.6799999999999999,116.0,0.0
18746260,2026-05-28 02:09:41+00:00,0.5,0,0.0,0.0,0.0,0.0,0.0,0.0,0.6799999999999999,116.0,0.0
18746260,2026-05-28 02:09:42+00:00,0.5,0,0.0,0.0,0.0,0.0,0.0,0.0,0.6799999999999999,116.0,0.0
18746260,2026-05-28 02:09:43+00:00,0.5,0,0.0,0.0,0.0,0.0,0.0,0.0,0.6799999999999999,116.0,0.0
18746260,2026-05-28 02:09:44+00:00,0.5,0,0.0,0.0,0.0,0.0,0.0,0.0,0.6799999999999999,116.0,0.0
18746260,2026-05-28 02:09:45+00:00,0.5,0,0.0,0.0,0.0,0.0,0.0,0.0,0.6799999999999999,116.0,0.0
18746260,2026-05-28 02:09:46+00:00,0.5,0,0.0,0.0,0.0,0.0,0.0,0.0,0.6799999999999999,116.0,0.0
18746260,2026-05-28 02:09:47+00:00,0.5,0,0.0,0.0,0.0,0.0,0.0,0.0,0.6799999999999999,116.0,0.0
18746260,2026-05-28 02:09:48+00:00,0.5,0,0.0,0.0,0.0,0.0,0.0,0.0,0.6799999999999999,116.0,0.0
18746260,2026-05-28 02:09:49+00:00,0.5,0,0.0,0.0,0.0,0.0,0.0,0.0,0.6799999999999999,116.0,0.0
18746260,2026-05-28 02:09:50+00:00,0.5,0,0.0,0.0,0.0,0.0,0.0,0.0,0.6799999999999999,116.0,0.0
18746260,2026-05-28 02:09:51+00:00,0.5,0,0.0,0.0,0.0,0.0,0.0,0.0,0.6799999999999999,116.0,0.0
18746260,2026-05-28 02:09:52+00:00,0.5,0,0.0,0.0,0.0,0.0,0.0,0.0,0.6799999999999999,116.0,0.0
18746260,2026-05-28 02:09:53+00:00,0.5,0,0.0,0.0,0.0,0.0,0.0,0.0,0.6799999999999999,116.0,0.0
18746260,2026-05-28 02:09:54+00:00,0.5,0,0.0,0.0,0.0,0.0,0.0,0.0,0.6799999999999999,116.0,0.0
18746260,2026-05-28 02:09:55+00:00,0.5,0,0.0,0.0,0.0,0.0,0.0,0.0,0.6799999999999999,116.0,0.0
18746260,2026-05-28 02:09:56+00:00,0.5,0,0.0,0.0,0.0,0.0,0.0,0.0,0.6799999999999999,116.0,0.0
18746260,2026-05-28 02:09:57+00:00,0.5,0,0.0,0.0,0.0,0.0,0.0,0.0,0.6799999999999999,116.0,0.0
18746260,2026-05-28 02:09:58+00:00,0.5,0,0.0,0.0,0.0,0.0,0.0,0.0,0.6799999999999999,116.0,0.0
18746260,2026-05-28 02:09:59+00:00,0.5,0,0.0,0.0,0.0,0.0,0.0,0.0,0.6799999999999999,116.0,0.0
18746260,2026-05-28 02:10:00+00:00,0.5,0,0.0,0.0,0.0,0.0,0.0,0.0,0.6799999999999999,116.0,0.0
18746260,2026-05-28 02:10:01+00:00,0.5,0,0.0,0.0,0.0,0.0,0.0,0.0,0.6799999999999999,116.0,0.0
18746260,2026-05-28 02:10:02+00:00,0.5,0,0.0,0.0,0.0,0.0,0.0,0.0,0.6799999999999999,116.0,0.0
18746260,2026-05-28 02:10:03+00:00,0.5,0,0.0,0.0,0.0,0.0,0.0,0.0,0.6799999999999999,116.0,0.0
18746260,2026-05-28 02:10:04+00:00,0.5,0,0.0,0.0,0.0,0.0,0.0,0.0,0.6799999999999999,116.0,0.0
18746260,2026-05-28 02:10:05+00:00,0.5,0,0.0,0.0,0.0,0.0,0.0,0.0,0.6799999999999999,116.0,0.0
18746260,2026-05-28 02:10:06+00:00,0.5,0,0.0,0.0,0.0,0.0,0.0,0.0,0.6799999999999999,116.0,0.0
18746260,2026-05-28 02:10:07+00:00,0.5,0,0.0,0.0,0.0,0.0,0.0,0.0,0.6799999999999999,116.0,0.0
18746260,2026-05-28 02:10:08+00:00,0.5,0,0.0,0.0,0.0,0.0,0.0,0.0,0.6799999999999999,116.0,0.0
18746260,2026-05-28 02:10:09+00:00,0.5,0,0.0,0.0,0.0,0.0,0.0,0.0,0.6799999999999999,116.0,0.0
18746260,2026-05-28 02:10:10+00:00,0.5,0,0.0,0.0,0.0,0.0,0.0,0.0,0.6799999999999999,116.0,0.0
18746260,2026-05-28 02:10:11+00:00,0.5,0,0.0,0.0,0.0,0.0,0.0,0.0,0.6799999999999999,116.0,0.0
18746260,2026-05-28 02:10:12+00:00,0.5,0,0.0,0.0,0.0,0.0,0.0,0.0,0.6799999999999999,116.0,0.0
18746260,2026-05-28 02:10:13+00:00,0.5,0,0.0,0.0,0.0,0.0,0.0,0.0,0.6799999999999999,116.0,0.0
18746260,2026-05-28 02:10:14+00:00,0.5,0,0.0,0.0,0.0,0.0,0.0,0.0,0.6799999999999999,116.0,0.0
18746260,2026-05-28 02:10:15+00:00,0.5,0,0.0,0.0,0.0,0.0,0.0,0.0,0.6799999999999999,116.0,0.0
18746260,2026-05-28 02:10:16+00:00,0.5,0,0.0,0.0,0.0,0.0,0.0,0.0,0.6799999999999999,116.0,0.0
18746260,2026-05-28 02:10:17+00:00,0.5,0,0.0,0.0,0.0,0.0,0.0,0.0,0.6799999999999999,116.0,0.0
18746260,2026-05-28 02:10:18+00:00,0.5,0,0.0,0.0,0.0,0.0,0.0,0.0,0.6799999999999999,116.0,0.0
18746260,2026-05-28 02:10:19+00:00,0.5,0,0.0,0.0,0.0,0.0,0.0,0.0,0.6799999999999999,116.0,0.0
18746260,2026-05-28 02:10:20+00:00,0.5,0,0.0,0.0,0.0,0.0,0.0,0.0,0.6799999999999999,116.0,0.0
18746260,2026-05-28 02:10:21+00:00,0.5,0,0.0,0.0,0.0,0.0,0.0,0.0,0.6799999999999999,116.0,0.0
18746260,2026-05-28 02:10:22+00:00,0.5,0,0.0,0.0,0.0,0.0,0.0,0.0,0.6799999999999999,116.0,0.0
18746260,2026-05-28 02:10:23+00:00,0.5,0,0.0,0.0,0.0,0.0,0.0,0.0,0.6799999999999999,116.0,0.0
18746260,2026-05-28 02:10:24+00:00,0.5,0,0.0,0.0,0.0,0.0,0.0,0.0,0.6799999999999999,116.0,0.0
18746260,2026-05-28 02:10:25+00:00,0.5,0,0.0,0.0,0.0,0.0,0.0,0.0,0.6799999999999999,116.0,0.0
18746260,2026-05-28 02:10:26+00:00,0.5,0,0.0,0.0,0.0,0.0,0.0,0.0,0.6799999999999999,116.0,0.0
18746260,2026-05-28 02:10:27+00:00,0.5,0,0.0,0.0,0.0,0.0,0.0,0.0,0.6799999999999999,116.0,0.0
18746260,2026-05-28 02:10:28+00:00,0.5,0,0.0,0.0,0.0,0.0,0.0,0.0,0.6799999999999999,116.0,0.0
18746260,2026-05-28 02:10:29+00:00,0.5,0,0.0,0.0,0.0,0.0,0.0,0.0,0.6799999999999999,116.0,0.0
18746260,2026-05-28 02:10:30+00:00,0.5,0,0.0,0.0,0.0,0.0,0.0,0.0,0.6799999999999999,116.0,0.0
18746260,2026-05-28 02:10:31+00:00,0.5,0,0.0,0.0,0.0,0.0,0.0,0.0,0.6799999999999999,116.0,0.0
18746260,2026-05-28 02:10:32+00:00,0.5,0,0.0,0.0,0.0,0.0,0.0,0.0,0.6799999999999999,116.0,0.0
18746260,2026-05-28 02:10:33+00:00,0.5,0,0.0,0.0,0.0,0.0,0.0,0.0,0.6799999999999999,116.0,0.0
18746260,2026-05-28 02:10:34+00:00,0.5,0,0.0,0.0,0.0,0.0,0.0,0.0,0.6799999999999999,116.0,0.0
18746260,2026-05-28 02:10:35+00:00,0.5,0,0.0,0.0,0.0,0.0,0.0,0.0,0.6799999999999999,116.0,0.0
18746260,2026-05-28 02:10:36+00:00,0.5,0,0.0,0.0,0.0,0.0,0.0,0.0,0.6799999999999999,116.0,0.0
18746260,2026-05-28 02:10:37+00:00,0.5,0,0.0,0.0,0.0,0.0,0.0,0.0,0.6799999999999999,116.0,0.0
18746260,2026-05-28 02:10:38+00:00,0.5,0,0.0,0.0,0.0,0.0,0.0,0.0,0.6799999999999999,116.0,0.0
18746260,2026-05-28 02:10:39+00:00,0.5,0,0.0,0.0,0.0,0.0,0.0,0.0,0.6799999999999999,116.0,0.0
18746260,2026-05-28 02:10:40+00:00,0.5,0,0.0,0.0,0.0,0.0,0.0,0.0,0.6799999999999999,116.0,0.0
18746260,2026-05-28 02:10:41+00:00,0.5,0,0.0,0.0,0.0,0.0,0.0,0.0,0.6799999999999999,116.0,0.0
18746260,2026-05-28 02:10:42+00:00,0.5,0,0.0,0.0,0.0,0.0,0.0,0.0,0.6799999999999999,116.0,0.0
18746260,2026-05-28 02:10:43+00:00,0.5,0,0.0,0.0,0.0,0.0,0.0,0.0,0.6799999999999999,116.0,0.0
18746260,2026-05-28 02:10:44+00:00,0.5,0,0.0,0.0,0.0,0.0,0.0,0.0,0.6799999999999999,116.0,0.0
18746260,2026-05-28 02:10:45+00:00,0.5,0,0.0,0.0,0.0,0.0,0.0,0.0,0.6799999999999999,116.0,0.0
18746260,2026-05-28 02:10:46+00:00,0.5,0,0.0,0.0,0.0,0.0,0.0,0.0,0.6799999999999999,116.0,0.0
18746260,2026-05-28 02:10:47+00:00,0.5,0,0.0,0.0,0.0,0.0,0.0,0.0,0.6799999999999999,116.0,0.0
18746260,2026-05-28 02:10:48+00:00,0.5,0,0.0,0.0,0.0,0.0,0.0,0.0,0.6799999999999999,116.0,0.0
18746260,2026-05-28 02:10:49+00:00,0.5,0,0.0,0.0,0.0,0.0,0.0,0.0,0.6799999999999999,116.0,0.0
18746260,2026-05-28 02:10:50+00:00,0.5,0,0.0,0.0,0.0,0.0,0.0,0.0,0.6799999999999999,116.0,0.0
18746260,2026-05-28 02:10:51+00:00,0.5,0,0.0,0.0,0.0,0.0,0.0,0.0,0.6799999999999999,116.0,0.0
18746260,2026-05-28 02:10:52+00:00,0.5,0,0.0,0.0,0.0,0.0,0.0,0.0,0.6799999999999999,116.0,0.0
18746260,2026-05-28 02:10:53+00:00,0.5,0,0.0,0.0,0.0,0.0,0.0,0.0,0.6799999999999999,116.0,0.0
18746260,2026-05-28 02:10:54+00:00,0.5,0,0.0,0.0,0.0,0.0,0.0,0.0,0.6799999999999999,116.0,0.0
18746260,2026-05-28 02:10:55+00:00,0.5,0,0.0,0.0,0.0,0.0,0.0,0.0,0.6799999999999999,116.0,0.0
18746260,2026-05-28 02:10:56+00:00,0.5,0,0.0,0.0,0.0,0.0,0.0,0.0,0.6799999999999999,116.0,0.0
18746260,2026-05-28 02:10:57+00:00,0.5,0,0.0,0.0,0.0,0.0,0.0,0.0,0.6799999999999999,116.0,0.0
18746260,2026-05-28 02:10:58+00:00,0.5,0,0.0,0.0,0.0,0.0,0.0,0.0,0.6799999999999999,116.0,0.0
18746260,2026-05-28 02:10:59+00:00,0.5,0,0.0,0.0,0.0,0.0,0.0,0.0,0.6799999999999999,116.0,0.0
18746260,2026-05-28 02:11:00+00:00,0.5,0,0.0,0.0,0.0,0.0,0.0,0.0,0.6799999999999999,116.0,0.0
18746260,2026-05-28 02:11:01+00:00,0.5,0,0.0,0.0,0.0,0.0,0.0,0.0,0.6799999999999999,116.0,0.0
18746260,2026-05-28 02:11:02+00:00,0.5,0,0.0,0.0,0.0,0.0,0.0,0.0,0.6799999999999999,116.0,0.0
18746260,2026-05-28 02:11:03+00:00,0.5,0,0.0,0.0,0.0,0.0,0.0,0.0,0.6799999999999999,116.0,0.0
18746260,2026-05-28 02:11:04+00:00,0.5,0,0.0,0.0,0.0,0.0,0.0,0.0,0.6799999999999999,116.0,0.0
18746260,2026-05-28 02:11:05+00:00,0.5,0,0.0,0.0,0.0,0.0,0.0,0.0,0.6799999999999999,116.0,0.0
18746260,2026-05-28 02:11:06+00:00,0.5,0,0.0,0.0,0.0,0.0,0.0,0.0,0.6799999999999999,116.0,0.0
18746260,2026-05-28 02:11:07+00:00,0.5,0,0.0,0.0,0.0,0.0,0.0,0.0,0.6799999999999999,116.0,0.0
18746260,2026-05-28 02:11:08+00:00,0.5,0,0.0,0.0,0.0,0.0,0.0,0.0,0.6799999999999999,116.0,0.0
18746260,2026-05-28 02:11:09+00:00,0.5,0,0.0,0.0,0.0,0.0,0.0,0.0,0.6799999999999999,116.0,0.0
18746260,2026-05-28 02:11:10+00:00,0.5,0,0.0,0.0,0.0,0.0,0.0,0.0,0.6799999999999999,116.0,0.0
18746260,2026-05-28 02:11:11+00:00,0.5,0,0.0,0.0,0.0,0.0,0.0,0.0,0.6799999999999999,116.0,0.0
18746260,2026-05-28 02:11:12+00:00,0.5,0,0.0,0.0,0.0,0.0,0.0,0.0,0.6799999999999999,116.0,0.0
18746260,2026-05-28 02:11:13+00:00,0.5,0,0.0,0.0,0.0,0.0,0.0,0.0,0.6799999999999999,116.0,0.0
18746260,2026-05-28 02:11:14+00:00,0.5,0,0.0,0.0,0.0,0.0,0.0,0.0,0.6799999999999999,116.0,0.0
18746260,2026-05-28 02:11:15+00:00,0.5,0,0.0,0.0,0.0,0.0,0.0,0.0,0.6799999999999999,116.0,0.0
18746260,2026-05-28 02:11:16+00:00,0.5,0,0.0,0.0,0.0,0.0,0.0,0.0,0.6799999999999999,116.0,0.0
18746260,2026-05-28 02:11:17+00:00,0.5,0,0.0,0.0,0.0,0.0,0.0,0.0,0.6799999999999999,116.0,0.0
18746260,2026-05-28 02:11:18+00:00,0.5,0,0.0,0.0,0.0,0.0,0.0,0.0,0.6799999999999999,116.0,0.0
18746260,2026-05-28 02:11:19+00:00,0.5,0,0.0,0.0,0.0,0.0,0.0,0.0,0.6799999999999999,116.0,0.0
18746260,2026-05-28 02:11:20+00:00,0.5,0,0.0,0.0,0.0,0.0,0.0,0.0,0.6799999999999999,116.0,0.0
18746260,2026-05-28 02:11:21+00:00,0.5,0,0.0,0.0,0.0,0.0,0.0,0.0,0.6799999999999999,116.0,0.0
18746260,2026-05-28 02:11:22+00:00,0.5,0,0.0,0.0,0.0,0.0,0.0,0.0,0.6799999999999999,116.0,0.0
18746260,2026-05-28 02:11:23+00:00,0.5,0,0.0,0.0,0.0,0.0,0.0,0.0,0.6799999999999999,116.0,0.0
18746260,2026-05-28 02:11:24+00:00,0.5,0,0.0,0.0,0.0,0.0,0.0,0.0,0.6799999999999999,116.0,0.0
18746260,2026-05-28 02:11:25+00:00,0.5,0,0.0,0.0,0.0,0.0,0.0,0.0,0.6799999999999999,116.0,0.0
18746260,2026-05-28 02:11:26+00:00,0.5,0,0.0,0.0,0.0,0.0,0.0,0.0,0.6799999999999999,116.0,0.0
18746260,2026-05-28 02:11:27+00:00,0.5,0,0.0,0.0,0.0,0.0,0.0,0.0,0.6799999999999999,116.0,0.0
18746260,2026-05-28 02:11:28+00:00,0.5,0,0.0,0.0,0.0,0.0,0.0,0.0,0.6799999999999999,116.0,0.0
18746260,2026-05-28 02:11:29+00:00,0.5,0,0.0,0.0,0.0,0.0,0.0,0.0,0.6799999999999999,116.0,0.0
18746260,2026-05-28 02:11:30+00:00,0.5,0,0.0,0.0,0.0,0.0,0.0,0.0,0.6799999999999999,116.0,0.0
18746260,2026-05-28 02:11:31+00:00,0.5,0,0.0,0.0,0.0,0.0,0.0,0.0,0.6799999999999999,116.0,0.0
18746260,2026-05-28 02:11:32+00:00,0.5,0,0.0,0.0,0.0,0.0,0.0,0.0,0.6799999999999999,116.0,0.0
18746260,2026-05-28 02:11:33+00:00,0.5,0,0.0,0.0,0.0,0.0,0.0,0.0,0.6799999999999999,116.0,0.0
18746260,2026-05-28 02:11:34+00:00,0.5,0,0.0,0.0,0.0,0.0,0.0,0.0,0.6799999999999999,116.0,0.0
18746260,2026-05-28 02:11:35+00:00,0.5,0,0.0,0.0,0.0,0.0,0.0,0.0,0.6799999999999999,116.0,0.0
18746260,2026-05-28 02:11:36+00:00,0.5,0,0.0,0.0,0.0,0.0,0.0,0.0,0.6799999999999999,116.0,0.0
18746260,2026-05-28 02:11:37+00:00,0.5,0,0.0,0.0,0.0,0.0,0.0,0.0,0.6799999999999999,116.0,0.0
18746260,2026-05-28 02:11:38+00:00,0.5,0,0.0,0.0,0.0,0.0,0.0,0.0,0.6799999999999999,116.0,0.0
18746260,2026-05-28 02:11:39+00:00,0.5,0,0.0,0.0,0.0,0.0,0.0,0.0,0.6799999999999999,116.0,0.0
18746260,2026-05-28 02:11:40+00:00,0.5,0,0.0,0.0,0.0,0.0,0.0,0.0,0.6799999999999999,116.0,0.0
18746260,2026-05-28 02:11:41+00:00,0.5,0,0.0,0.0,0.0,0.0,0.0,0.0,0.6799999999999999,116.0,0.0
18746260,2026-05-28 02:11:42+00:00,0.5,0,0.0,0.0,0.0,0.0,0.0,0.0,0.6799999999999999,116.0,0.0
18746260,2026-05-28 02:11:43+00:00,0.5,0,0.0,0.0,0.0,0.0,0.0,0.0,0.6799999999999999,116.0,0.0
18746260,2026-05-28 02:11:44+00:00,0.5,0,0.0,0.0,0.0,0.0,0.0,0.0,0.6799999999999999,116.0,0.0
18746260,2026-05-28 02:11:45+00:00,0.5,0,0.0,0.0,0.0,0.0,0.0,0.0,0.6799999999999999,116.0,0.0
18746260,2026-05-28 02:11:46+00:00,0.5,0,0.0,0.0,0.0,0.0,0.0,0.0,0.6799999999999999,116.0,0.0
18746260,2026-05-28 02:11:47+00:00,0.5,0,0.0,0.0,0.0,0.0,0.0,0.0,0.6799999999999999,116.0,0.0
18746260,2026-05-28 02:11:48+00:00,0.5,0,0.0,0.0,0.0,0.0,0.0,0.0,0.6799999999999999,116.0,0.0
18746260,2026-05-28 02:11:49+00:00,0.5,0,0.0,0.0,0.0,0.0,0.0,0.0,0.6799999999999999,116.0,0.0
18746260,2026-05-28 02:11:50+00:00,0.5,0,0.0,0.0,0.0,0.0,0.0,0.0,0.6799999999999999,116.0,0.0
18746260,2026-05-28 02:11:51+00:00,0.5,0,0.0,0.0,0.0,0.0,0.0,0.0,0.6799999999999999,116.0,0.0
18746260,2026-05-28 02:11:52+00:00,0.5,0,0.0,0.0,0.0,0.0,0.0,0.0,0.6799999999999999,116.0,0.0
18746260,2026-05-28 02:11:53+00:00,0.5,0,0.0,0.0,0.0,0.0,0.0,0.0,0.6799999999999999,116.0,0.0
18746260,2026-05-28 02:11:54+00:00,0.5,0,0.0,0.0,0.0,0.0,0.0,0.0,0.6799999999999999,116.0,0.0
18746260,2026-05-28 02:11:55+00:00,0.5,0,0.0,0.0,0.0,0.0,0.0,0.0,0.6799999999999999,116.0,0.0
18746260,2026-05-28 02:11:56+00:00,0.5,0,0.0,0.0,0.0,0.0,0.0,0.0,0.6799999999999999,116.0,0.0
18746260,2026-05-28 02:11:57+00:00,0.5,0,0.0,0.0,0.0,0.0,0.0,0.0,0.6799999999999999,116.0,0.0
18746260,2026-05-28 02:11:58+00:00,0.5,0,0.0,0.0,0.0,0.0,0.0,0.0,0.6799999999999999,116.0,0.0
18746260,2026-05-28 02:11:59+00:00,0.5,0,0.0,0.0,0.0,0.0,0.0,0.0,0.6799999999999999,116.0,0.0
18746260,2026-05-28 02:12:00+00:00,0.5,0,0.0,0.0,0.0,0.0,0.0,0.0,0.6799999999999999,116.0,0.0
18746260,2026-05-28 02:12:01+00:00,0.5,0,0.0,0.0,0.0,0.0,0.0,0.0,0.6799999999999999,116.0,0.0
18746260,2026-05-28 02:12:02+00:00,0.5,0,0.0,0.0,0.0,0.0,0.0,0.0,0.6799999999999999,116.0,0.0
18746260,2026-05-28 02:12:03+00:00,0.5,0,0.0,0.0,0.0,0.0,0.0,0.0,0.6799999999999999,116.0,0.0
18746260,2026-05-28 02:12:04+00:00,0.5,0,0.0,0.0,0.0,0.0,0.0,0.0,0.6799999999999999,116.0,0.0
18746260,2026-05-28 02:12:05+00:00,0.5,0,0.0,0.0,0.0,0.0,0.0,0.0,0.6799999999999999,116.0,0.0
18746260,2026-05-28 02:12:06+00:00,0.5,0,0.0,0.0,0.0,0.0,0.0,0.0,0.6799999999999999,116.0,0.0
18746260,2026-05-28 02:12:07+00:00,0.5,0,0.0,0.0,0.0,0.0,0.0,0.0,0.6799999999999999,116.0,0.0
18746260,2026-05-28 02:12:08+00:00,0.5,0,0.0,0.0,0.0,0.0,0.0,0.0,0.6799999999999999,116.0,0.0
18746260,2026-05-28 02:12:09+00:00,0.5,0,0.0,0.0,0.0,0.0,0.0,0.0,0.6799999999999999,116.0,0.0
18746260,2026-05-28 02:12:10+00:00,0.5,0,0.0,0.0,0.0,0.0,0.0,0.0,0.6799999999999999,116.0,0.0
18746260,2026-05-28 02:12:11+00:00,0.5,0,0.0,0.0,0.0,0.0,0.0,0.0,0.6799999999999999,116.0,0.0
18746260,2026-05-28 02:12:12+00:00,0.5,0,0.0,0.0,0.0,0.0,0.0,0.0,0.6799999999999999,116.0,0.0
18746260,2026-05-28 02:12:13+00:00,0.5,0,0.0,0.0,0.0,0.0,0.0,0.0,0.6799999999999999,116.0,0.0
18746260,2026-05-28 02:12:14+00:00,0.5,0,0.0,0.0,0.0,0.0,0.0,0.0,0.6799999999999999,116.0,0.0
18746260,2026-05-28 02:12:15+00:00,0.5,0,0.0,0.0,0.0,0.0,0.0,0.0,0.6799999999999999,116.0,0.0
18746260,2026-05-28 02:12:16+00:00,0.5,0,0.0,0.0,0.0,0.0,0.0,0.0,0.6799999999999999,116.0,0.0
18746260,2026-05-28 02:12:17+00:00,0.5,0,0.0,0.0,0.0,0.0,0.0,0.0,0.6799999999999999,116.0,0.0
18746260,2026-05-28 02:12:18+00:00,0.5,0,0.0,0.0,0.0,0.0,0.0,0.0,0.6799999999999999,116.0,0.0
18746260,2026-05-28 02:12:19+00:00,0.5,0,0.0,0.0,0.0,0.0,0.0,0.0,0.6799999999999999,116.0,0.0
18746260,2026-05-28 02:12:20+00:00,0.5,0,0.0,0.0,0.0,0.0,0.0,0.0,0.6799999999999999,116.0,0.0
18746260,2026-05-28 02:12:21+00:00,0.5,0,0.0,0.0,0.0,0.0,0.0,0.0,0.6799999999999999,116.0,0.0
18746260,2026-05-28 02:12:22+00:00,0.5,0,0.0,0.0,0.0,0.0,0.0,0.0,0.6799999999999999,116.0,0.0
18746260,2026-05-28 02:12:23+00:00,0.5,0,0.0,0.0,0.0,0.0,0.0,0.0,0.6799999999999999,116.0,0.0
18746260,2026-05-28 02:12:24+00:00,0.5,0,0.0,0.0,0.0,0.0,0.0,0.0,0.6799999999999999,116.0,0.0
18746260,2026-05-28 02:12:25+00:00,0.5,0,0.0,0.0,0.0,0.0,0.0,0.0,0.6799999999999999,116.0,0.0
18746260,2026-05-28 02:12:26+00:00,0.5,0,0.0,0.0,0.0,0.0,0.0,0.0,0.6799999999999999,116.0,0.0
18746260,2026-05-28 02:12:27+00:00,0.5,0,0.0,0.0,0.0,0.0,0.0,0.0,0.6799999999999999,116.0,0.0
18746260,2026-05-28 02:12:28+00:00,0.5,0,0.0,0.0,0.0,0.0,0.0,0.0,0.6799999999999999,116.0,0.0
18746260,2026-05-28 02:12:29+00:00,0.5,0,0.0,0.0,0.0,0.0,0.0,0.0,0.6799999999999999,116.0,0.0
18746260,2026-05-28 02:12:30+00:00,0.5,0,0.0,0.0,0.0,0.0,0.0,0.0,0.6799999999999999,116.0,0.0
18746260,2026-05-28 02:12:31+00:00,0.5,0,0.0,0.0,0.0,0.0,0.0,0.0,0.6799999999999999,116.0,0.0
18746260,2026-05-28 02:12:32+00:00,0.5,0,0.0,0.0,0.0,0.0,0.0,0.0,0.6799999999999999,116.0,0.0
18746260,2026-05-28 02:12:33+00:00,0.5,0,0.0,0.0,0.0,0.0,0.0,0.0,0.6799999999999999,116.0,0.0
18746260,2026-05-28 02:12:34+00:00,0.5,0,0.0,0.0,0.0,0.0,0.0,0.0,0.6799999999999999,116.0,0.0
18746260,2026-05-28 02:12:35+00:00,0.5,0,0.0,0.0,0.0,0.0,0.0,0.0,0.6799999999999999,116.0,0.0
18746260,2026-05-28 02:12:36+00:00,0.5,0,0.0,0.0,0.0,0.0,0.0,0.0,0.6799999999999999,116.0,0.0
18746260,2026-05-28 02:12:37+00:00,0.5,0,0.0,0.0,0.0,0.0,0.0,0.0,0.6799999999999999,116.0,0.0
18746260,2026-05-28 02:12:38+00:00,0.5,0,0.0,0.0,0.0,0.0,0.0,0.0,0.6799999999999999,116.0,0.0
18746260,2026-05-28 02:12:39+00:00,0.5,0,0.0,0.0,0.0,0.0,0.0,0.0,0.6799999999999999,116.0,0.0
18746260,2026-05-28 02:12:40+00:00,0.5,0,0.0,0.0,0.0,0.0,0.0,0.0,0.6799999999999999,116.0,0.0
18746260,2026-05-28 02:12:41+00:00,0.5,0,0.0,0.0,0.0,0.0,0.0,0.0,0.6799999999999999,116.0,0.0
18746260,2026-05-28 02:12:42+00:00,0.5,0,0.0,0.0,0.0,0.0,0.0,0.0,0.6799999999999999,116.0,0.0
18746260,2026-05-28 02:12:43+00:00,0.5,0,0.0,0.0,0.0,0.0,0.0,0.0,0.6799999999999999,116.0,0.0
18746260,2026-05-28 02:12:44+00:00,0.5,0,0.0,0.0,0.0,0.0,0.0,0.0,0.6799999999999999,116.0,0.0
18746260,2026-05-28 02:12:45+00:00,0.5,0,0.0,0.0,0.0,0.0,0.0,0.0,0.6799999999999999,116.0,0.0
18746260,2026-05-28 02:12:46+00:00,0.5,0,0.0,0.0,0.0,0.0,0.0,0.0,0.6799999999999999,116.0,0.0
18746260,2026-05-28 02:12:47+00:00,0.5,0,0.0,0.0,0.0,0.0,0.0,0.0,0.6799999999999999,116.0,0.0
18746260,2026-05-28 02:12:48+00:00,0.5,0,0.0,0.0,0.0,0.0,0.0,0.0,0.6799999999999999,116.0,0.0
18746260,2026-05-28 02:12:49+00:00,0.5,0,0.0,0.0,0.0,0.0,0.0,0.0,0.6799999999999999,116.0,0.0
18746260,2026-05-28 02:12:50+00:00,0.5,0,0.0,0.0,0.0,0.0,0.0,0.0,0.6799999999999999,116.0,0.0
18746260,2026-05-28 02:12:51+00:00,0.5,0,0.0,0.0,0.0,0.0,0.0,0.0,0.6799999999999999,116.0,0.0
18746260,2026-05-28 02:12:52+00:00,0.5,0,0.0,0.0,0.0,0.0,0.0,0.0,0.6799999999999999,116.0,0.0
18746260,2026-05-28 02:12:53+00:00,0.5,0,0.0,0.0,0.0,0.0,0.0,0.0,0.6799999999999999,116.0,0.0
18746260,2026-05-28 02:12:54+00:00,0.5,0,0.0,0.0,0.0,0.0,0.0,0.0,0.6799999999999999,116.0,0.0
18746260,2026-05-28 02:12:55+00:00,0.5,0,0.0,0.0,0.0,0.0,0.0,0.0,0.6799999999999999,116.0,0.0
18746260,2026-05-28 02:12:56+00:00,0.5,0,0.0,0.0,0.0,0.0,0.0,0.0,0.6799999999999999,116.0,0.0
18746260,2026-05-28 02:12:57+00:00,0.5,0,0.0,0.0,0.0,0.0,0.0,0.0,0.6799999999999999,116.0,0.0
18746260,2026-05-28 02:12:58+00:00,0.5,0,0.0,0.0,0.0,0.0,0.0,0.0,0.6799999999999999,116.0,0.0
18746260,2026-05-28 02:12:59+00:00,0.5,0,0.0,0.0,0.0,0.0,0.0,0.0,0.6799999999999999,116.0,0.0
18746260,2026-05-28 02:13:00+00:00,0.5,0,0.0,0.0,0.0,0.0,0.0,0.0,0.6799999999999999,116.0,0.0
18746260,2026-05-28 02:13:01+00:00,0.5,0,0.0,0.0,0.0,0.0,0.0,0.0,0.6799999999999999,116.0,0.0
18746260,2026-05-28 02:13:02+00:00,0.5,0,0.0,0.0,0.0,0.0,0.0,0.0,0.6799999999999999,116.0,0.0
18746260,2026-05-28 02:13:03+00:00,0.5,0,0.0,0.0,0.0,0.0,0.0,0.0,0.6799999999999999,116.0,0.0
18746260,2026-05-28 02:13:04+00:00,0.5,0,0.0,0.0,0.0,0.0,0.0,0.0,0.6799999999999999,116.0,0.0
18746260,2026-05-28 02:13:05+00:00,0.5,0,0.0,0.0,0.0,0.0,0.0,0.0,0.6799999999999999,116.0,0.0
18746260,2026-05-28 02:13:06+00:00,0.5,0,0.0,0.0,0.0,0.0,0.0,0.0,0.6799999999999999,116.0,0.0
18746260,2026-05-28 02:13:07+00:00,0.5,0,0.0,0.0,0.0,0.0,0.0,0.0,0.6799999999999999,116.0,0.0
18746260,2026-05-28 02:13:08+00:00,0.5,0,0.0,0.0,0.0,0.0,0.0,0.0,0.6799999999999999,116.0,0.0
18746260,2026-05-28 02:13:09+00:00,0.5,0,0.0,0.0,0.0,0.0,0.0,0.0,0.6799999999999999,116.0,0.0
18746260,2026-05-28 02:13:10+00:00,0.5,0,0.0,0.0,0.0,0.0,0.0,0.0,0.6799999999999999,116.0,0.0
18746260,2026-05-28 02:13:11+00:00,0.5,0,0.0,0.0,0.0,0.0,0.0,0.0,0.6799999999999999,116.0,0.0
18746260,2026-05-28 02:13:12+00:00,0.5,0,0.0,0.0,0.0,0.0,0.0,0.0,0.6799999999999999,116.0,0.0
18746260,2026-05-28 02:13:13+00:00,0.5,0,0.0,0.0,0.0,0.0,0.0,0.0,0.6799999999999999,116.0,0.0
18746260,2026-05-28 02:13:14+00:00,0.5,0,0.0,0.0,0.0,0.0,0.0,0.0,0.6799999999999999,116.0,0.0
18746260,2026-05-28 02:13:15+00:00,0.5,0,0.0,0.0,0.0,0.0,0.0,0.0,0.6799999999999999,116.0,0.0
18746260,2026-05-28 02:13:16+00:00,0.5,0,0.0,0.0,0.0,0.0,0.0,0.0,0.6799999999999999,116.0,0.0
18746260,2026-05-28 02:13:17+00:00,0.5,0,0.0,0.0,0.0,0.0,0.0,0.0,0.6799999999999999,116.0,0.0
18746260,2026-05-28 02:13:18+00:00,0.5,0,0.0,0.0,0.0,0.0,0.0,0.0,0.6799999999999999,116.0,0.0
18746260,2026-05-28 02:13:19+00:00,0.5,0,0.0,0.0,0.0,0.0,0.0,0.0,0.6799999999999999,116.0,0.0
18746260,2026-05-28 02:13:20+00:00,0.5,0,0.0,0.0,0.0,0.0,0.0,0.0,0.6799999999999999,116.0,0.0
18746260,2026-05-28 02:13:21+00:00,0.5,0,0.0,0.0,0.0,0.0,0.0,0.0,0.6799999999999999,116.0,0.0
18746260,2026-05-28 02:13:22+00:00,0.5,0,0.0,0.0,0.0,0.0,0.0,0.0,0.6799999999999999,116.0,0.0
18746260,2026-05-28 02:13:23+00:00,0.5,0,0.0,0.0,0.0,0.0,0.0,0.0,0.6799999999999999,116.0,0.0
18746260,2026-05-28 02:13:24+00:00,0.5,0,0.0,0.0,0.0,0.0,0.0,0.0,0.6799999999999999,116.0,0.0
18746260,2026-05-28 02:13:25+00:00,0.5,0,0.0,0.0,0.0,0.0,0.0,0.0,0.6799999999999999,116.0,0.0
18746260,2026-05-28 02:13:26+00:00,0.5,0,0.0,0.0,0.0,0.0,0.0,0.0,0.6799999999999999,116.0,0.0
18746260,2026-05-28 02:13:27+00:00,0.5,0,0.0,0.0,0.0,0.0,0.0,0.0,0.6799999999999999,116.0,0.0
18746260,2026-05-28 02:13:28+00:00,0.5,0,0.0,0.0,0.0,0.0,0.0,0.0,0.6799999999999999,116.0,0.0
18746260,2026-05-28 02:13:29+00:00,0.5,0,0.0,0.0,0.0,0.0,0.0,0.0,0.6799999999999999,116.0,0.0
18746260,2026-05-28 02:13:30+00:00,0.5,0,0.0,0.0,0.0,0.0,0.0,0.0,0.6799999999999999,116.0,0.0
18746260,2026-05-28 02:13:31+00:00,0.5,0,0.0,0.0,0.0,0.0,0.0,0.0,0.6799999999999999,116.0,0.0
18746260,2026-05-28 02:13:32+00:00,0.5,0,0.0,0.0,0.0,0.0,0.0,0.0,0.6799999999999999,116.0,0.0
18746260,2026-05-28 02:13:33+00:00,0.5,0,0.0,0.0,0.0,0.0,0.0,0.0,0.6799999999999999,116.0,0.0
18746260,2026-05-28 02:13:34+00:00,0.5,0,0.0,0.0,0.0,0.0,0.0,0.0,0.6799999999999999,116.0,0.0
18746260,2026-05-28 02:13:35+00:00,0.5,0,0.0,0.0,0.0,0.0,0.0,0.0,0.6799999999999999,116.0,0.0
18746260,2026-05-28 02:13:36+00:00,0.5,0,0.0,0.0,0.0,0.0,0.0,0.0,0.6799999999999999,116.0,0.0
18746260,2026-05-28 02:13:37+00:00,0.5,0,0.0,0.0,0.0,0.0,0.0,0.0,0.6799999999999999,116.0,0.0
18746260,2026-05-28 02:13:38+00:00,0.5,0,0.0,0.0,0.0,0.0,0.0,0.0,0.6799999999999999,116.0,0.0
18746260,2026-05-28 02:13:39+00:00,0.5,0,0.0,0.0,0.0,0.0,0.0,0.0,0.6799999999999999,116.0,0.0
18746260,2026-05-28 02:13:40+00:00,0.5,0,0.0,0.0,0.0,0.0,0.0,0.0,0.6799999999999999,116.0,0.0
18746260,2026-05-28 02:13:41+00:00,0.5,0,0.0,0.0,0.0,0.0,0.0,0.0,0.6799999999999999,116.0,0.0
18746260,2026-05-28 02:13:42+00:00,0.5,0,0.0,0.0,0.0,0.0,0.0,0.0,0.6799999999999999,116.0,0.0
18746260,2026-05-28 02:13:43+00:00,0.5,0,0.0,0.0,0.0,0.0,0.0,0.0,0.6799999999999999,116.0,0.0
18746260,2026-05-28 02:13:44+00:00,0.5,0,0.0,0.0,0.0,0.0,0.0,0.0,0.6799999999999999,116.0,0.0
18746260,2026-05-28 02:13:45+00:00,0.5,0,0.0,0.0,0.0,0.0,0.0,0.0,0.6799999999999999,116.0,0.0
18746260,2026-05-28 02:13:46+00:00,0.5,0,0.0,0.0,0.0,0.0,0.0,0.0,0.6799999999999999,116.0,0.0
18746260,2026-05-28 02:13:47+00:00,0.5,0,0.0,0.0,0.0,0.0,0.0,0.0,0.6799999999999999,116.0,0.0
18746260,2026-05-28 02:13:48+00:00,0.5,0,0.0,0.0,0.0,0.0,0.0,0.0,0.6799999999999999,116.0,0.0
18746260,2026-05-28 02:13:49+00:00,0.5,0,0.0,0.0,0.0,0.0,0.0,0.0,0.6799999999999999,116.0,0.0
18746260,2026-05-28 02:13:50+00:00,0.5,0,0.0,0.0,0.0,0.0,0.0,0.0,0.6799999999999999,116.0,0.0
18746260,2026-05-28 02:13:51+00:00,0.5,0,0.0,0.0,0.0,0.0,0.0,0.0,0.6799999999999999,116.0,0.0
18746260,2026-05-28 02:13:52+00:00,0.5,0,0.0,0.0,0.0,0.0,0.0,0.0,0.6799999999999999,116.0,0.0
18746260,2026-05-28 02:13:53+00:00,0.5,0,0.0,0.0,0.0,0.0,0.0,0.0,0.6799999999999999,116.0,0.0
18746260,2026-05-28 02:13:54+00:00,0.5,0,0.0,0.0,0.0,0.0,0.0,0.0,0.6799999999999999,116.0,0.0
18746260,2026-05-28 02:13:55+00:00,0.5,0,0.0,0.0,0.0,0.0,0.0,0.0,0.6799999999999999,116.0,0.0
18746260,2026-05-28 02:13:56+00:00,0.5,0,0.0,0.0,0.0,0.0,0.0,0.0,0.6799999999999999,116.0,0.0
18746260,2026-05-28 02:13:57+00:00,0.5,0,0.0,0.0,0.0,0.0,0.0,0.0,0.6799999999999999,116.0,0.0
18746260,2026-05-28 02:13:58+00:00,0.5,0,0.0,0.0,0.0,0.0,0.0,0.0,0.6799999999999999,116.0,0.0
18746260,2026-05-28 02:13:59+00:00,0.5,0,0.0,0.0,0.0,0.0,0.0,0.0,0.6799999999999999,116.0,0.0
18746260,2026-05-28 02:14:00+00:00,0.5,0,0.0,0.0,0.0,0.0,0.0,0.0,0.6799999999999999,116.0,0.0
18746260,2026-05-28 02:14:01+00:00,0.5,0,0.0,0.0,0.0,0.0,0.0,0.0,0.6799999999999999,116.0,0.0
18746260,2026-05-28 02:14:02+00:00,0.5,0,0.0,0.0,0.0,0.0,0.0,0.0,0.6799999999999999,116.0,0.0
18746260,2026-05-28 02:14:03+00:00,0.5,0,0.0,0.0,0.0,0.0,0.0,0.0,0.6799999999999999,116.0,0.0
18746260,2026-05-28 02:14:04+00:00,0.5,0,0.0,0.0,0.0,0.0,0.0,0.0,0.6799999999999999,116.0,0.0
18746260,2026-05-28 02:14:05+00:00,0.5,0,0.0,0.0,0.0,0.0,0.0,0.0,0.6799999999999999,116.0,0.0
18746260,2026-05-28 02:14:06+00:00,0.5,0,0.0,0.0,0.0,0.0,0.0,0.0,0.6799999999999999,116.0,0.0
18746260,2026-05-28 02:14:07+00:00,0.5,0,0.0,0.0,0.0,0.0,0.0,0.0,0.6799999999999999,116.0,0.0
18746260,2026-05-28 02:14:08+00:00,0.5,0,0.0,0.0,0.0,0.0,0.0,0.0,0.6799999999999999,116.0,0.0
18746260,2026-05-28 02:14:09+00:00,0.5,0,0.0,0.0,0.0,0.0,0.0,0.0,0.6799999999999999,116.0,0.0
18746260,2026-05-28 02:14:10+00:00,0.5,0,0.0,0.0,0.0,0.0,0.0,0.0,0.6799999999999999,116.0,0.0
18746260,2026-05-28 02:14:11+00:00,0.5,0,0.0,0.0,0.0,0.0,0.0,0.0,0.6799999999999999,116.0,0.0
18746260,2026-05-28 02:14:12+00:00,0.5,0,0.0,0.0,0.0,0.0,0.0,0.0,0.6799999999999999,116.0,0.0
18746260,2026-05-28 02:14:13+00:00,0.5,0,0.0,0.0,0.0,0.0,0.0,0.0,0.6799999999999999,116.0,0.0
18746260,2026-05-28 02:14:14+00:00,0.5,0,0.0,0.0,0.0,0.0,0.0,0.0,0.6799999999999999,116.0,0.0
18746260,2026-05-28 02:14:15+00:00,0.5,0,0.0,0.0,0.0,0.0,0.0,0.0,0.6799999999999999,116.0,0.0
18746260,2026-05-28 02:14:16+00:00,0.5,0,0.0,0.0,0.0,0.0,0.0,0.0,0.6799999999999999,116.0,0.0
18746260,2026-05-28 02:14:17+00:00,0.5,0,0.0,0.0,0.0,0.0,0.0,0.0,0.6799999999999999,116.0,0.0
18746260,2026-05-28 02:14:18+00:00,0.5,0,0.0,0.0,0.0,0.0,0.0,0.0,0.6799999999999999,116.0,0.0
18746260,2026-05-28 02:14:19+00:00,0.5,0,0.0,0.0,0.0,0.0,0.0,0.0,0.6799999999999999,116.0,0.0
18746260,2026-05-28 02:14:20+00:00,0.5,0,0.0,0.0,0.0,0.0,0.0,0.0,0.6799999999999999,116.0,0.0
18746260,2026-05-28 02:14:21+00:00,0.5,0,0.0,0.0,0.0,0.0,0.0,0.0,0.6799999999999999,116.0,0.0
18746260,2026-05-28 02:14:22+00:00,0.5,0,0.0,0.0,0.0,0.0,0.0,0.0,0.6799999999999999,116.0,0.0
18746260,2026-05-28 02:14:23+00:00,0.5,0,0.0,0.0,0.0,0.0,0.0,0.0,0.6799999999999999,116.0,0.0
18746260,2026-05-28 02:14:24+00:00,0.5,0,0.0,0.0,0.0,0.0,0.0,0.0,0.6799999999999999,116.0,0.0
18746260,2026-05-28 02:14:25+00:00,0.5,0,0.0,0.0,0.0,0.0,0.0,0.0,0.6799999999999999,116.0,0.0
18746260,2026-05-28 02:14:26+00:00,0.5,0,0.0,0.0,0.0,0.0,0.0,0.0,0.6799999999999999,116.0,0.0
18746260,2026-05-28 02:14:27+00:00,0.5,0,0.0,0.0,0.0,0.0,0.0,0.0,0.6799999999999999,116.0,0.0
18746260,2026-05-28 02:14:28+00:00,0.5,0,0.0,0.0,0.0,0.0,0.0,0.0,0.6799999999999999,116.0,0.0
18746260,2026-05-28 02:14:29+00:00,0.5,0,0.0,0.0,0.0,0.0,0.0,0.0,0.6799999999999999,116.0,0.0
18746260,2026-05-28 02:14:30+00:00,0.5,0,0.0,0.0,0.0,0.0,0.0,0.0,0.6799999999999999,116.0,0.0
18746260,2026-05-28 02:14:31+00:00,0.5,0,0.0,0.0,0.0,0.0,0.0,0.0,0.6799999999999999,116.0,0.0
18746260,2026-05-28 02:14:32+00:00,0.5,0,0.0,0.0,0.0,0.0,0.0,0.0,0.6799999999999999,116.0,0.0
18746260,2026-05-28 02:14:33+00:00,0.5,0,0.0,0.0,0.0,0.0,0.0,0.0,0.6799999999999999,116.0,0.0
18746260,2026-05-28 02:14:34+00:00,0.5,0,0.0,0.0,0.0,0.0,0.0,0.0,0.6799999999999999,116.0,0.0
18746260,2026-05-28 02:14:35+00:00,0.5,0,0.0,0.0,0.0,0.0,0.0,0.0,0.6799999999999999,116.0,0.0
18746260,2026-05-28 02:14:36+00:00,0.5,0,0.0,0.0,0.0,0.0,0.0,0.0,0.6799999999999999,116.0,0.0
18746260,2026-05-28 02:14:37+00:00,0.5,0,0.0,0.0,0.0,0.0,0.0,0.0,0.6799999999999999,116.0,0.0
18746260,2026-05-28 02:14:38+00:00,0.5,0,0.0,0.0,0.0,0.0,0.0,0.0,0.6799999999999999,116.0,0.0
18746260,2026-05-28 02:14:39+00:00,0.5,0,0.0,0.0,0.0,0.0,0.0,0.0,0.6799999999999999,116.0,0.0
18746260,2026-05-28 02:14:40+00:00,0.5,0,0.0,0.0,0.0,0.0,0.0,0.0,0.6799999999999999,116.0,0.0
18746260,2026-05-28 02:14:41+00:00,0.5,0,0.0,0.0,0.0,0.0,0.0,0.0,0.6799999999999999,116.0,0.0
18746260,2026-05-28 02:14:42+00:00,0.5,0,0.0,0.0,0.0,0.0,0.0,0.0,0.6799999999999999,116.0,0.0
18746260,2026-05-28 02:14:43+00:00,0.5,0,0.0,0.0,0.0,0.0,0.0,0.0,0.6799999999999999,116.0,0.0
18746260,2026-05-28 02:14:44+00:00,0.5,0,0.0,0.0,0.0,0.0,0.0,0.0,0.6799999999999999,116.0,0.0
18746260,2026-05-28 02:14:45+00:00,0.5,0,0.0,0.0,0.0,0.0,0.0,0.0,0.6799999999999999,116.0,0.0
18746260,2026-05-28 02:14:46+00:00,0.5,0,0.0,0.0,0.0,0.0,0.0,0.0,0.6799999999999999,116.0,0.0
18746260,2026-05-28 02:14:47+00:00,0.5,0,0.0,0.0,0.0,0.0,0.0,0.0,0.6799999999999999,116.0,0.0
18746260,2026-05-28 02:14:48+00:00,0.5,0,0.0,0.0,0.0,0.0,0.0,0.0,0.6799999999999999,116.0,0.0
18746260,2026-05-28 02:14:49+00:00,0.5,0,0.0,0.0,0.0,0.0,0.0,0.0,0.6799999999999999,116.0,0.0
18746260,2026-05-28 02:14:50+00:00,0.5,0,0.0,0.0,0.0,0.0,0.0,0.0,0.6799999999999999,116.0,0.0
18746260,2026-05-28 02:14:51+00:00,0.5,0,0.0,0.0,0.0,0.0,0.0,0.0,0.6799999999999999,116.0,0.0
18746260,2026-05-28 02:14:52+00:00,0.5,0,0.0,0.0,0.0,0.0,0.0,0.0,0.6799999999999999,116.0,0.0
18746260,2026-05-28 02:14:53+00:00,0.5,0,0.0,0.0,0.0,0.0,0.0,0.0,0.6799999999999999,116.0,0.0
18746260,2026-05-28 02:14:54+00:00,0.5,0,0.0,0.0,0.0,0.0,0.0,0.0,0.6799999999999999,116.0,0.0
18746260,2026-05-28 02:14:55+00:00,0.5,0,0.0,0.0,0.0,0.0,0.0,0.0,0.6799999999999999,116.0,0.0
18746260,2026-05-28 02:14:56+00:00,0.5,0,0.0,0.0,0.0,0.0,0.0,0.0,0.6799999999999999,116.0,0.0
18746260,2026-05-28 02:14:57+00:00,0.5,0,0.0,0.0,0.0,0.0,0.0,0.0,0.6799999999999999,116.0,0.0
18746260,2026-05-28 02:14:58+00:00,0.5,0,0.0,0.0,0.0,0.0,0.0,0.0,0.6799999999999999,116.0,0.0
18746260,2026-05-28 02:14:59+00:00,0.5,0,0.0,0.0,0.0,0.0,0.0,0.0,0.6799999999999999,116.0,0.0
18746260,2026-05-28 02:15:00+00:00,0.5,0,0.0,0.0,0.0,0.0,0.0,0.0,0.6799999999999999,116.0,0.0
18746260,2026-05-28 02:15:01+00:00,0.5,0,0.0,0.0,0.0,0.0,0.0,0.0,0.6799999999999999,116.0,0.0
18746260,2026-05-28 02:15:02+00:00,0.5,0,0.0,0.0,0.0,0.0,0.0,0.0,0.6799999999999999,116.0,0.0
18746260,2026-05-28 02:15:03+00:00,0.5,0,0.0,0.0,0.0,0.0,0.0,0.0,0.6799999999999999,116.0,0.0
18746260,2026-05-28 02:15:04+00:00,0.5,0,0.0,0.0,0.0,0.0,0.0,0.0,0.6799999999999999,116.0,0.0
18746260,2026-05-28 02:15:05+00:00,0.5,0,0.0,0.0,0.0,0.0,0.0,0.0,0.6799999999999999,116.0,0.0
18746260,2026-05-28 02:15:06+00:00,0.5,0,0.0,0.0,0.0,0.0,0.0,0.0,0.6799999999999999,116.0,0.0
18746260,2026-05-28 02:15:07+00:00,0.5,0,0.0,0.0,0.0,0.0,0.0,0.0,0.6799999999999999,116.0,0.0
18746260,2026-05-28 02:15:08+00:00,0.5,0,0.0,0.0,0.0,0.0,0.0,0.0,0.6799999999999999,116.0,0.0
18746260,2026-05-28 02:15:09+00:00,0.5,0,0.0,0.0,0.0,0.0,0.0,0.0,0.6799999999999999,116.0,0.0
18746260,2026-05-28 02:15:10+00:00,0.5,0,0.0,0.0,0.0,0.0,0.0,0.0,0.6799999999999999,116.0,0.0
18746260,2026-05-28 02:15:11+00:00,0.5,0,0.0,0.0,0.0,0.0,0.0,0.0,0.6799999999999999,116.0,0.0
18746260,2026-05-28 02:15:12+00:00,0.5,0,0.0,0.0,0.0,0.0,0.0,0.0,0.6799999999999999,116.0,0.0
18746260,2026-05-28 02:15:13+00:00,0.5,0,0.0,0.0,0.0,0.0,0.0,0.0,0.6799999999999999,116.0,0.0
18746260,2026-05-28 02:15:14+00:00,0.5,0,0.0,0.0,0.0,0.0,0.0,0.0,0.6799999999999999,116.0,0.0
18746260,2026-05-28 02:15:15+00:00,0.5,0,0.0,0.0,0.0,0.0,0.0,0.0,0.6799999999999999,116.0,0.0
18746260,2026-05-28 02:15:16+00:00,0.5,0,0.0,0.0,0.0,0.0,0.0,0.0,0.6799999999999999,116.0,0.0
18746260,2026-05-28 02:15:17+00:00,0.5,0,0.0,0.0,0.0,0.0,0.0,0.0,0.6799999999999999,116.0,0.0
18746260,2026-05-28 02:15:18+00:00,0.5,0,0.0,0.0,0.0,0.0,0.0,0.0,0.6799999999999999,116.0,0.0
18746260,2026-05-28 02:15:19+00:00,0.5,0,0.0,0.0,0.0,0.0,0.0,0.0,0.6799999999999999,116.0,0.0
18746260,2026-05-28 02:15:20+00:00,0.5,0,0.0,0.0,0.0,0.0,0.0,0.0,0.6799999999999999,116.0,0.0
18746260,2026-05-28 02:15:21+00:00,0.5,0,0.0,0.0,0.0,0.0,0.0,0.0,0.6799999999999999,116.0,0.0
18746260,2026-05-28 02:15:22+00:00,0.5,0,0.0,0.0,0.0,0.0,0.0,0.0,0.6799999999999999,116.0,0.0
18746260,2026-05-28 02:15:23+00:00,0.5,0,0.0,0.0,0.0,0.0,0.0,0.0,0.6799999999999999,116.0,0.0
18746260,2026-05-28 02:15:24+00:00,0.5,0,0.0,0.0,0.0,0.0,0.0,0.0,0.6799999999999999,116.0,0.0
18746260,2026-05-28 02:15:25+00:00,0.5,0,0.0,0.0,0.0,0.0,0.0,0.0,0.6799999999999999,116.0,0.0
18746260,2026-05-28 02:15:26+00:00,0.5,0,0.0,0.0,0.0,0.0,0.0,0.0,0.6799999999999999,116.0,0.0
18746260,2026-05-28 02:15:27+00:00,0.5,0,0.0,0.0,0.0,0.0,0.0,0.0,0.6799999999999999,116.0,0.0
18746260,2026-05-28 02:15:28+00:00,0.5,0,0.0,0.0,0.0,0.0,0.0,0.0,0.6799999999999999,116.0,0.0
18746260,2026-05-28 02:15:29+00:00,0.5,0,0.0,0.0,0.0,0.0,0.0,0.0,0.6799999999999999,116.0,0.0
18746260,2026-05-28 02:15:30+00:00,0.5,0,0.0,0.0,0.0,0.0,0.0,0.0,0.6799999999999999,116.0,0.0
18746260,2026-05-28 02:15:31+00:00,0.5,0,0.0,0.0,0.0,0.0,0.0,0.0,0.6799999999999999,116.0,0.0
18746260,2026-05-28 02:15:32+00:00,0.5,0,0.0,0.0,0.0,0.0,0.0,0.0,0.6799999999999999,116.0,0.0
18746260,2026-05-28 02:15:33+00:00,0.5,0,0.0,0.0,0.0,0.0,0.0,0.0,0.6799999999999999,116.0,0.0
18746260,2026-05-28 02:15:34+00:00,0.5,0,0.0,0.0,0.0,0.0,0.0,0.0,0.6799999999999999,116.0,0.0
18746260,2026-05-28 02:15:35+00:00,0.5,0,0.0,0.0,0.0,0.0,0.0,0.0,0.6799999999999999,116.0,0.0
18746260,2026-05-28 02:15:36+00:00,0.5,0,0.0,0.0,0.0,0.0,0.0,0.0,0.6799999999999999,116.0,0.0
18746260,2026-05-28 02:15:37+00:00,0.5,0,0.0,0.0,0.0,0.0,0.0,0.0,0.6799999999999999,116.0,0.0
18746260,2026-05-28 02:15:38+00:00,0.5,0,0.0,0.0,0.0,0.0,0.0,0.0,0.6799999999999999,116.0,0.0
18746260,2026-05-28 02:15:39+00:00,0.5,0,0.0,0.0,0.0,0.0,0.0,0.0,0.6799999999999999,116.0,0.0
18746260,2026-05-28 02:15:40+00:00,0.5,0,0.0,0.0,0.0,0.0,0.0,0.0,0.6799999999999999,116.0,0.0
18746260,2026-05-28 02:15:41+00:00,0.5,0,0.0,0.0,0.0,0.0,0.0,0.0,0.6799999999999999,116.0,0.0
18746260,2026-05-28 02:15:42+00:00,0.5,0,0.0,0.0,0.0,0.0,0.0,0.0,0.6799999999999999,116.0,0.0
18746260,2026-05-28 02:15:43+00:00,0.5,0,0.0,0.0,0.0,0.0,0.0,0.0,0.6799999999999999,116.0,0.0
18746260,2026-05-28 02:15:44+00:00,0.5,0,0.0,0.0,0.0,0.0,0.0,0.0,0.6799999999999999,116.0,0.0
18746260,2026-05-28 02:15:45+00:00,0.5,0,0.0,0.0,0.0,0.0,0.0,0.0,0.6799999999999999,116.0,0.0
18746260,2026-05-28 02:15:46+00:00,0.5,0,0.0,0.0,0.0,0.0,0.0,0.0,0.6799999999999999,116.0,0.0
18746260,2026-05-28 02:15:47+00:00,0.5,0,0.0,0.0,0.0,0.0,0.0,0.0,0.6799999999999999,116.0,0.0
18746260,2026-05-28 02:15:48+00:00,0.5,0,0.0,0.0,0.0,0.0,0.0,0.0,0.6799999999999999,116.0,0.0
18746260,2026-05-28 02:15:49+00:00,0.5,0,0.0,0.0,0.0,0.0,0.0,0.0,0.6799999999999999,116.0,0.0
18746260,2026-05-28 02:15:50+00:00,0.5,0,0.0,0.0,0.0,0.0,0.0,0.0,0.6799999999999999,116.0,0.0
18746260,2026-05-28 02:15:51+00:00,0.5,0,0.0,0.0,0.0,0.0,0.0,0.0,0.6799999999999999,116.0,0.0
18746260,2026-05-28 02:15:52+00:00,0.5,0,0.0,0.0,0.0,0.0,0.0,0.0,0.6799999999999999,116.0,0.0
18746260,2026-05-28 02:15:53+00:00,0.5,0,0.0,0.0,0.0,0.0,0.0,0.0,0.6799999999999999,116.0,0.0
18746260,2026-05-28 02:15:54+00:00,0.5,0,0.0,0.0,0.0,0.0,0.0,0.0,0.6799999999999999,116.0,0.0
18746260,2026-05-28 02:15:55+00:00,0.5,0,0.0,0.0,0.0,0.0,0.0,0.0,0.6799999999999999,116.0,0.0
18746260,2026-05-28 02:15:56+00:00,0.5,0,0.0,0.0,0.0,0.0,0.0,0.0,0.6799999999999999,116.0,0.0
18746260,2026-05-28 02:15:57+00:00,0.5,0,0.0,0.0,0.0,0.0,0.0,0.0,0.6799999999999999,116.0,0.0
18746260,2026-05-28 02:15:58+00:00,0.5,0,0.0,0.0,0.0,0.0,0.0,0.0,0.6799999999999999,116.0,0.0
18746260,2026-05-28 02:15:59+00:00,0.5,0,0.0,0.0,0.0,0.0,0.0,0.0,0.6799999999999999,116.0,0.0
18746260,2026-05-28 02:16:00+00:00,0.5,0,0.0,0.0,0.0,0.0,0.0,0.0,0.6799999999999999,116.0,0.0
18746260,2026-05-28 02:16:01+00:00,0.5,0,0.0,0.0,0.0,0.0,0.0,0.0,0.6799999999999999,116.0,0.0
18746260,2026-05-28 02:16:02+00:00,0.5,0,0.0,0.0,0.0,0.0,0.0,0.0,0.6799999999999999,116.0,0.0
18746260,2026-05-28 02:16:03+00:00,0.5,0,0.0,0.0,0.0,0.0,0.0,0.0,0.6799999999999999,116.0,0.0
18746260,2026-05-28 02:16:04+00:00,0.5,0,0.0,0.0,0.0,0.0,0.0,0.0,0.6799999999999999,116.0,0.0
18746260,2026-05-28 02:16:05+00:00,0.5,0,0.0,0.0,0.0,0.0,0.0,0.0,0.6799999999999999,116.0,0.0
18746260,2026-05-28 02:16:06+00:00,0.5,0,0.0,0.0,0.0,0.0,0.0,0.0,0.6799999999999999,116.0,0.0
18746260,2026-05-28 02:16:07+00:00,0.5,0,0.0,0.0,0.0,0.0,0.0,0.0,0.6799999999999999,116.0,0.0
18746260,2026-05-28 02:16:08+00:00,0.5,0,0.0,0.0,0.0,0.0,0.0,0.0,0.6799999999999999,116.0,0.0
18746260,2026-05-28 02:16:09+00:00,0.5,0,0.0,0.0,0.0,0.0,0.0,0.0,0.6799999999999999,116.0,0.0
18746260,2026-05-28 02:16:10+00:00,0.5,0,0.0,0.0,0.0,0.0,0.0,0.0,0.6799999999999999,116.0,0.0
18746260,2026-05-28 02:16:11+00:00,0.5,0,0.0,0.0,0.0,0.0,0.0,0.0,0.6799999999999999,116.0,0.0
18746260,2026-05-28 02:16:12+00:00,0.5,0,0.0,0.0,0.0,0.0,0.0,0.0,0.6799999999999999,116.0,0.0
18746260,2026-05-28 02:16:13+00:00,0.5,0,0.0,0.0,0.0,0.0,0.0,0.0,0.6799999999999999,116.0,0.0
18746260,2026-05-28 02:16:14+00:00,0.5,0,0.0,0.0,0.0,0.0,0.0,0.0,0.6799999999999999,116.0,0.0
18746260,2026-05-28 02:16:15+00:00,0.5,0,0.0,0.0,0.0,0.0,0.0,0.0,0.6799999999999999,116.0,0.0
18746260,2026-05-28 02:16:16+00:00,0.5,0,0.0,0.0,0.0,0.0,0.0,0.0,0.6799999999999999,116.0,0.0
18746260,2026-05-28 02:16:17+00:00,0.5,0,0.0,0.0,0.0,0.0,0.0,0.0,0.6799999999999999,116.0,0.0
18746260,2026-05-28 02:16:18+00:00,0.5,0,0.0,0.0,0.0,0.0,0.0,0.0,0.6799999999999999,116.0,0.0
18746260,2026-05-28 02:16:19+00:00,0.5,0,0.0,0.0,0.0,0.0,0.0,0.0,0.6799999999999999,116.0,0.0
18746260,2026-05-28 02:16:20+00:00,0.5,0,0.0,0.0,0.0,0.0,0.0,0.0,0.6799999999999999,116.0,0.0
18746260,2026-05-28 02:16:21+00:00,0.5,0,0.0,0.0,0.0,0.0,0.0,0.0,0.6799999999999999,116.0,0.0
18746260,2026-05-28 02:16:22+00:00,0.5,0,0.0,0.0,0.0,0.0,0.0,0.0,0.6799999999999999,116.0,0.0
18746260,2026-05-28 02:16:23+00:00,0.5,0,0.0,0.0,0.0,0.0,0.0,0.0,0.6799999999999999,116.0,0.0
18746260,2026-05-28 02:16:24+00:00,0.5,0,0.0,0.0,0.0,0.0,0.0,0.0,0.6799999999999999,116.0,0.0
18746260,2026-05-28 02:16:25+00:00,0.5,0,0.0,0.0,0.0,0.0,0.0,0.0,0.6799999999999999,116.0,0.0
18746260,2026-05-28 02:16:26+00:00,0.5,0,0.0,0.0,0.0,0.0,0.0,0.0,0.6799999999999999,116.0,0.0
18746260,2026-05-28 02:16:27+00:00,0.5,0,0.0,0.0,0.0,0.0,0.0,0.0,0.6799999999999999,116.0,0.0
18746260,2026-05-28 02:16:28+00:00,0.5,0,0.0,0.0,0.0,0.0,0.0,0.0,0.6799999999999999,116.0,0.0
18746260,2026-05-28 02:16:29+00:00,0.5,0,0.0,0.0,0.0,0.0,0.0,0.0,0.6799999999999999,116.0,0.0
18746260,2026-05-28 02:16:30+00:00,0.5,0,0.0,0.0,0.0,0.0,0.0,0.0,0.6799999999999999,116.0,0.0
18746260,2026-05-28 02:16:31+00:00,0.5,0,0.0,0.0,0.0,0.0,0.0,0.0,0.6799999999999999,116.0,0.0
18746260,2026-05-28 02:16:32+00:00,0.5,0,0.0,0.0,0.0,0.0,0.0,0.0,0.6799999999999999,116.0,0.0
18746260,2026-05-28 02:16:33+00:00,0.5,0,0.0,0.0,0.0,0.0,0.0,0.0,0.6799999999999999,116.0,0.0
18746260,2026-05-28 02:16:34+00:00,0.5,0,0.0,0.0,0.0,0.0,0.0,0.0,0.6799999999999999,116.0,0.0
18746260,2026-05-28 02:16:35+00:00,0.5,0,0.0,0.0,0.0,0.0,0.0,0.0,0.6799999999999999,116.0,0.0
18746260,2026-05-28 02:16:36+00:00,0.5,0,0.0,0.0,0.0,0.0,0.0,0.0,0.6799999999999999,116.0,0.0
18746260,2026-05-28 02:16:37+00:00,0.5,0,0.0,0.0,0.0,0.0,0.0,0.0,0.6799999999999999,116.0,0.0
18746260,2026-05-28 02:16:38+00:00,0.5,0,0.0,0.0,0.0,0.0,0.0,0.0,0.6799999999999999,116.0,0.0
18746260,2026-05-28 02:16:39+00:00,0.5,0,0.0,0.0,0.0,0.0,0.0,0.0,0.6799999999999999,116.0,0.0
18746260,2026-05-28 02:16:40+00:00,0.5,0,0.0,0.0,0.0,0.0,0.0,0.0,0.6799999999999999,116.0,0.0
18746260,2026-05-28 02:16:41+00:00,0.5,0,0.0,0.0,0.0,0.0,0.0,0.0,0.6799999999999999,116.0,0.0
18746260,2026-05-28 02:16:42+00:00,0.5,0,0.0,0.0,0.0,0.0,0.0,0.0,0.6799999999999999,116.0,0.0
18746260,2026-05-28 02:16:43+00:00,0.5,0,0.0,0.0,0.0,0.0,0.0,0.0,0.6799999999999999,116.0,0.0
18746260,2026-05-28 02:16:44+00:00,0.5,0,0.0,0.0,0.0,0.0,0.0,0.0,0.6799999999999999,116.0,0.0
18746260,2026-05-28 02:16:45+00:00,0.5,0,0.0,0.0,0.0,0.0,0.0,0.0,0.6799999999999999,116.0,0.0
18746260,2026-05-28 02:16:46+00:00,0.5,0,0.0,0.0,0.0,0.0,0.0,0.0,0.6799999999999999,116.0,0.0
18746260,2026-05-28 02:16:47+00:00,0.5,0,0.0,0.0,0.0,0.0,0.0,0.0,0.6799999999999999,116.0,0.0
18746260,2026-05-28 02:16:48+00:00,0.5,0,0.0,0.0,0.0,0.0,0.0,0.0,0.6799999999999999,116.0,0.0
18746260,2026-05-28 02:16:49+00:00,0.5,0,0.0,0.0,0.0,0.0,0.0,0.0,0.6799999999999999,116.0,0.0
18746260,2026-05-28 02:16:50+00:00,0.5,0,0.0,0.0,0.0,0.0,0.0,0.0,0.6799999999999999,116.0,0.0
18746260,2026-05-28 02:16:51+00:00,0.5,0,0.0,0.0,0.0,0.0,0.0,0.0,0.6799999999999999,116.0,0.0
18746260,2026-05-28 02:16:52+00:00,0.5,0,0.0,0.0,0.0,0.0,0.0,0.0,0.6799999999999999,116.0,0.0
18746260,2026-05-28 02:16:53+00:00,0.5,0,0.0,0.0,0.0,0.0,0.0,0.0,0.6799999999999999,116.0,0.0
18746260,2026-05-28 02:16:54+00:00,0.5,0,0.0,0.0,0.0,0.0,0.0,0.0,0.6799999999999999,116.0,0.0
18746260,2026-05-28 02:16:55+00:00,0.5,0,0.0,0.0,0.0,0.0,0.0,0.0,0.6799999999999999,116.0,0.0
18746260,2026-05-28 02:16:56+00:00,0.5,0,0.0,0.0,0.0,0.0,0.0,0.0,0.6799999999999999,116.0,0.0
18746260,2026-05-28 02:16:57+00:00,0.5,0,0.0,0.0,0.0,0.0,0.0,0.0,0.6799999999999999,116.0,0.0
18746260,2026-05-28 02:16:58+00:00,0.5,0,0.0,0.0,0.0,0.0,0.0,0.0,0.6799999999999999,116.0,0.0
18746260,2026-05-28 02:16:59+00:00,0.5,0,0.0,0.0,0.0,0.0,0.0,0.0,0.6799999999999999,116.0,0.0
18746260,2026-05-28 02:17:00+00:00,0.5,0,0.0,0.0,0.0,0.0,0.0,0.0,0.6799999999999999,116.0,0.0
18746260,2026-05-28 02:17:01+00:00,0.5,0,0.0,0.0,0.0,0.0,0.0,0.0,0.6799999999999999,116.0,0.0
18746260,2026-05-28 02:17:02+00:00,0.5,0,0.0,0.0,0.0,0.0,0.0,0.0,0.6799999999999999,116.0,0.0
18746260,2026-05-28 02:17:03+00:00,0.5,0,0.0,0.0,0.0,0.0,0.0,0.0,0.6799999999999999,116.0,0.0
18746260,2026-05-28 02:17:04+00:00,0.5,0,0.0,0.0,0.0,0.0,0.0,0.0,0.6799999999999999,116.0,0.0
18746260,2026-05-28 02:17:05+00:00,0.5,0,0.0,0.0,0.0,0.0,0.0,0.0,0.6799999999999999,116.0,0.0
18746260,2026-05-28 02:17:06+00:00,0.5,0,0.0,0.0,0.0,0.0,0.0,0.0,0.6799999999999999,116.0,0.0
18746260,2026-05-28 02:17:07+00:00,0.5,0,0.0,0.0,0.0,0.0,0.0,0.0,0.6799999999999999,116.0,0.0
18746260,2026-05-28 02:17:08+00:00,0.5,0,0.0,0.0,0.0,0.0,0.0,0.0,0.6799999999999999,116.0,0.0
18746260,2026-05-28 02:17:09+00:00,0.5,0,0.0,0.0,0.0,0.0,0.0,0.0,0.6799999999999999,116.0,0.0
18746260,2026-05-28 02:17:10+00:00,0.5,0,0.0,0.0,0.0,0.0,0.0,0.0,0.6799999999999999,116.0,0.0
18746260,2026-05-28 02:17:11+00:00,0.5,0,0.0,0.0,0.0,0.0,0.0,0.0,0.6799999999999999,116.0,0.0
18746260,2026-05-28 02:17:12+00:00,0.5,0,0.0,0.0,0.0,0.0,0.0,0.0,0.6799999999999999,116.0,0.0
18746260,2026-05-28 02:17:13+00:00,0.5,0,0.0,0.0,0.0,0.0,0.0,0.0,0.6799999999999999,116.0,0.0
18746260,2026-05-28 02:17:14+00:00,0.5,0,0.0,0.0,0.0,0.0,0.0,0.0,0.6799999999999999,116.0,0.0
18746260,2026-05-28 02:17:15+00:00,0.5,0,0.0,0.0,0.0,0.0,0.0,0.0,0.6799999999999999,116.0,0.0
18746260,2026-05-28 02:17:16+00:00,0.5,0,0.0,0.0,0.0,0.0,0.0,0.0,0.6799999999999999,116.0,0.0
18746260,2026-05-28 02:17:17+00:00,0.5,0,0.0,0.0,0.0,0.0,0.0,0.0,0.6799999999999999,116.0,0.0
18746260,2026-05-28 02:17:18+00:00,0.5,0,0.0,0.0,0.0,0.0,0.0,0.0,0.6799999999999999,116.0,0.0
18746260,2026-05-28 02:17:19+00:00,0.5,0,0.0,0.0,0.0,0.0,0.0,0.0,0.6799999999999999,116.0,0.0
18746260,2026-05-28 02:17:20+00:00,0.5,0,0.0,0.0,0.0,0.0,0.0,0.0,0.6799999999999999,116.0,0.0
18746260,2026-05-28 02:17:21+00:00,0.5,0,0.0,0.0,0.0,0.0,0.0,0.0,0.6799999999999999,116.0,0.0
18746260,2026-05-28 02:17:22+00:00,0.5,0,0.0,0.0,0.0,0.0,0.0,0.0,0.6799999999999999,116.0,0.0
18746260,2026-05-28 02:17:23+00:00,0.5,0,0.0,0.0,0.0,0.0,0.0,0.0,0.6799999999999999,116.0,0.0
18746260,2026-05-28 02:17:24+00:00,0.5,0,0.0,0.0,0.0,0.0,0.0,0.0,0.6799999999999999,116.0,0.0
18746260,2026-05-28 02:17:25+00:00,0.5,0,0.0,0.0,0.0,0.0,0.0,0.0,0.6799999999999999,116.0,0.0
18746260,2026-05-28 02:17:26+00:00,0.5,0,0.0,0.0,0.0,0.0,0.0,0.0,0.6799999999999999,116.0,0.0
18746260,2026-05-28 02:17:27+00:00,0.5,0,0.0,0.0,0.0,0.0,0.0,0.0,0.6799999999999999,116.0,0.0
18746260,2026-05-28 02:17:28+00:00,0.5,0,0.0,0.0,0.0,0.0,0.0,0.0,0.6799999999999999,116.0,0.0
18746260,2026-05-28 02:17:29+00:00,0.5,0,0.0,0.0,0.0,0.0,0.0,0.0,0.6799999999999999,116.0,0.0
18746260,2026-05-28 02:17:30+00:00,0.5,0,0.0,0.0,0.0,0.0,0.0,0.0,0.6799999999999999,116.0,0.0
18746260,2026-05-28 02:17:31+00:00,0.5,0,0.0,0.0,0.0,0.0,0.0,0.0,0.6799999999999999,116.0,0.0
18746260,2026-05-28 02:17:32+00:00,0.5,0,0.0,0.0,0.0,0.0,0.0,0.0,0.6799999999999999,116.0,0.0
18746260,2026-05-28 02:17:33+00:00,0.5,0,0.0,0.0,0.0,0.0,0.0,0.0,0.6799999999999999,116.0,0.0
18746260,2026-05-28 02:17:34+00:00,0.5,0,0.0,0.0,0.0,0.0,0.0,0.0,0.6799999999999999,116.0,0.0
18746260,2026-05-28 02:17:35+00:00,0.5,0,0.0,0.0,0.0,0.0,0.0,0.0,0.6799999999999999,116.0,0.0
18746260,2026-05-28 02:17:36+00:00,0.5,0,0.0,0.0,0.0,0.0,0.0,0.0,0.6799999999999999,116.0,0.0
18746260,2026-05-28 02:17:37+00:00,0.5,0,0.0,0.0,0.0,0.0,0.0,0.0,0.6799999999999999,116.0,0.0
18746260,2026-05-28 02:17:38+00:00,0.5,0,0.0,0.0,0.0,0.0,0.0,0.0,0.6799999999999999,116.0,0.0
18746260,2026-05-28 02:17:39+00:00,0.5,0,0.0,0.0,0.0,0.0,0.0,0.0,0.6799999999999999,116.0,0.0
18746260,2026-05-28 02:17:40+00:00,0.5,0,0.0,0.0,0.0,0.0,0.0,0.0,0.6799999999999999,116.0,0.0
18746260,2026-05-28 02:17:41+00:00,0.5,0,0.0,0.0,0.0,0.0,0.0,0.0,0.6799999999999999,116.0,0.0
18746260,2026-05-28 02:17:42+00:00,0.5,0,0.0,0.0,0.0,0.0,0.0,0.0,0.6799999999999999,116.0,0.0
18746260,2026-05-28 02:17:43+00:00,0.5,0,0.0,0.0,0.0,0.0,0.0,0.0,0.6799999999999999,116.0,0.0
18746260,2026-05-28 02:17:44+00:00,0.5,0,0.0,0.0,0.0,0.0,0.0,0.0,0.6799999999999999,116.0,0.0
18746260,2026-05-28 02:17:45+00:00,0.5,0,0.0,0.0,0.0,0.0,0.0,0.0,0.6799999999999999,116.0,0.0
18746260,2026-05-28 02:17:46+00:00,0.5,0,0.0,0.0,0.0,0.0,0.0,0.0,0.6799999999999999,116.0,0.0
18746260,2026-05-28 02:17:47+00:00,0.5,0,0.0,0.0,0.0,0.0,0.0,0.0,0.6799999999999999,116.0,0.0
18746260,2026-05-28 02:17:48+00:00,0.5,0,0.0,0.0,0.0,0.0,0.0,0.0,0.6799999999999999,116.0,0.0
18746260,2026-05-28 02:17:49+00:00,0.5,0,0.0,0.0,0.0,0.0,0.0,0.0,0.6799999999999999,116.0,0.0
18746260,2026-05-28 02:17:50+00:00,0.5,0,0.0,0.0,0.0,0.0,0.0,0.0,0.6799999999999999,116.0,0.0
18746260,2026-05-28 02:17:51+00:00,0.5,0,0.0,0.0,0.0,0.0,0.0,0.0,0.6799999999999999,116.0,0.0
18746260,2026-05-28 02:17:52+00:00,0.5,0,0.0,0.0,0.0,0.0,0.0,0.0,0.6799999999999999,116.0,0.0
18746260,2026-05-28 02:17:53+00:00,0.5,0,0.0,0.0,0.0,0.0,0.0,0.0,0.6799999999999999,116.0,0.0
18746260,2026-05-28 02:17:54+00:00,0.5,0,0.0,0.0,0.0,0.0,0.0,0.0,0.6799999999999999,116.0,0.0
18746260,2026-05-28 02:17:55+00:00,0.5,0,0.0,0.0,0.0,0.0,0.0,0.0,0.6799999999999999,116.0,0.0
18746260,2026-05-28 02:17:56+00:00,0.5,0,0.0,0.0,0.0,0.0,0.0,0.0,0.6799999999999999,116.0,0.0
18746260,2026-05-28 02:17:57+00:00,0.5,0,0.0,0.0,0.0,0.0,0.0,0.0,0.6799999999999999,116.0,0.0
18746260,2026-05-28 02:17:58+00:00,0.5,0,0.0,0.0,0.0,0.0,0.0,0.0,0.6799999999999999,116.0,0.0
18746260,2026-05-28 02:17:59+00:00,0.5,0,0.0,0.0,0.0,0.0,0.0,0.0,0.6799999999999999,116.0,0.0
18746260,2026-05-28 02:18:00+00:00,0.5,0,0.0,0.0,0.0,0.0,0.0,0.0,0.6799999999999999,116.0,0.0
18746260,2026-05-28 02:18:01+00:00,0.5,0,0.0,0.0,0.0,0.0,0.0,0.0,0.6799999999999999,116.0,0.0
18746260,2026-05-28 02:18:02+00:00,0.5,0,0.0,0.0,0.0,0.0,0.0,0.0,0.6799999999999999,116.0,0.0
18746260,2026-05-28 02:18:03+00:00,0.5,0,0.0,0.0,0.0,0.0,0.0,0.0,0.6799999999999999,116.0,0.0
18746260,2026-05-28 02:18:04+00:00,0.5,0,0.0,0.0,0.0,0.0,0.0,0.0,0.6799999999999999,116.0,0.0
18746260,2026-05-28 02:18:05+00:00,0.5,0,0.0,0.0,0.0,0.0,0.0,0.0,0.6799999999999999,116.0,0.0
18746260,2026-05-28 02:18:06+00:00,0.5,0,0.0,0.0,0.0,0.0,0.0,0.0,0.6799999999999999,116.0,0.0
18746260,2026-05-28 02:18:07+00:00,0.5,0,0.0,0.0,0.0,0.0,0.0,0.0,0.6799999999999999,116.0,0.0
18746260,2026-05-28 02:18:08+00:00,0.5,0,0.0,0.0,0.0,0.0,0.0,0.0,0.6799999999999999,116.0,0.0
18746260,2026-05-28 02:18:09+00:00,0.5,0,0.0,0.0,0.0,0.0,0.0,0.0,0.6799999999999999,116.0,0.0
18746260,2026-05-28 02:18:10+00:00,0.5,0,0.0,0.0,0.0,0.0,0.0,0.0,0.6799999999999999,116.0,0.0
18746260,2026-05-28 02:18:11+00:00,0.5,0,0.0,0.0,0.0,0.0,0.0,0.0,0.6799999999999999,116.0,0.0
18746260,2026-05-28 02:18:12+00:00,0.5,0,0.0,0.0,0.0,0.0,0.0,0.0,0.6799999999999999,116.0,0.0
18746260,2026-05-28 02:18:13+00:00,0.5,0,0.0,0.0,0.0,0.0,0.0,0.0,0.6799999999999999,116.0,0.0
18746260,2026-05-28 02:18:14+00:00,0.5,0,0.0,0.0,0.0,0.0,0.0,0.0,0.6799999999999999,116.0,0.0
18746260,2026-05-28 02:18:15+00:00,0.5,0,0.0,0.0,0.0,0.0,0.0,0.0,0.6799999999999999,116.0,0.0
18746260,2026-05-28 02:18:16+00:00,0.5,0,0.0,0.0,0.0,0.0,0.0,0.0,0.6799999999999999,116.0,0.0
18746260,2026-05-28 02:18:17+00:00,0.5,0,0.0,0.0,0.0,0.0,0.0,0.0,0.6799999999999999,116.0,0.0
18746260,2026-05-28 02:18:18+00:00,0.5,0,0.0,0.0,0.0,0.0,0.0,0.0,0.6799999999999999,116.0,0.0
18746260,2026-05-28 02:18:19+00:00,0.5,0,0.0,0.0,0.0,0.0,0.0,0.0,0.6799999999999999,116.0,0.0
18746260,2026-05-28 02:18:20+00:00,0.5,0,0.0,0.0,0.0,0.0,0.0,0.0,0.6799999999999999,116.0,0.0
18746260,2026-05-28 02:18:21+00:00,0.5,0,0.0,0.0,0.0,0.0,0.0,0.0,0.6799999999999999,116.0,0.0
18746260,2026-05-28 02:18:22+00:00,0.5,0,0.0,0.0,0.0,0.0,0.0,0.0,0.6799999999999999,116.0,0.0
18746260,2026-05-28 02:18:23+00:00,0.5,0,0.0,0.0,0.0,0.0,0.0,0.0,0.6799999999999999,116.0,0.0
18746260,2026-05-28 02:18:24+00:00,0.5,0,0.0,0.0,0.0,0.0,0.0,0.0,0.6799999999999999,116.0,0.0
18746260,2026-05-28 02:18:25+00:00,0.5,0,0.0,0.0,0.0,0.0,0.0,0.0,0.6799999999999999,116.0,0.0
18746260,2026-05-28 02:18:26+00:00,0.5,0,0.0,0.0,0.0,0.0,0.0,0.0,0.6799999999999999,116.0,0.0
18746260,2026-05-28 02:18:27+00:00,0.5,0,0.0,0.0,0.0,0.0,0.0,0.0,0.6799999999999999,116.0,0.0
18746260,2026-05-28 02:18:28+00:00,0.5,0,0.0,0.0,0.0,0.0,0.0,0.0,0.6799999999999999,116.0,0.0
18746260,2026-05-28 02:18:29+00:00,0.5,0,0.0,0.0,0.0,0.0,0.0,0.0,0.6799999999999999,116.0,0.0
18746260,2026-05-28 02:18:30+00:00,0.5,0,0.0,0.0,0.0,0.0,0.0,0.0,0.6799999999999999,116.0,0.0
18746260,2026-05-28 02:18:31+00:00,0.5,0,0.0,0.0,0.0,0.0,0.0,0.0,0.6799999999999999,116.0,0.0
18746260,2026-05-28 02:18:32+00:00,0.5,0,0.0,0.0,0.0,0.0,0.0,0.0,0.6799999999999999,116.0,0.0
18746260,2026-05-28 02:18:33+00:00,0.5,0,0.0,0.0,0.0,0.0,0.0,0.0,0.6799999999999999,116.0,0.0
18746260,2026-05-28 02:18:34+00:00,0.5,0,0.0,0.0,0.0,0.0,0.0,0.0,0.6799999999999999,116.0,0.0
18746260,2026-05-28 02:18:35+00:00,0.5,0,0.0,0.0,0.0,0.0,0.0,0.0,0.6799999999999999,116.0,0.0
18746260,2026-05-28 02:18:36+00:00,0.5,0,0.0,0.0,0.0,0.0,0.0,0.0,0.6799999999999999,116.0,0.0
18746260,2026-05-28 02:18:37+00:00,0.5,0,0.0,0.0,0.0,0.0,0.0,0.0,0.6799999999999999,116.0,0.0
18746260,2026-05-28 02:18:38+00:00,0.5,0,0.0,0.0,0.0,0.0,0.0,0.0,0.6799999999999999,116.0,0.0
18746260,2026-05-28 02:18:39+00:00,0.5,0,0.0,0.0,0.0,0.0,0.0,0.0,0.6799999999999999,116.0,0.0
18746260,2026-05-28 02:18:40+00:00,0.5,0,0.0,0.0,0.0,0.0,0.0,0.0,0.6799999999999999,116.0,0.0
18746260,2026-05-28 02:18:41+00:00,0.5,0,0.0,0.0,0.0,0.0,0.0,0.0,0.6799999999999999,116.0,0.0
18746260,2026-05-28 02:18:42+00:00,0.5,0,0.0,0.0,0.0,0.0,0.0,0.0,0.6799999999999999,116.0,0.0
18746260,2026-05-28 02:18:43+00:00,0.5,0,0.0,0.0,0.0,0.0,0.0,0.0,0.6799999999999999,116.0,0.0
18746260,2026-05-28 02:18:44+00:00,0.5,0,0.0,0.0,0.0,0.0,0.0,0.0,0.6799999999999999,116.0,0.0
18746260,2026-05-28 02:18:45+00:00,0.5,0,0.0,0.0,0.0,0.0,0.0,0.0,0.6799999999999999,116.0,0.0
18746260,2026-05-28 02:18:46+00:00,0.5,0,0.0,0.0,0.0,0.0,0.0,0.0,0.6799999999999999,116.0,0.0
18746260,2026-05-28 02:18:47+00:00,0.5,0,0.0,0.0,0.0,0.0,0.0,0.0,0.6799999999999999,116.0,0.0
18746260,2026-05-28 02:18:48+00:00,0.5,0,0.0,0.0,0.0,0.0,0.0,0.0,0.6799999999999999,116.0,0.0
18746260,2026-05-28 02:18:49+00:00,0.5,0,0.0,0.0,0.0,0.0,0.0,0.0,0.6799999999999999,116.0,0.0
18746260,2026-05-28 02:18:50+00:00,0.5,0,0.0,0.0,0.0,0.0,0.0,0.0,0.6799999999999999,116.0,0.0
18746260,2026-05-28 02:18:51+00:00,0.5,0,0.0,0.0,0.0,0.0,0.0,0.0,0.6799999999999999,116.0,0.0
18746260,2026-05-28 02:18:52+00:00,0.5,0,0.0,0.0,0.0,0.0,0.0,0.0,0.6799999999999999,116.0,0.0
18746260,2026-05-28 02:18:53+00:00,0.5,0,0.0,0.0,0.0,0.0,0.0,0.0,0.6799999999999999,116.0,0.0
18746260,2026-05-28 02:18:54+00:00,0.5,0,0.0,0.0,0.0,0.0,0.0,0.0,0.6799999999999999,116.0,0.0
18746260,2026-05-28 02:18:55+00:00,0.5,0,0.0,0.0,0.0,0.0,0.0,0.0,0.6799999999999999,116.0,0.0
18746260,2026-05-28 02:18:56+00:00,0.5,0,0.0,0.0,0.0,0.0,0.0,0.0,0.6799999999999999,116.0,0.0
18746260,2026-05-28 02:18:57+00:00,0.5,0,0.0,0.0,0.0,0.0,0.0,0.0,0.6799999999999999,116.0,0.0
18746260,2026-05-28 02:18:58+00:00,0.5,0,0.0,0.0,0.0,0.0,0.0,0.0,0.6799999999999999,116.0,0.0
18746260,2026-05-28 02:18:59+00:00,0.5,0,0.0,0.0,0.0,0.0,0.0,0.0,0.6799999999999999,116.0,0.0
18746260,2026-05-28 02:19:00+00:00,0.5,0,0.0,0.0,0.0,0.0,0.0,0.0,0.6799999999999999,116.0,0.0
18746260,2026-05-28 02:19:01+00:00,0.5,0,0.0,0.0,0.0,0.0,0.0,0.0,0.6799999999999999,116.0,0.0
18746260,2026-05-28 02:19:02+00:00,0.5,0,0.0,0.0,0.0,0.0,0.0,0.0,0.6799999999999999,116.0,0.0
18746260,2026-05-28 02:19:03+00:00,0.5,0,0.0,0.0,0.0,0.0,0.0,0.0,0.6799999999999999,116.0,0.0
18746260,2026-05-28 02:19:04+00:00,0.5,0,0.0,0.0,0.0,0.0,0.0,0.0,0.6799999999999999,116.0,0.0
18746260,2026-05-28 02:19:05+00:00,0.5,0,0.0,0.0,0.0,0.0,0.0,0.0,0.6799999999999999,116.0,0.0
18746260,2026-05-28 02:19:06+00:00,0.5,0,0.0,0.0,0.0,0.0,0.0,0.0,0.6799999999999999,116.0,0.0
18746260,2026-05-28 02:19:07+00:00,0.5,0,0.0,0.0,0.0,0.0,0.0,0.0,0.6799999999999999,116.0,0.0
18746260,2026-05-28 02:19:08+00:00,0.5,0,0.0,0.0,0.0,0.0,0.0,0.0,0.6799999999999999,116.0,0.0
18746260,2026-05-28 02:19:09+00:00,0.5,0,0.0,0.0,0.0,0.0,0.0,0.0,0.6799999999999999,116.0,0.0
18746260,2026-05-28 02:19:10+00:00,0.5,0,0.0,0.0,0.0,0.0,0.0,0.0,0.6799999999999999,116.0,0.0
18746260,2026-05-28 02:19:11+00:00,0.5,0,0.0,0.0,0.0,0.0,0.0,0.0,0.6799999999999999,116.0,0.0
18746260,2026-05-28 02:19:12+00:00,0.5,0,0.0,0.0,0.0,0.0,0.0,0.0,0.6799999999999999,116.0,0.0
18746260,2026-05-28 02:19:13+00:00,0.5,0,0.0,0.0,0.0,0.0,0.0,0.0,0.6799999999999999,116.0,0.0
18746260,2026-05-28 02:19:14+00:00,0.5,0,0.0,0.0,0.0,0.0,0.0,0.0,0.6799999999999999,116.0,0.0
18746260,2026-05-28 02:19:15+00:00,0.5,0,0.0,0.0,0.0,0.0,0.0,0.0,0.6799999999999999,116.0,0.0
18746260,2026-05-28 02:19:16+00:00,0.5,0,0.0,0.0,0.0,0.0,0.0,0.0,0.6799999999999999,116.0,0.0
18746260,2026-05-28 02:19:17+00:00,0.5,0,0.0,0.0,0.0,0.0,0.0,0.0,0.6799999999999999,116.0,0.0
18746260,2026-05-28 02:19:18+00:00,0.5,0,0.0,0.0,0.0,0.0,0.0,0.0,0.6799999999999999,116.0,0.0
18746260,2026-05-28 02:19:19+00:00,0.5,0,0.0,0.0,0.0,0.0,0.0,0.0,0.6799999999999999,116.0,0.0
18746260,2026-05-28 02:19:20+00:00,0.5,0,0.0,0.0,0.0,0.0,0.0,0.0,0.6799999999999999,116.0,0.0
18746260,2026-05-28 02:19:21+00:00,0.5,0,0.0,0.0,0.0,0.0,0.0,0.0,0.6799999999999999,116.0,0.0
18746260,2026-05-28 02:19:22+00:00,0.5,0,0.0,0.0,0.0,0.0,0.0,0.0,0.6799999999999999,116.0,0.0
18746260,2026-05-28 02:19:23+00:00,0.5,0,0.0,0.0,0.0,0.0,0.0,0.0,0.6799999999999999,116.0,0.0
18746260,2026-05-28 02:19:24+00:00,0.5,0,0.0,0.0,0.0,0.0,0.0,0.0,0.6799999999999999,116.0,0.0
18746260,2026-05-28 02:19:25+00:00,0.5,0,0.0,0.0,0.0,0.0,0.0,0.0,0.6799999999999999,116.0,0.0
18746260,2026-05-28 02:19:26+00:00,0.5,0,0.0,0.0,0.0,0.0,0.0,0.0,0.6799999999999999,116.0,0.0
18746260,2026-05-28 02:19:27+00:00,0.5,0,0.0,0.0,0.0,0.0,0.0,0.0,0.6799999999999999,116.0,0.0
18746260,2026-05-28 02:19:28+00:00,0.5,0,0.0,0.0,0.0,0.0,0.0,0.0,0.6799999999999999,116.0,0.0
18746260,2026-05-28 02:19:29+00:00,0.5,0,0.0,0.0,0.0,0.0,0.0,0.0,0.6799999999999999,116.0,0.0
18746260,2026-05-28 02:19:30+00:00,0.5,0,0.0,0.0,0.0,0.0,0.0,0.0,0.6799999999999999,116.0,0.0
18746260,2026-05-28 02:19:31+00:00,0.5,0,0.0,0.0,0.0,0.0,0.0,0.0,0.6799999999999999,116.0,0.0
18746260,2026-05-28 02:19:32+00:00,0.5,0,0.0,0.0,0.0,0.0,0.0,0.0,0.6799999999999999,116.0,0.0
18746260,2026-05-28 02:19:33+00:00,0.5,0,0.0,0.0,0.0,0.0,0.0,0.0,0.6799999999999999,116.0,0.0
18746260,2026-05-28 02:19:34+00:00,0.5,0,0.0,0.0,0.0,0.0,0.0,0.0,0.6799999999999999,116.0,0.0
18746260,2026-05-28 02:19:35+00:00,0.5,0,0.0,0.0,0.0,0.0,0.0,0.0,0.6799999999999999,116.0,0.0
18746260,2026-05-28 02:19:36+00:00,0.5,0,0.0,0.0,0.0,0.0,0.0,0.0,0.6799999999999999,116.0,0.0
18746260,2026-05-28 02:19:37+00:00,0.5,0,0.0,0.0,0.0,0.0,0.0,0.0,0.6799999999999999,116.0,0.0
18746260,2026-05-28 02:19:38+00:00,0.5,0,0.0,0.0,0.0,0.0,0.0,0.0,0.6799999999999999,116.0,0.0
18746260,2026-05-28 02:19:39+00:00,0.5,0,0.0,0.0,0.0,0.0,0.0,0.0,0.6799999999999999,116.0,0.0
18746260,2026-05-28 02:19:40+00:00,0.5,0,0.0,0.0,0.0,0.0,0.0,0.0,0.6799999999999999,116.0,0.0
18746260,2026-05-28 02:19:41+00:00,0.5,0,0.0,0.0,0.0,0.0,0.0,0.0,0.6799999999999999,116.0,0.0
18746260,2026-05-28 02:19:42+00:00,0.5,0,0.0,0.0,0.0,0.0,0.0,0.0,0.6799999999999999,116.0,0.0
18746260,2026-05-28 02:19:43+00:00,0.5,0,0.0,0.0,0.0,0.0,0.0,0.0,0.6799999999999999,116.0,0.0
18746260,2026-05-28 02:19:44+00:00,0.5,0,0.0,0.0,0.0,0.0,0.0,0.0,0.6799999999999999,116.0,0.0
18746260,2026-05-28 02:19:45+00:00,0.5,0,0.0,0.0,0.0,0.0,0.0,0.0,0.6799999999999999,116.0,0.0
18746260,2026-05-28 02:19:46+00:00,0.5,0,0.0,0.0,0.0,0.0,0.0,0.0,0.6799999999999999,116.0,0.0
18746260,2026-05-28 02:19:47+00:00,0.5,0,0.0,0.0,0.0,0.0,0.0,0.0,0.6799999999999999,116.0,0.0
18746260,2026-05-28 02:19:48+00:00,0.5,0,0.0,0.0,0.0,0.0,0.0,0.0,0.6799999999999999,116.0,0.0
18746260,2026-05-28 02:19:49+00:00,0.5,0,0.0,0.0,0.0,0.0,0.0,0.0,0.6799999999999999,116.0,0.0
18746260,2026-05-28 02:19:50+00:00,0.5,0,0.0,0.0,0.0,0.0,0.0,0.0,0.6799999999999999,116.0,0.0
18746260,2026-05-28 02:19:51+00:00,0.5,0,0.0,0.0,0.0,0.0,0.0,0.0,0.6799999999999999,116.0,0.0
18746260,2026-05-28 02:19:52+00:00,0.5,0,0.0,0.0,0.0,0.0,0.0,0.0,0.6799999999999999,116.0,0.0
18746260,2026-05-28 02:19:53+00:00,0.5,0,0.0,0.0,0.0,0.0,0.0,0.0,0.6799999999999999,116.0,0.0
18746260,2026-05-28 02:19:54+00:00,0.5,0,0.0,0.0,0.0,0.0,0.0,0.0,0.6799999999999999,116.0,0.0
18746260,2026-05-28 02:19:55+00:00,0.5,0,0.0,0.0,0.0,0.0,0.0,0.0,0.6799999999999999,116.0,0.0
18746260,2026-05-28 02:19:56+00:00,0.5,0,0.0,0.0,0.0,0.0,0.0,0.0,0.6799999999999999,116.0,0.0
18746260,2026-05-28 02:19:57+00:00,0.5,0,0.0,0.0,0.0,0.0,0.0,0.0,0.6799999999999999,116.0,0.0
18746260,2026-05-28 02:19:58+00:00,0.5,0,0.0,0.0,0.0,0.0,0.0,0.0,0.6799999999999999,116.0,0.0
18746260,2026-05-28 02:19:59+00:00,0.5,0,0.0,0.0,0.0,0.0,0.0,0.0,0.6799999999999999,116.0,0.0
18746260,2026-05-28 02:20:00+00:00,0.5,0,0.0,0.0,0.0,0.0,0.0,0.0,0.6799999999999999,116.0,0.0
18746260,2026-05-28 02:20:01+00:00,0.5,0,0.0,0.0,0.0,0.0,0.0,0.0,0.6799999999999999,116.0,0.0
18746260,2026-05-28 02:20:02+00:00,0.5,0,0.0,0.0,0.0,0.0,0.0,0.0,0.6799999999999999,116.0,0.0
18746260,2026-05-28 02:20:03+00:00,0.5,0,0.0,0.0,0.0,0.0,0.0,0.0,0.6799999999999999,116.0,0.0
18746260,2026-05-28 02:20:04+00:00,0.5,0,0.0,0.0,0.0,0.0,0.0,0.0,0.6799999999999999,116.0,0.0
18746260,2026-05-28 02:20:05+00:00,0.5,0,0.0,0.0,0.0,0.0,0.0,0.0,0.6799999999999999,116.0,0.0
18746260,2026-05-28 02:20:06+00:00,0.5,0,0.0,0.0,0.0,0.0,0.0,0.0,0.6799999999999999,116.0,0.0
18746260,2026-05-28 02:20:07+00:00,0.5,0,0.0,0.0,0.0,0.0,0.0,0.0,0.6799999999999999,116.0,0.0
18746260,2026-05-28 02:20:08+00:00,0.5,0,0.0,0.0,0.0,0.0,0.0,0.0,0.6799999999999999,116.0,0.0
18746260,2026-05-28 02:20:09+00:00,0.5,0,0.0,0.0,0.0,0.0,0.0,0.0,0.6799999999999999,116.0,0.0
18746260,2026-05-28 02:20:10+00:00,0.5,0,0.0,0.0,0.0,0.0,0.0,0.0,0.6799999999999999,116.0,0.0
18746260,2026-05-28 02:20:11+00:00,0.5,0,0.0,0.0,0.0,0.0,0.0,0.0,0.6799999999999999,116.0,0.0
18746260,2026-05-28 02:20:12+00:00,0.5,0,0.0,0.0,0.0,0.0,0.0,0.0,0.6799999999999999,116.0,0.0
18746260,2026-05-28 02:20:13+00:00,0.5,0,0.0,0.0,0.0,0.0,0.0,0.0,0.6799999999999999,116.0,0.0
18746260,2026-05-28 02:20:14+00:00,0.5,0,0.0,0.0,0.0,0.0,0.0,0.0,0.6799999999999999,116.0,0.0
18746260,2026-05-28 02:20:15+00:00,0.5,0,0.0,0.0,0.0,0.0,0.0,0.0,0.6799999999999999,116.0,0.0
18746260,2026-05-28 02:20:16+00:00,0.5,0,0.0,0.0,0.0,0.0,0.0,0.0,0.6799999999999999,116.0,0.0
18746260,2026-05-28 02:20:17+00:00,0.5,0,0.0,0.0,0.0,0.0,0.0,0.0,0.6799999999999999,116.0,0.0
18746260,2026-05-28 02:20:18+00:00,0.5,0,0.0,0.0,0.0,0.0,0.0,0.0,0.6799999999999999,116.0,0.0
18746260,2026-05-28 02:20:19+00:00,0.5,0,0.0,0.0,0.0,0.0,0.0,0.0,0.6799999999999999,116.0,0.0
18746260,2026-05-28 02:20:20+00:00,0.5,0,0.0,0.0,0.0,0.0,0.0,0.0,0.6799999999999999,116.0,0.0
18746260,2026-05-28 02:20:21+00:00,0.5,0,0.0,0.0,0.0,0.0,0.0,0.0,0.6799999999999999,116.0,0.0
18746260,2026-05-28 02:20:22+00:00,0.5,0,0.0,0.0,0.0,0.0,0.0,0.0,0.6799999999999999,116.0,0.0
18746260,2026-05-28 02:20:23+00:00,0.5,0,0.0,0.0,0.0,0.0,0.0,0.0,0.6799999999999999,116.0,0.0
18746260,2026-05-28 02:20:24+00:00,0.5,0,0.0,0.0,0.0,0.0,0.0,0.0,0.6799999999999999,116.0,0.0
18746260,2026-05-28 02:20:25+00:00,0.5,0,0.0,0.0,0.0,0.0,0.0,0.0,0.6799999999999999,116.0,0.0
18746260,2026-05-28 02:20:26+00:00,0.5,0,0.0,0.0,0.0,0.0,0.0,0.0,0.6799999999999999,116.0,0.0
18746260,2026-05-28 02:20:27+00:00,0.5,0,0.0,0.0,0.0,0.0,0.0,0.0,0.6799999999999999,116.0,0.0
18746260,2026-05-28 02:20:28+00:00,0.5,0,0.0,0.0,0.0,0.0,0.0,0.0,0.6799999999999999,116.0,0.0
18746260,2026-05-28 02:20:29+00:00,0.5,0,0.0,0.0,0.0,0.0,0.0,0.0,0.6799999999999999,116.0,0.0
18746260,2026-05-28 02:20:30+00:00,0.5,0,0.0,0.0,0.0,0.0,0.0,0.0,0.6799999999999999,116.0,0.0
18746260,2026-05-28 02:20:31+00:00,0.5,0,0.0,0.0,0.0,0.0,0.0,0.0,0.6799999999999999,116.0,0.0
18746260,2026-05-28 02:20:32+00:00,0.5,0,0.0,0.0,0.0,0.0,0.0,0.0,0.6799999999999999,116.0,0.0
18746260,2026-05-28 02:20:33+00:00,0.5,0,0.0,0.0,0.0,0.0,0.0,0.0,0.6799999999999999,116.0,0.0
18746260,2026-05-28 02:20:34+00:00,0.5,0,0.0,0.0,0.0,0.0,0.0,0.0,0.6799999999999999,116.0,0.0
18746260,2026-05-28 02:20:35+00:00,0.5,0,0.0,0.0,0.0,0.0,0.0,0.0,0.6799999999999999,116.0,0.0
18746260,2026-05-28 02:20:36+00:00,0.5,0,0.0,0.0,0.0,0.0,0.0,0.0,0.6799999999999999,116.0,0.0
18746260,2026-05-28 02:20:37+00:00,0.5,0,0.0,0.0,0.0,0.0,0.0,0.0,0.6799999999999999,116.0,0.0
18746260,2026-05-28 02:20:38+00:00,0.5,0,0.0,0.0,0.0,0.0,0.0,0.0,0.6799999999999999,116.0,0.0
18746260,2026-05-28 02:20:39+00:00,0.5,0,0.0,0.0,0.0,0.0,0.0,0.0,0.6799999999999999,116.0,0.0
18746260,2026-05-28 02:20:40+00:00,0.5,0,0.0,0.0,0.0,0.0,0.0,0.0,0.6799999999999999,116.0,0.0
18746260,2026-05-28 02:20:41+00:00,0.5,0,0.0,0.0,0.0,0.0,0.0,0.0,0.6799999999999999,116.0,0.0
18746260,2026-05-28 02:20:42+00:00,0.5,0,0.0,0.0,0.0,0.0,0.0,0.0,0.6799999999999999,116.0,0.0
18746260,2026-05-28 02:20:43+00:00,0.5,0,0.0,0.0,0.0,0.0,0.0,0.0,0.6799999999999999,116.0,0.0
18746260,2026-05-28 02:20:44+00:00,0.5,0,0.0,0.0,0.0,0.0,0.0,0.0,0.6799999999999999,116.0,0.0
18746260,2026-05-28 02:20:45+00:00,0.5,0,0.0,0.0,0.0,0.0,0.0,0.0,0.6799999999999999,116.0,0.0
18746260,2026-05-28 02:20:46+00:00,0.5,0,0.0,0.0,0.0,0.0,0.0,0.0,0.6799999999999999,116.0,0.0
18746260,2026-05-28 02:20:47+00:00,0.5,0,0.0,0.0,0.0,0.0,0.0,0.0,0.6799999999999999,116.0,0.0
18746260,2026-05-28 02:20:48+00:00,0.5,0,0.0,0.0,0.0,0.0,0.0,0.0,0.6799999999999999,116.0,0.0
18746260,2026-05-28 02:20:49+00:00,0.5,0,0.0,0.0,0.0,0.0,0.0,0.0,0.6799999999999999,116.0,0.0
18746260,2026-05-28 02:20:50+00:00,0.5,0,0.0,0.0,0.0,0.0,0.0,0.0,0.6799999999999999,116.0,0.0
18746260,2026-05-28 02:20:51+00:00,0.5,0,0.0,0.0,0.0,0.0,0.0,0.0,0.6799999999999999,116.0,0.0
18746260,2026-05-28 02:20:52+00:00,0.5,0,0.0,0.0,0.0,0.0,0.0,0.0,0.6799999999999999,116.0,0.0
18746260,2026-05-28 02:20:53+00:00,0.5,0,0.0,0.0,0.0,0.0,0.0,0.0,0.6799999999999999,116.0,0.0
18746260,2026-05-28 02:20:54+00:00,0.5,0,0.0,0.0,0.0,0.0,0.0,0.0,0.6799999999999999,116.0,0.0
18746260,2026-05-28 02:20:55+00:00,0.5,0,0.0,0.0,0.0,0.0,0.0,0.0,0.6799999999999999,116.0,0.0
18746260,2026-05-28 02:20:56+00:00,0.5,0,0.0,0.0,0.0,0.0,0.0,0.0,0.6799999999999999,116.0,0.0
18746260,2026-05-28 02:20:57+00:00,0.5,0,0.0,0.0,0.0,0.0,0.0,0.0,0.6799999999999999,116.0,0.0
18746260,2026-05-28 02:20:58+00:00,0.5,0,0.0,0.0,0.0,0.0,0.0,0.0,0.6799999999999999,116.0,0.0
18746260,2026-05-28 02:20:59+00:00,0.5,0,0.0,0.0,0.0,0.0,0.0,0.0,0.6799999999999999,116.0,0.0
18746260,2026-05-28 02:21:00+00:00,0.5,0,0.0,0.0,0.0,0.0,0.0,0.0,0.6799999999999999,116.0,0.0
18746260,2026-05-28 02:21:01+00:00,0.5,0,0.0,0.0,0.0,0.0,0.0,0.0,0.6799999999999999,116.0,0.0
18746260,2026-05-28 02:21:02+00:00,0.5,0,0.0,0.0,0.0,0.0,0.0,0.0,0.6799999999999999,116.0,0.0
18746260,2026-05-28 02:21:03+00:00,0.5,0,0.0,0.0,0.0,0.0,0.0,0.0,0.6799999999999999,116.0,0.0
18746260,2026-05-28 02:21:04+00:00,0.5,0,0.0,0.0,0.0,0.0,0.0,0.0,0.6799999999999999,116.0,0.0
18746260,2026-05-28 02:21:05+00:00,0.5,0,0.0,0.0,0.0,0.0,0.0,0.0,0.6799999999999999,116.0,0.0
18746260,2026-05-28 02:21:06+00:00,0.5,0,0.0,0.0,0.0,0.0,0.0,0.0,0.6799999999999999,116.0,0.0
18746260,2026-05-28 02:21:07+00:00,0.5,0,0.0,0.0,0.0,0.0,0.0,0.0,0.6799999999999999,116.0,0.0
18746260,2026-05-28 02:21:08+00:00,0.5,0,0.0,0.0,0.0,0.0,0.0,0.0,0.6799999999999999,116.0,0.0
18746260,2026-05-28 02:21:09+00:00,0.5,0,0.0,0.0,0.0,0.0,0.0,0.0,0.6799999999999999,116.0,0.0
18746260,2026-05-28 02:21:10+00:00,0.5,0,0.0,0.0,0.0,0.0,0.0,0.0,0.6799999999999999,116.0,0.0
18746260,2026-05-28 02:21:11+00:00,0.5,0,0.0,0.0,0.0,0.0,0.0,0.0,0.6799999999999999,116.0,0.0
18746260,2026-05-28 02:21:12+00:00,0.5,0,0.0,0.0,0.0,0.0,0.0,0.0,0.6799999999999999,116.0,0.0
18746260,2026-05-28 02:21:13+00:00,0.5,0,0.0,0.0,0.0,0.0,0.0,0.0,0.6799999999999999,116.0,0.0
18746260,2026-05-28 02:21:14+00:00,0.5,0,0.0,0.0,0.0,0.0,0.0,0.0,0.6799999999999999,116.0,0.0
18746260,2026-05-28 02:21:15+00:00,0.5,0,0.0,0.0,0.0,0.0,0.0,0.0,0.6799999999999999,116.0,0.0
18746260,2026-05-28 02:21:16+00:00,0.5,0,0.0,0.0,0.0,0.0,0.0,0.0,0.6799999999999999,116.0,0.0
18746260,2026-05-28 02:21:17+00:00,0.5,0,0.0,0.0,0.0,0.0,0.0,0.0,0.6799999999999999,116.0,0.0
18746260,2026-05-28 02:21:18+00:00,0.5,0,0.0,0.0,0.0,0.0,0.0,0.0,0.6799999999999999,116.0,0.0
18746260,2026-05-28 02:21:19+00:00,0.5,0,0.0,0.0,0.0,0.0,0.0,0.0,0.6799999999999999,116.0,0.0
18746260,2026-05-28 02:21:20+00:00,0.5,0,0.0,0.0,0.0,0.0,0.0,0.0,0.6799999999999999,116.0,0.0
18746260,2026-05-28 02:21:21+00:00,0.5,0,0.0,0.0,0.0,0.0,0.0,0.0,0.6799999999999999,116.0,0.0
18746260,2026-05-28 02:21:22+00:00,0.5,0,0.0,0.0,0.0,0.0,0.0,0.0,0.6799999999999999,116.0,0.0
18746260,2026-05-28 02:21:23+00:00,0.5,0,0.0,0.0,0.0,0.0,0.0,0.0,0.6799999999999999,116.0,0.0
18746260,2026-05-28 02:21:24+00:00,0.5,0,0.0,0.0,0.0,0.0,0.0,0.0,0.6799999999999999,116.0,0.0
18746260,2026-05-28 02:21:25+00:00,0.5,0,0.0,0.0,0.0,0.0,0.0,0.0,0.6799999999999999,116.0,0.0
18746260,2026-05-28 02:21:26+00:00,0.5,0,0.0,0.0,0.0,0.0,0.0,0.0,0.6799999999999999,116.0,0.0
18746260,2026-05-28 02:21:27+00:00,0.5,0,0.0,0.0,0.0,0.0,0.0,0.0,0.6799999999999999,116.0,0.0
18746260,2026-05-28 02:21:28+00:00,0.5,0,0.0,0.0,0.0,0.0,0.0,0.0,0.6799999999999999,116.0,0.0
18746260,2026-05-28 02:21:29+00:00,0.5,0,0.0,0.0,0.0,0.0,0.0,0.0,0.6799999999999999,116.0,0.0
18746260,2026-05-28 02:21:30+00:00,0.5,0,0.0,0.0,0.0,0.0,0.0,0.0,0.6799999999999999,116.0,0.0
18746260,2026-05-28 02:21:31+00:00,0.5,0,0.0,0.0,0.0,0.0,0.0,0.0,0.6799999999999999,116.0,0.0
18746260,2026-05-28 02:21:32+00:00,0.5,0,0.0,0.0,0.0,0.0,0.0,0.0,0.6799999999999999,116.0,0.0
18746260,2026-05-28 02:21:33+00:00,0.5,0,0.0,0.0,0.0,0.0,0.0,0.0,0.6799999999999999,116.0,0.0
18746260,2026-05-28 02:21:34+00:00,0.5,0,0.0,0.0,0.0,0.0,0.0,0.0,0.6799999999999999,116.0,0.0
18746260,2026-05-28 02:21:35+00:00,0.5,0,0.0,0.0,0.0,0.0,0.0,0.0,0.6799999999999999,116.0,0.0
18746260,2026-05-28 02:21:36+00:00,0.5,0,0.0,0.0,0.0,0.0,0.0,0.0,0.6799999999999999,116.0,0.0
18746260,2026-05-28 02:21:37+00:00,0.5,0,0.0,0.0,0.0,0.0,0.0,0.0,0.6799999999999999,116.0,0.0
18746260,2026-05-28 02:21:38+00:00,0.5,0,0.0,0.0,0.0,0.0,0.0,0.0,0.6799999999999999,116.0,0.0
18746260,2026-05-28 02:21:39+00:00,0.5,0,0.0,0.0,0.0,0.0,0.0,0.0,0.6799999999999999,116.0,0.0
18746260,2026-05-28 02:21:40+00:00,0.5,0,0.0,0.0,0.0,0.0,0.0,0.0,0.6799999999999999,116.0,0.0
18746260,2026-05-28 02:21:41+00:00,0.5,0,0.0,0.0,0.0,0.0,0.0,0.0,0.6799999999999999,116.0,0.0
18746260,2026-05-28 02:21:42+00:00,0.5,0,0.0,0.0,0.0,0.0,0.0,0.0,0.6799999999999999,116.0,0.0
18746260,2026-05-28 02:21:43+00:00,0.5,0,0.0,0.0,0.0,0.0,0.0,0.0,0.6799999999999999,116.0,0.0
18746260,2026-05-28 02:21:44+00:00,0.5,0,0.0,0.0,0.0,0.0,0.0,0.0,0.6799999999999999,116.0,0.0
18746260,2026-05-28 02:21:45+00:00,0.5,0,0.0,0.0,0.0,0.0,0.0,0.0,0.6799999999999999,116.0,0.0
18746260,2026-05-28 02:21:46+00:00,0.5,0,0.0,0.0,0.0,0.0,0.0,0.0,0.6799999999999999,116.0,0.0
18746260,2026-05-28 02:21:47+00:00,0.5,0,0.0,0.0,0.0,0.0,0.0,0.0,0.6799999999999999,116.0,0.0
18746260,2026-05-28 02:21:48+00:00,0.5,0,0.0,0.0,0.0,0.0,0.0,0.0,0.6799999999999999,116.0,0.0
18746260,2026-05-28 02:21:49+00:00,0.5,0,0.0,0.0,0.0,0.0,0.0,0.0,0.6799999999999999,116.0,0.0
18746260,2026-05-28 02:21:50+00:00,0.5,0,0.0,0.0,0.0,0.0,0.0,0.0,0.6799999999999999,116.0,0.0
18746260,2026-05-28 02:21:51+00:00,0.5,0,0.0,0.0,0.0,0.0,0.0,0.0,0.6799999999999999,116.0,0.0
18746260,2026-05-28 02:21:52+00:00,0.5,0,0.0,0.0,0.0,0.0,0.0,0.0,0.6799999999999999,116.0,0.0
18746260,2026-05-28 02:21:53+00:00,0.5,0,0.0,0.0,0.0,0.0,0.0,0.0,0.6799999999999999,116.0,0.0
18746260,2026-05-28 02:21:54+00:00,0.5,0,0.0,0.0,0.0,0.0,0.0,0.0,0.6799999999999999,116.0,0.0
18746260,2026-05-28 02:21:55+00:00,0.5,0,0.0,0.0,0.0,0.0,0.0,0.0,0.6799999999999999,116.0,0.0
18746260,2026-05-28 02:21:56+00:00,0.5,0,0.0,0.0,0.0,0.0,0.0,0.0,0.6799999999999999,116.0,0.0
18746260,2026-05-28 02:21:57+00:00,0.5,0,0.0,0.0,0.0,0.0,0.0,0.0,0.6799999999999999,116.0,0.0
18746260,2026-05-28 02:21:58+00:00,0.5,0,0.0,0.0,0.0,0.0,0.0,0.0,0.6799999999999999,116.0,0.0
18746260,2026-05-28 02:21:59+00:00,0.5,0,0.0,0.0,0.0,0.0,0.0,0.0,0.6799999999999999,116.0,0.0
18746260,2026-05-28 02:22:00+00:00,0.5,0,0.0,0.0,0.0,0.0,0.0,0.0,0.6799999999999999,116.0,0.0
18746260,2026-05-28 02:22:01+00:00,0.5,0,0.0,0.0,0.0,0.0,0.0,0.0,0.6799999999999999,116.0,0.0
18746260,2026-05-28 02:22:02+00:00,0.5,0,0.0,0.0,0.0,0.0,0.0,0.0,0.6799999999999999,116.0,0.0
18746260,2026-05-28 02:22:03+00:00,0.5,0,0.0,0.0,0.0,0.0,0.0,0.0,0.6799999999999999,116.0,0.0
18746260,2026-05-28 02:22:04+00:00,0.5,0,0.0,0.0,0.0,0.0,0.0,0.0,0.6799999999999999,116.0,0.0
18746260,2026-05-28 02:22:05+00:00,0.5,0,0.0,0.0,0.0,0.0,0.0,0.0,0.6799999999999999,116.0,0.0
18746260,2026-05-28 02:22:06+00:00,0.5,0,0.0,0.0,0.0,0.0,0.0,0.0,0.6799999999999999,116.0,0.0
18746260,2026-05-28 02:22:07+00:00,0.5,0,0.0,0.0,0.0,0.0,0.0,0.0,0.6799999999999999,116.0,0.0
18746260,2026-05-28 02:22:08+00:00,0.5,0,0.0,0.0,0.0,0.0,0.0,0.0,0.6799999999999999,116.0,0.0
18746260,2026-05-28 02:22:09+00:00,0.5,0,0.0,0.0,0.0,0.0,0.0,0.0,0.6799999999999999,116.0,0.0
18746260,2026-05-28 02:22:10+00:00,0.5,0,0.0,0.0,0.0,0.0,0.0,0.0,0.6799999999999999,116.0,0.0
18746260,2026-05-28 02:22:11+00:00,0.5,0,0.0,0.0,0.0,0.0,0.0,0.0,0.6799999999999999,116.0,0.0
18746260,2026-05-28 02:22:12+00:00,0.5,0,0.0,0.0,0.0,0.0,0.0,0.0,0.6799999999999999,116.0,0.0
18746260,2026-05-28 02:22:13+00:00,0.5,0,0.0,0.0,0.0,0.0,0.0,0.0,0.6799999999999999,116.0,0.0
18746260,2026-05-28 02:22:14+00:00,0.5,0,0.0,0.0,0.0,0.0,0.0,0.0,0.6799999999999999,116.0,0.0
18746260,2026-05-28 02:22:15+00:00,0.5,0,0.0,0.0,0.0,0.0,0.0,0.0,0.6799999999999999,116.0,0.0
18746260,2026-05-28 02:22:16+00:00,0.5,0,0.0,0.0,0.0,0.0,0.0,0.0,0.6799999999999999,116.0,0.0
18746260,2026-05-28 02:22:17+00:00,0.5,0,0.0,0.0,0.0,0.0,0.0,0.0,0.6799999999999999,116.0,0.0
18746260,2026-05-28 02:22:18+00:00,0.5,0,0.0,0.0,0.0,0.0,0.0,0.0,0.6799999999999999,116.0,0.0
18746260,2026-05-28 02:22:19+00:00,0.5,0,0.0,0.0,0.0,0.0,0.0,0.0,0.6799999999999999,116.0,0.0
18746260,2026-05-28 02:22:20+00:00,0.5,0,0.0,0.0,0.0,0.0,0.0,0.0,0.6799999999999999,116.0,0.0
18746260,2026-05-28 02:22:21+00:00,0.5,0,0.0,0.0,0.0,0.0,0.0,0.0,0.6799999999999999,116.0,0.0
18746260,2026-05-28 02:22:22+00:00,0.5,0,0.0,0.0,0.0,0.0,0.0,0.0,0.6799999999999999,116.0,0.0
18746260,2026-05-28 02:22:23+00:00,0.5,0,0.0,0.0,0.0,0.0,0.0,0.0,0.6799999999999999,116.0,0.0
18746260,2026-05-28 02:22:24+00:00,0.5,0,0.0,0.0,0.0,0.0,0.0,0.0,0.6799999999999999,116.0,0.0
18746260,2026-05-28 02:22:25+00:00,0.5,0,0.0,0.0,0.0,0.0,0.0,0.0,0.6799999999999999,116.0,0.0
18746260,2026-05-28 02:22:26+00:00,0.5,0,0.0,0.0,0.0,0.0,0.0,0.0,0.6799999999999999,116.0,0.0
18746260,2026-05-28 02:22:27+00:00,0.5,0,0.0,0.0,0.0,0.0,0.0,0.0,0.6799999999999999,116.0,0.0
18746260,2026-05-28 02:22:28+00:00,0.5,0,0.0,0.0,0.0,0.0,0.0,0.0,0.6799999999999999,116.0,0.0
18746260,2026-05-28 02:22:29+00:00,0.5,0,0.0,0.0,0.0,0.0,0.0,0.0,0.6799999999999999,116.0,0.0
18746260,2026-05-28 02:22:30+00:00,0.5,0,0.0,0.0,0.0,0.0,0.0,0.0,0.6799999999999999,116.0,0.0
18746260,2026-05-28 02:22:31+00:00,0.5,0,0.0,0.0,0.0,0.0,0.0,0.0,0.6799999999999999,116.0,0.0
18746260,2026-05-28 02:22:32+00:00,0.5,0,0.0,0.0,0.0,0.0,0.0,0.0,0.6799999999999999,116.0,0.0
18746260,2026-05-28 02:22:33+00:00,0.5,0,0.0,0.0,0.0,0.0,0.0,0.0,0.6799999999999999,116.0,0.0
18746260,2026-05-28 02:22:34+00:00,0.5,0,0.0,0.0,0.0,0.0,0.0,0.0,0.6799999999999999,116.0,0.0
18746260,2026-05-28 02:22:35+00:00,0.5,0,0.0,0.0,0.0,0.0,0.0,0.0,0.6799999999999999,116.0,0.0
18746260,2026-05-28 02:22:36+00:00,0.5,0,0.0,0.0,0.0,0.0,0.0,0.0,0.6799999999999999,116.0,0.0
18746260,2026-05-28 02:22:37+00:00,0.5,0,0.0,0.0,0.0,0.0,0.0,0.0,0.6799999999999999,116.0,0.0
18746260,2026-05-28 02:22:38+00:00,0.5,0,0.0,0.0,0.0,0.0,0.0,0.0,0.6799999999999999,116.0,0.0
18746260,2026-05-28 02:22:39+00:00,0.5,0,0.0,0.0,0.0,0.0,0.0,0.0,0.6799999999999999,116.0,0.0
18746260,2026-05-28 02:22:40+00:00,0.5,0,0.0,0.0,0.0,0.0,0.0,0.0,0.6799999999999999,116.0,0.0
18746260,2026-05-28 02:22:41+00:00,0.5,0,0.0,0.0,0.0,0.0,0.0,0.0,0.6799999999999999,116.0,0.0
18746260,2026-05-28 02:22:42+00:00,0.5,0,0.0,0.0,0.0,0.0,0.0,0.0,0.6799999999999999,116.0,0.0
18746260,2026-05-28 02:22:43+00:00,0.5,0,0.0,0.0,0.0,0.0,0.0,0.0,0.6799999999999999,116.0,0.0
18746260,2026-05-28 02:22:44+00:00,0.5,0,0.0,0.0,0.0,0.0,0.0,0.0,0.6799999999999999,116.0,0.0
18746260,2026-05-28 02:22:45+00:00,0.5,0,0.0,0.0,0.0,0.0,0.0,0.0,0.6799999999999999,116.0,0.0
18746260,2026-05-28 02:22:46+00:00,0.5,0,0.0,0.0,0.0,0.0,0.0,0.0,0.6799999999999999,116.0,0.0
18746260,2026-05-28 02:22:47+00:00,0.5,0,0.0,0.0,0.0,0.0,0.0,0.0,0.6799999999999999,116.0,0.0
18746260,2026-05-28 02:22:48+00:00,0.5,0,0.0,0.0,0.0,0.0,0.0,0.0,0.6799999999999999,116.0,0.0
18746260,2026-05-28 02:22:49+00:00,0.5,0,0.0,0.0,0.0,0.0,0.0,0.0,0.6799999999999999,116.0,0.0
18746260,2026-05-28 02:22:50+00:00,0.5,0,0.0,0.0,0.0,0.0,0.0,0.0,0.6799999999999999,116.0,0.0
18746260,2026-05-28 02:22:51+00:00,0.5,0,0.0,0.0,0.0,0.0,0.0,0.0,0.6799999999999999,116.0,0.0
18746260,2026-05-28 02:22:52+00:00,0.5,0,0.0,0.0,0.0,0.0,0.0,0.0,0.6799999999999999,116.0,0.0
18746260,2026-05-28 02:22:53+00:00,0.5,0,0.0,0.0,0.0,0.0,0.0,0.0,0.6799999999999999,116.0,0.0
18746260,2026-05-28 02:22:54+00:00,0.5,0,0.0,0.0,0.0,0.0,0.0,0.0,0.6799999999999999,116.0,0.0
18746260,2026-05-28 02:22:55+00:00,0.5,0,0.0,0.0,0.0,0.0,0.0,0.0,0.6799999999999999,116.0,0.0
18746260,2026-05-28 02:22:56+00:00,0.5,0,0.0,0.0,0.0,0.0,0.0,0.0,0.6799999999999999,116.0,0.0
18746260,2026-05-28 02:22:57+00:00,0.5,0,0.0,0.0,0.0,0.0,0.0,0.0,0.6799999999999999,116.0,0.0
18746260,2026-05-28 02:22:58+00:00,0.5,0,0.0,0.0,0.0,0.0,0.0,0.0,0.6799999999999999,116.0,0.0
18746260,2026-05-28 02:22:59+00:00,0.5,0,0.0,0.0,0.0,0.0,0.0,0.0,0.6799999999999999,116.0,0.0
18746260,2026-05-28 02:23:00+00:00,0.5,0,0.0,0.0,0.0,0.0,0.0,0.0,0.6799999999999999,116.0,0.0
18746260,2026-05-28 02:23:01+00:00,0.5,0,0.0,0.0,0.0,0.0,0.0,0.0,0.6799999999999999,116.0,0.0
18746260,2026-05-28 02:23:02+00:00,0.5,0,0.0,0.0,0.0,0.0,0.0,0.0,0.6799999999999999,116.0,0.0
18746260,2026-05-28 02:23:03+00:00,0.5,0,0.0,0.0,0.0,0.0,0.0,0.0,0.6799999999999999,116.0,0.0
18746260,2026-05-28 02:23:04+00:00,0.5,0,0.0,0.0,0.0,0.0,0.0,0.0,0.6799999999999999,116.0,0.0
18746260,2026-05-28 02:23:05+00:00,0.5,0,0.0,0.0,0.0,0.0,0.0,0.0,0.6799999999999999,116.0,0.0
18746260,2026-05-28 02:23:06+00:00,0.5,0,0.0,0.0,0.0,0.0,0.0,0.0,0.6799999999999999,116.0,0.0
18746260,2026-05-28 02:23:07+00:00,0.5,0,0.0,0.0,0.0,0.0,0.0,0.0,0.6799999999999999,116.0,0.0
18746260,2026-05-28 02:23:08+00:00,0.5,0,0.0,0.0,0.0,0.0,0.0,0.0,0.6799999999999999,116.0,0.0
18746260,2026-05-28 02:23:09+00:00,0.5,0,0.0,0.0,0.0,0.0,0.0,0.0,0.6799999999999999,116.0,0.0
18746260,2026-05-28 02:23:10+00:00,0.5,0,0.0,0.0,0.0,0.0,0.0,0.0,0.6799999999999999,116.0,0.0
18746260,2026-05-28 02:23:11+00:00,0.5,0,0.0,0.0,0.0,0.0,0.0,0.0,0.6799999999999999,116.0,0.0
18746260,2026-05-28 02:23:12+00:00,0.5,0,0.0,0.0,0.0,0.0,0.0,0.0,0.6799999999999999,116.0,0.0
18746260,2026-05-28 02:23:13+00:00,0.5,0,0.0,0.0,0.0,0.0,0.0,0.0,0.6799999999999999,116.0,0.0
18746260,2026-05-28 02:23:14+00:00,0.5,0,0.0,0.0,0.0,0.0,0.0,0.0,0.6799999999999999,116.0,0.0
18746260,2026-05-28 02:23:15+00:00,0.5,0,0.0,0.0,0.0,0.0,0.0,0.0,0.6799999999999999,116.0,0.0
18746260,2026-05-28 02:23:16+00:00,0.5,0,0.0,0.0,0.0,0.0,0.0,0.0,0.6799999999999999,116.0,0.0
18746260,2026-05-28 02:23:17+00:00,0.5,0,0.0,0.0,0.0,0.0,0.0,0.0,0.6799999999999999,116.0,0.0
18746260,2026-05-28 02:23:18+00:00,0.5,0,0.0,0.0,0.0,0.0,0.0,0.0,0.6799999999999999,116.0,0.0
18746260,2026-05-28 02:23:19+00:00,0.5,0,0.0,0.0,0.0,0.0,0.0,0.0,0.6799999999999999,116.0,0.0
18746260,2026-05-28 02:23:20+00:00,0.5,0,0.0,0.0,0.0,0.0,0.0,0.0,0.6799999999999999,116.0,0.0
18746260,2026-05-28 02:23:21+00:00,0.5,0,0.0,0.0,0.0,0.0,0.0,0.0,0.6799999999999999,116.0,0.0
18746260,2026-05-28 02:23:22+00:00,0.5,0,0.0,0.0,0.0,0.0,0.0,0.0,0.6799999999999999,116.0,0.0
18746260,2026-05-28 02:23:23+00:00,0.5,0,0.0,0.0,0.0,0.0,0.0,0.0,0.6799999999999999,116.0,0.0
18746260,2026-05-28 02:23:24+00:00,0.5,0,0.0,0.0,0.0,0.0,0.0,0.0,0.6799999999999999,116.0,0.0
18746260,2026-05-28 02:23:25+00:00,0.5,0,0.0,0.0,0.0,0.0,0.0,0.0,0.6799999999999999,116.0,0.0
18746260,2026-05-28 02:23:26+00:00,0.5,0,0.0,0.0,0.0,0.0,0.0,0.0,0.6799999999999999,116.0,0.0
18746260,2026-05-28 02:23:27+00:00,0.5,0,0.0,0.0,0.0,0.0,0.0,0.0,0.6799999999999999,116.0,0.0
18746260,2026-05-28 02:23:28+00:00,0.5,0,0.0,0.0,0.0,0.0,0.0,0.0,0.6799999999999999,116.0,0.0
18746260,2026-05-28 02:23:29+00:00,0.5,0,0.0,0.0,0.0,0.0,0.0,0.0,0.6799999999999999,116.0,0.0
18746260,2026-05-28 02:23:30+00:00,0.5,0,0.0,0.0,0.0,0.0,0.0,0.0,0.6799999999999999,116.0,0.0
18746260,2026-05-28 02:23:31+00:00,0.5,0,0.0,0.0,0.0,0.0,0.0,0.0,0.6799999999999999,116.0,0.0
18746260,2026-05-28 02:23:32+00:00,0.5,0,0.0,0.0,0.0,0.0,0.0,0.0,0.6799999999999999,116.0,0.0
18746260,2026-05-28 02:23:33+00:00,0.5,0,0.0,0.0,0.0,0.0,0.0,0.0,0.6799999999999999,116.0,0.0
18746260,2026-05-28 02:23:34+00:00,0.5,0,0.0,0.0,0.0,0.0,0.0,0.0,0.6799999999999999,116.0,0.0
18746260,2026-05-28 02:23:35+00:00,0.5,0,0.0,0.0,0.0,0.0,0.0,0.0,0.6799999999999999,116.0,0.0
18746260,2026-05-28 02:23:36+00:00,0.5,0,0.0,0.0,0.0,0.0,0.0,0.0,0.6799999999999999,116.0,0.0
18746260,2026-05-28 02:23:37+00:00,0.5,0,0.0,0.0,0.0,0.0,0.0,0.0,0.6799999999999999,116.0,0.0
18746260,2026-05-28 02:23:38+00:00,0.5,0,0.0,0.0,0.0,0.0,0.0,0.0,0.6799999999999999,116.0,0.0
18746260,2026-05-28 02:23:39+00:00,0.5,0,0.0,0.0,0.0,0.0,0.0,0.0,0.6799999999999999,116.0,0.0
18746260,2026-05-28 02:23:40+00:00,0.5,0,0.0,0.0,0.0,0.0,0.0,0.0,0.6799999999999999,116.0,0.0
18746260,2026-05-28 02:23:41+00:00,0.5,0,0.0,0.0,0.0,0.0,0.0,0.0,0.6799999999999999,116.0,0.0
18746260,2026-05-28 02:23:42+00:00,0.5,0,0.0,0.0,0.0,0.0,0.0,0.0,0.6799999999999999,116.0,0.0
18746260,2026-05-28 02:23:43+00:00,0.5,0,0.0,0.0,0.0,0.0,0.0,0.0,0.6799999999999999,116.0,0.0
18746260,2026-05-28 02:23:44+00:00,0.5,0,0.0,0.0,0.0,0.0,0.0,0.0,0.6799999999999999,116.0,0.0
18746260,2026-05-28 02:23:45+00:00,0.5,0,0.0,0.0,0.0,0.0,0.0,0.0,0.6799999999999999,116.0,0.0
18746260,2026-05-28 02:23:46+00:00,0.5,0,0.0,0.0,0.0,0.0,0.0,0.0,0.6799999999999999,116.0,0.0
18746260,2026-05-28 02:23:47+00:00,0.5,0,0.0,0.0,0.0,0.0,0.0,0.0,0.6799999999999999,116.0,0.0
18746260,2026-05-28 02:23:48+00:00,0.5,0,0.0,0.0,0.0,0.0,0.0,0.0,0.6799999999999999,116.0,0.0
18746260,2026-05-28 02:23:49+00:00,0.5,0,0.0,0.0,0.0,0.0,0.0,0.0,0.6799999999999999,116.0,0.0
18746260,2026-05-28 02:23:50+00:00,0.5,0,0.0,0.0,0.0,0.0,0.0,0.0,0.6799999999999999,116.0,0.0
18746260,2026-05-28 02:23:51+00:00,0.5,0,0.0,0.0,0.0,0.0,0.0,0.0,0.6799999999999999,116.0,0.0
18746260,2026-05-28 02:23:52+00:00,0.5,0,0.0,0.0,0.0,0.0,0.0,0.0,0.6799999999999999,116.0,0.0
18746260,2026-05-28 02:23:53+00:00,0.5,0,0.0,0.0,0.0,0.0,0.0,0.0,0.6799999999999999,116.0,0.0
18746260,2026-05-28 02:23:54+00:00,0.5,0,0.0,0.0,0.0,0.0,0.0,0.0,0.6799999999999999,116.0,0.0
18746260,2026-05-28 02:23:55+00:00,0.5,0,0.0,0.0,0.0,0.0,0.0,0.0,0.6799999999999999,116.0,0.0
18746260,2026-05-28 02:23:56+00:00,0.5,0,0.0,0.0,0.0,0.0,0.0,0.0,0.6799999999999999,116.0,0.0
18746260,2026-05-28 02:23:57+00:00,0.5,0,0.0,0.0,0.0,0.0,0.0,0.0,0.6799999999999999,116.0,0.0
18746260,2026-05-28 02:23:58+00:00,0.5,0,0.0,0.0,0.0,0.0,0.0,0.0,0.6799999999999999,116.0,0.0
18746260,2026-05-28 02:23:59+00:00,0.5,0,0.0,0.0,0.0,0.0,0.0,0.0,0.6799999999999999,116.0,0.0
18746260,2026-05-28 02:24:00+00:00,0.5,0,0.0,0.0,0.0,0.0,0.0,0.0,0.6799999999999999,116.0,0.0
18746260,2026-05-28 02:24:01+00:00,0.5,1,0.0,0.0,0.0,0.0,0.0,0.0,0.6799999999999999,116.0,0.0
18746260,2026-05-28 02:24:02+00:00,0.49,1,0.010000000000000009,0.010000000000000009,7.0,7.0,0.21999999999999997,-13.454827586206896,0.8999999999999999,1676.76,-0.9880722345475799
18746260,2026-05-28 02:24:03+00:00,0.5,1,0.0,0.0,21.0,21.0,0.24,0.6551724137931034,0.9199999999999999,40.0,0.0
18746260,2026-05-28 02:24:04+00:00,0.5,1,0.0,0.0,51.0,51.0,0.24,0.6551724137931034,0.9199999999999999,40.0,0.0
18746260,2026-05-28 02:24:05+00:00,0.5,1,0.0,0.0,59.0,59.0,0.24,0.6551724137931034,0.9199999999999999,40.0,0.0
18746260,2026-05-28 02:24:06+00:00,0.5,1,0.0,0.0,74.0,74.0,0.13,0.6551724137931034,0.9199999999999999,40.0,0.0
18746260,2026-05-28 02:24:07+00:00,0.5,1,0.010000000000000009,0.0,79.0,86.0,0.010000000000000009,0.4871794871794872,0.9199999999999999,40.0,0.0
18746260,2026-05-28 02:24:08+00:00,0.5,1,0.0,0.0,82.0,103.0,0.0,-2.371794871794872,0.9199999999999999,263.0,0.0
18746260,2026-05-28 02:24:09+00:00,0.5,1,0.0,0.0,86.0,137.0,0.0,-2.371794871794872,0.9199999999999999,263.0,0.0
18746260,2026-05-28 02:24:10+00:00,0.045,1,0.455,0.455,112.0,171.0,-0.030000000000000027,-14.284487179487181,0.8899999999999999,1192.19,0.7111366476819969
18746260,2026-05-28 02:24:11+00:00,0.5,0,0.0,0.0,169.0,243.0,0.010000000000000009,-0.19999999999999996,0.9299999999999999,60.0,0.0
18746260,2026-05-28 02:24:12+00:00,0.5,0,0.0,0.010000000000000009,204.0,283.0,0.040000000000000036,-0.19999999999999996,0.96,60.0,0.0
18746260,2026-05-28 02:24:13+00:00,0.5,0,0.0,0.0,243.0,325.0,0.040000000000000036,0.0,0.96,60.0,0.0
18746260,2026-05-28 02:24:14+00:00,0.5,0,0.0,0.0,233.0,319.0,0.040000000000000036,0.0,0.96,60.0,0.0
18746260,2026-05-28 02:24:15+00:00,0.5,0,0.455,0.0,217.0,329.0,0.03500000000000003,0.0,0.96,60.0,0.0
18746260,2026-05-28 02:24:16+00:00,0.5,0,0.0,0.0,148.0,317.0,0.015000000000000013,0.0,0.96,60.0,0.0
18746260,2026-05-28 02:24:17+00:00,0.5,0,0.0,0.0,106.0,310.0,0.0,0.0,0.96,60.0,0.0
18746260,2026-05-28 02:24:18+00:00,0.5,0,0.0,0.0,63.0,306.0,0.0,-499.3666666666667,0.96,30022.0,0.000732795949636933
18746260,2026-05-28 02:24:19+00:00,0.5,0,0.0,0.0,43.0,276.0,0.0050000000000000044,0.6633333333333333,0.965,20.2,0.0
18746260,2026-05-28 02:24:20+00:00,0.5,0,0.0,0.455,37.0,254.0,0.020000000000000018,-499.0,0.98,30000.0,0.0
18746260,2026-05-28 02:24:21+00:00,0.5,0,0.0,0.0,55.0,203.0,0.020000000000000018,-0.43333333333333335,0.98,86.0,0.0
18746260,2026-05-28 02:24:22+00:00,0.5,0,0.0,0.0,70.0,176.0,0.020000000000000018,-0.43333333333333335,0.98,86.0,0.0
18746260,2026-05-28 02:24:23+00:00,0.5,0,0.0,0.0,61.0,124.0,0.01750000000000007,-0.17808219178082196,0.98,86.0,0.0
18746260,2026-05-28 02:24:24+00:00,0.5,0,0.0,0.0,81.0,124.0,0.007500000000000062,0.0,0.98,86.0,0.0
18746260,2026-05-28 02:24:25+00:00,0.5,0,0.0,0.0,99.0,136.0,0.0,0.0,0.98,86.0,0.0
18746260,2026-05-28 02:24:26+00:00,0.5,0,0.0,0.0,95.0,150.0,0.0,0.0,0.98,86.0,0.0
18746260,2026-05-28 02:24:27+00:00,0.5,0,0.0,0.0,94.0,164.0,0.0,0.0,0.98,86.0,0.0
18746260,2026-05-28 02:24:28+00:00,0.5,0,0.0,0.0,107.0,168.0,0.0,0.0,0.98,86.0,0.0
18746260,2026-05-28 02:24:29+00:00,0.5,0,0.0,0.0,87.0,168.0,0.0,0.0,0.98,86.0,0.0
18746260,2026-05-28 02:24:30+00:00,0.5,0,0.0,0.0,57.0,156.0,0.0,0.0,0.98,86.0,0.0
18746260,2026-05-28 02:24:31+00:00,0.5,0,0.0,0.0,40.0,135.0,0.0,0.0,0.98,86.0,0.0
18746260,2026-05-28 02:24:32+00:00,0.5,0,0.0,0.0,21.0,115.0,0.0,0.0,0.98,86.0,0.0
18746260,2026-05-28 02:24:33+00:00,0.5,0,0.0,0.0,4.0,111.0,0.0,0.0,0.98,86.0,0.0
18746260,2026-05-28 02:24:34+00:00,0.5,0,0.0,0.0,0.0,87.0,0.0,0.0,0.98,86.0,0.0
18746260,2026-05-28 02:24:35+00:00,0.5,0,0.0,0.0,0.0,57.0,0.0,0.0,0.98,86.0,0.0
18746260,2026-05-28 02:24:36+00:00,0.5,0,0.0,0.0,0.0,40.0,0.0,0.0,0.98,86.0,0.0
18746260,2026-05-28 02:24:37+00:00,0.5,0,0.0,0.0,0.0,21.0,0.0,0.0,0.98,86.0,0.0
18746260,2026-05-28 02:24:38+00:00,0.5,0,0.0,0.0,0.0,4.0,0.0,0.0,0.98,86.0,0.0
18746260,2026-05-28 02:24:39+00:00,0.5,0,0.0,0.0,1.0,1.0,0.0,-6.976744186046512,0.98,686.0,0.8746355685131195
18746260,2026-05-28 02:24:40+00:00,0.5,0,0.0,0.0,1.0,1.0,0.0,-6.976744186046512,0.98,686.0,0.8746355685131195
18746260,2026-05-28 02:24:41+00:00,0.5,0,0.0,0.0,2.0,2.0,0.0,-13.953488372093023,0.98,1286.0,0.0
18746260,2026-05-28 02:24:42+00:00,0.5,0,0.0,0.0,2.0,2.0,0.0,-13.953488372093023,0.98,1286.0,0.0
18746260,2026-05-28 02:24:43+00:00,0.5,0,0.0,0.0,2.0,2.0,0.0,-2.33160621761658,0.98,1286.0,0.0
18746260,2026-05-28 02:24:44+00:00,0.5,0,0.0,0.0,1.0,2.0,0.0,-0.8746355685131195,0.98,1286.0,0.0
18746260,2026-05-28 02:24:45+00:00,0.5,0,0.0,0.0,1.0,2.0,0.0,-0.3042596348884381,0.98,1286.0,0.0
18746260,2026-05-28 02:24:46+00:00,0.5,0,0.0,0.0,4.0,6.0,0.0,0.0,0.98,1286.0,0.0
18746260,2026-05-28 02:24:47+00:00,0.5,0,0.0,0.0,4.0,6.0,0.0,0.0,0.98,1286.0,0.0
18746260,2026-05-28 02:24:48+00:00,0.5,0,0.0,0.0,6.0,8.0,0.0,0.0,0.98,1286.0,0.0
18746260,2026-05-28 02:24:49+00:00,0.5,0,0.0,0.0,6.0,7.0,0.0,0.0,0.98,1286.0,0.0
18746260,2026-05-28 02:24:50+00:00,0.5,0,0.0,0.0,6.0,7.0,0.0,0.0,0.98,1286.0,0.0
18746260,2026-05-28 02:24:51+00:00,0.5,0,0.0,0.0,2.0,6.0,0.0,0.0,0.98,1286.0,0.0
18746260,2026-05-28 02:24:52+00:00,0.5,0,0.0,0.0,2.0,6.0,0.0,0.0,0.98,1286.0,0.0
18746260,2026-05-28 02:24:53+00:00,0.5,0,0.0,0.0,0.0,6.0,0.0,0.0,0.98,1286.0,0.0
18746260,2026-05-28 02:24:54+00:00,0.5,0,0.0,0.0,0.0,6.0,0.0,0.0,0.98,1286.0,0.0
18746260,2026-05-28 02:24:55+00:00,0.5,0,0.0,0.0,0.0,6.0,0.0,0.0,0.98,1286.0,0.0
18746260,2026-05-28 02:24:56+00:00,0.5,0,0.0,0.0,0.0,2.0,0.0,0.0,0.98,1286.0,0.0
18746260,2026-05-28 02:24:57+00:00,0.5,0,0.0,0.0,0.0,2.0,0.0,0.0,0.98,1286.0,0.0
18746260,2026-05-28 02:24:58+00:00,0.5,0,0.0,0.0,0.0,0.0,0.0,0.0,0.98,1286.0,0.0
18746260,2026-05-28 02:24:59+00:00,0.5,0,0.0,0.0,0.0,0.0,0.0,0.0,0.98,1286.0,0.0
18746260,2026-05-28 02:25:00+00:00,0.5,0,0.0,0.0,0.0,0.0,0.0,0.0,0.98,1286.0,0.0
18746260,2026-05-28 02:25:01+00:00,0.5,0,0.0,0.0,0.0,0.0,0.0,0.0,0.98,1286.0,0.0
18746260,2026-05-28 02:25:02+00:00,0.5,0,0.0,0.0,0.0,0.0,0.0,0.0,0.98,1286.0,0.0
18746260,2026-05-28 02:25:03+00:00,0.5,0,0.0,0.0,2.0,2.0,0.0,0.06687402799377917,0.98,1200.0,0.0
18746260,2026-05-28 02:25:04+00:00,0.5,0,0.0,0.0,3.0,3.0,0.0,0.0679004665629861,0.98,1198.6799999999998,-0.001101211332465754
18746260,2026-05-28 02:25:05+00:00,0.5,0,0.0,0.0,3.0,3.0,0.0,0.0679004665629861,0.98,1198.6799999999998,-0.001101211332465754
18746260,2026-05-28 02:25:06+00:00,0.5,0,0.0,0.0,3.0,3.0,0.0,0.0679004665629861,0.98,1198.6799999999998,-0.001101211332465754
18746260,2026-05-28 02:25:07+00:00,0.5,0,0.0,0.0,3.0,3.0,0.0,0.03565567176186657,0.98,1198.6799999999998,-0.001101211332465754
18746260,2026-05-28 02:25:08+00:00,0.5,0,0.0,0.0,1.0,3.0,0.0,0.0005503026664666066,0.98,1198.6799999999998,-0.001101211332465754
18746260,2026-05-28 02:25:09+00:00,0.5,0,0.0,0.0,0.0,3.0,0.0,0.0,0.98,1198.6799999999998,-0.001101211332465754
18746260,2026-05-28 02:25:10+00:00,0.5,0,0.0,0.0,0.0,3.0,0.0,0.0,0.98,1198.6799999999998,-0.001101211332465754
18746260,2026-05-28 02:25:11+00:00,0.5,0,0.0,0.0,0.0,3.0,0.0,0.0,0.98,1198.6799999999998,-0.001101211332465754
18746260,2026-05-28 02:25:12+00:00,0.5,0,0.0,0.0,0.0,3.0,0.0,0.0,0.98,1198.6799999999998,-0.001101211332465754
18746260,2026-05-28 02:25:13+00:00,0.5,0,0.0,0.0,0.0,1.0,0.0,0.0,0.98,1198.6799999999998,-0.001101211332465754
18746260,2026-05-28 02:25:14+00:00,0.5,0,0.0,0.0,0.0,0.0,0.0,0.0,0.98,1198.6799999999998,-0.001101211332465754
18746260,2026-05-28 02:25:15+00:00,0.5,0,0.0,0.0,0.0,0.0,0.0,0.0,0.98,1198.6799999999998,-0.001101211332465754
18746260,2026-05-28 02:25:16+00:00,0.5,0,0.0,0.0,0.0,0.0,0.0,0.0,0.98,1198.6799999999998,-0.001101211332465754
18746260,2026-05-28 02:25:17+00:00,0.5,0,0.0,0.0,0.0,0.0,0.0,0.0,0.98,1198.6799999999998,-0.001101211332465754
18746260,2026-05-28 02:25:18+00:00,0.5,0,0.0,0.0,0.0,0.0,0.0,0.0,0.98,1198.6799999999998,-0.001101211332465754
18746260,2026-05-28 02:25:19+00:00,0.5,0,0.0,0.0,0.0,0.0,0.0,0.0,0.98,1198.6799999999998,-0.001101211332465754
18746260,2026-05-28 02:25:20+00:00,0.5,0,0.0,0.0,0.0,0.0,0.0,0.0,0.98,1198.6799999999998,-0.001101211332465754
18746260,2026-05-28 02:25:21+00:00,0.5,0,0.0,0.0,0.0,0.0,0.0,0.0,0.98,1198.6799999999998,-0.001101211332465754
18746260,2026-05-28 02:25:22+00:00,0.5,0,0.0,0.0,0.0,0.0,0.0,0.0,0.98,1198.6799999999998,-0.001101211332465754
18746260,2026-05-28 02:25:23+00:00,0.5,0,0.0,0.0,0.0,0.0,0.0,0.0,0.98,1198.6799999999998,-0.001101211332465754
18746260,2026-05-28 02:25:24+00:00,0.5,0,0.0,0.0,0.0,0.0,0.0,0.0,0.98,1198.6799999999998,-0.001101211332465754
18746260,2026-05-28 02:25:25+00:00,0.5,0,0.0,0.0,0.0,0.0,0.0,0.0,0.98,1198.6799999999998,-0.001101211332465754
18746260,2026-05-28 02:25:26+00:00,0.5,0,0.0,0.0,0.0,0.0,0.0,0.0,0.98,1198.6799999999998,-0.001101211332465754
18746260,2026-05-28 02:25:27+00:00,0.5,0,0.0,0.0,0.0,0.0,0.0,0.0,0.98,1198.6799999999998,-0.001101211332465754
18746260,2026-05-28 02:25:28+00:00,0.5,0,0.0,0.0,0.0,0.0,0.0,0.0,0.98,1198.6799999999998,-0.001101211332465754
18746260,2026-05-28 02:25:29+00:00,0.5,0,0.0,0.0,0.0,0.0,0.0,0.0,0.98,1198.6799999999998,-0.001101211332465754
18746260,2026-05-28 02:25:30+00:00,0.5,0,0.0,0.0,0.0,0.0,0.0,0.0,0.98,1198.6799999999998,-0.001101211332465754
18746260,2026-05-28 02:25:31+00:00,0.5,0,0.0,0.0,0.0,0.0,0.0,0.0,0.98,1198.6799999999998,-0.001101211332465754
18746260,2026-05-28 02:25:32+00:00,0.5,0,0.0,0.0,0.0,0.0,0.0,0.0,0.98,1198.6799999999998,-0.001101211332465754
18746260,2026-05-28 02:25:33+00:00,0.5,0,0.0,0.0,0.0,0.0,0.0,0.0,0.98,1198.6799999999998,-0.001101211332465754
18746260,2026-05-28 02:25:34+00:00,0.5,0,0.0,0.0,0.0,0.0,0.0,0.0,0.98,1198.6799999999998,-0.001101211332465754
18746260,2026-05-28 02:25:35+00:00,0.5,0,0.0,0.0,0.0,0.0,0.0,0.0,0.98,1198.6799999999998,-0.001101211332465754
18746260,2026-05-28 02:25:36+00:00,0.5,0,0.0,0.0,0.0,0.0,0.0,0.0,0.98,1198.6799999999998,-0.001101211332465754
18746260,2026-05-28 02:25:37+00:00,0.5,0,0.0,0.0,0.0,0.0,0.0,0.0,0.98,1198.6799999999998,-0.001101211332465754
18746260,2026-05-28 02:25:38+00:00,0.5,0,0.0,0.0,0.0,0.0,0.0,0.0,0.98,1198.6799999999998,-0.001101211332465754
18746260,2026-05-28 02:25:39+00:00,0.5,0,0.0,0.0,0.0,0.0,0.0,0.0,0.98,1198.6799999999998,-0.001101211332465754
18746260,2026-05-28 02:25:40+00:00,0.5,0,0.0,0.0,0.0,0.0,0.0,0.0,0.98,1198.6799999999998,-0.001101211332465754
18746260,2026-05-28 02:25:41+00:00,0.5,0,0.0,0.0,0.0,0.0,0.0,0.0,0.98,1198.6799999999998,-0.001101211332465754
18746260,2026-05-28 02:25:42+00:00,0.48,0,0.020000000000000018,0.020000000000000018,1.0,1.0,-0.040000000000000036,-0.5233340007341412,0.94,1825.99,0.34640386858635586
18746260,2026-05-28 02:25:43+00:00,0.48,0,0.020000000000000018,0.020000000000000018,1.0,1.0,-0.040000000000000036,-0.5233340007341412,0.94,1825.99,0.34640386858635586
18746260,2026-05-28 02:25:44+00:00,0.48,0,0.020000000000000018,0.020000000000000018,1.0,1.0,-0.040000000000000036,-0.5233340007341412,0.94,1825.99,0.34640386858635586
18746260,2026-05-28 02:25:45+00:00,0.48,0,0.020000000000000018,0.020000000000000018,1.0,1.0,-0.040000000000000036,-0.5233340007341412,0.94,1825.99,0.34640386858635586
18746260,2026-05-28 02:25:46+00:00,0.48,0,0.020000000000000018,0.020000000000000018,1.0,1.0,-0.020000000000000018,-0.20739783182958793,0.94,1825.99,0.34640386858635586
18746260,2026-05-28 02:25:47+00:00,0.48,0,0.0,0.020000000000000018,0.0,1.0,0.0,0.0,0.94,1825.99,0.34640386858635586
18746260,2026-05-28 02:25:48+00:00,0.48,0,0.0,0.020000000000000018,0.0,1.0,0.0,0.0,0.94,1825.99,0.34640386858635586
18746260,2026-05-28 02:25:49+00:00,0.48,0,0.0,0.020000000000000018,0.0,1.0,0.0,0.0,0.94,1825.99,0.34640386858635586
18746260,2026-05-28 02:25:50+00:00,0.48,0,0.0,0.020000000000000018,0.0,1.0,0.0,0.0,0.94,1825.99,0.34640386858635586
18746260,2026-05-28 02:25:51+00:00,0.5,0,0.020000000000000018,0.0,3.0,4.0,0.040000000000000036,-2.9819166589083186,0.98,7270.9400000000005,0.41260139679326197
18746260,2026-05-28 02:25:52+00:00,0.5,0,0.020000000000000018,0.020000000000000018,3.0,3.0,0.040000000000000036,-2.9819166589083186,0.98,7270.9400000000005,0.41260139679326197
18746260,2026-05-28 02:25:53+00:00,0.5,0,0.020000000000000018,0.020000000000000018,5.0,5.0,0.040000000000000036,-4.62486103428825,0.98,10270.94,0.0
18746260,2026-05-28 02:25:54+00:00,0.5,0,0.020000000000000018,0.020000000000000018,5.0,5.0,0.040000000000000036,-4.62486103428825,0.98,10270.94,0.0
18746260,2026-05-28 02:25:55+00:00,0.5,0,0.020000000000000018,0.020000000000000018,5.0,5.0,0.020000000000000018,-1.258111252917193,0.98,10270.94,0.0
18746260,2026-05-28 02:25:56+00:00,0.5,0,0.0,0.020000000000000018,2.0,5.0,0.0,-0.412601396793262,0.98,10270.94,0.0
18746260,2026-05-28 02:25:57+00:00,0.5,0,0.0,0.020000000000000018,2.0,5.0,0.0,-0.17101929781756575,0.98,10270.94,0.0
18746260,2026-05-28 02:25:58+00:00,0.5,0,0.0,0.020000000000000018,0.0,5.0,0.0,0.0,0.98,10270.94,0.0
18746260,2026-05-28 02:25:59+00:00,0.5,0,0.0,0.020000000000000018,0.0,5.0,0.0,0.0,0.98,10270.94,0.0
18746260,2026-05-28 02:26:00+00:00,0.5,0,0.0,0.020000000000000018,0.0,5.0,0.0,0.0,0.98,10270.94,0.0
18746260,2026-05-28 02:26:01+00:00,0.5,0,0.0,0.0,0.0,2.0,0.0,0.0,0.98,10270.94,0.0
18746260,2026-05-28 02:26:02+00:00,0.5,0,0.0,0.0,0.0,2.0,0.0,0.0,0.98,10270.94,0.0
18746260,2026-05-28 02:26:03+00:00,0.5,0,0.0,0.0,0.0,0.0,0.0,0.0,0.98,10270.94,0.0
18746260,2026-05-28 02:26:04+00:00,0.5,0,0.0,0.0,0.0,0.0,0.0,0.0,0.98,10270.94,0.0
18746260,2026-05-28 02:26:05+00:00,0.5,0,0.0,0.0,0.0,0.0,0.0,0.0,0.98,10270.94,0.0
18746260,2026-05-28 02:26:06+00:00,0.5,0,0.0,0.0,1.0,1.0,0.0,0.0,0.98,10270.94,0.0
18746260,2026-05-28 02:26:07+00:00,0.5,0,0.0,0.0,1.0,1.0,0.0,0.0,0.98,10270.94,0.0
18746260,2026-05-28 02:26:08+00:00,0.5,0,0.0,0.0,1.0,1.0,0.0,0.0,0.98,10270.94,0.0
18746260,2026-05-28 02:26:09+00:00,0.5,0,0.0,0.0,1.0,1.0,0.0,0.0,0.98,10270.94,0.0
18746260,2026-05-28 02:26:10+00:00,0.5,0,0.0,0.0,1.0,1.0,0.0,0.0,0.98,10270.94,0.0
18746260,2026-05-28 02:26:11+00:00,0.5,0,0.0,0.0,0.0,1.0,0.0,0.0,0.98,10270.94,0.0
18746260,2026-05-28 02:26:12+00:00,0.5,0,0.0,0.0,4.0,5.0,0.0,0.0,0.98,10270.94,0.0
18746260,2026-05-28 02:26:13+00:00,0.5,0,0.0,0.0,4.0,5.0,0.0,0.0,0.98,10270.94,0.0
18746260,2026-05-28 02:26:14+00:00,0.5,0,0.0,0.0,4.0,5.0,0.0,0.0,0.98,10270.94,0.0
18746260,2026-05-28 02:26:15+00:00,0.5,0,0.0,0.0,4.0,5.0,0.0,0.0,0.98,10270.94,0.0
18746260,2026-05-28 02:26:16+00:00,0.5,0,0.0,0.0,4.0,4.0,0.0,0.0,0.98,10270.94,0.0
18746260,2026-05-28 02:26:17+00:00,0.5,0,0.0,0.0,0.0,4.0,0.0,0.0,0.98,10270.94,0.0
18746260,2026-05-28 02:26:18+00:00,0.5,0,0.0,0.0,0.0,4.0,0.0,0.0,0.98,10270.94,0.0
18746260,2026-05-28 02:26:19+00:00,0.5,0,0.0,0.0,0.0,4.0,0.0,0.0,0.98,10270.94,0.0
18746260,2026-05-28 02:26:20+00:00,0.5,0,0.0,0.0,0.0,4.0,0.0,0.0,0.98,10270.94,0.0
18746260,2026-05-28 02:26:21+00:00,0.5,0,0.0,0.0,0.0,4.0,0.0,0.0,0.98,10270.94,0.0
18746260,2026-05-28 02:26:22+00:00,0.5,0,0.0,0.0,0.0,0.0,0.0,0.0,0.98,10270.94,0.0
18746260,2026-05-28 02:26:23+00:00,0.5,0,0.0,0.0,3.0,3.0,0.0,0.0,0.98,10270.94,0.0
18746260,2026-05-28 02:26:24+00:00,0.5,0,0.0,0.0,4.0,4.0,0.0,-0.00048681036010345125,0.98,10275.94,0.0004865734910869468
18746260,2026-05-28 02:26:25+00:00,0.5,0,0.0,0.0,4.0,4.0,0.0,-0.00048681036010345125,0.98,10275.94,0.0004865734910869468
18746260,2026-05-28 02:26:26+00:00,0.5,0,0.0,0.0,4.0,4.0,0.0,-0.00048681036010345125,0.98,10275.94,0.0004865734910869468
18746260,2026-05-28 02:26:27+00:00,0.5,0,0.0,0.0,4.0,4.0,0.0,-0.00048681036010345125,0.98,10275.94,0.0004865734910869468
18746260,2026-05-28 02:26:28+00:00,0.5,0,0.0,0.0,1.0,4.0,0.0,-0.00024334594838726353,0.98,10275.94,0.0004865734910869468
18746260,2026-05-28 02:26:29+00:00,0.5,0,0.0,0.0,0.0,4.0,0.0,0.0,0.98,10275.94,0.0004865734910869468
18746260,2026-05-28 02:26:30+00:00,0.5,0,0.0,0.0,0.0,4.0,0.0,0.0,0.98,10275.94,0.0004865734910869468
18746260,2026-05-28 02:26:31+00:00,0.5,0,0.0,0.0,0.0,4.0,0.0,0.0,0.98,10275.94,0.0004865734910869468
18746260,2026-05-28 02:26:32+00:00,0.5,0,0.0,0.0,7.0,11.0,0.0,-0.6178743745097772,0.98,16625.18,-0.0006014972469471007
18746260,2026-05-28 02:26:33+00:00,0.5,0,0.0,0.0,9.0,10.0,0.0,-2.175882692970181,0.98,32635.18,0.0
18746260,2026-05-28 02:26:34+00:00,0.5,0,0.0,0.0,13.0,13.0,0.0,-2.1778289869345286,0.98,32655.18,0.0006124602589849451
18746260,2026-05-28 02:26:35+00:00,0.5,0,0.0,0.0,18.0,18.0,0.0,-4.7072326230009125,0.98,58647.18,0.06820447291753841
18746260,2026-05-28 02:26:36+00:00,0.5,0,0.0,0.0,18.0,18.0,0.0,-3.3602035900363996,0.98,58647.18,0.06820447291753841
18746260,2026-05-28 02:26:37+00:00,0.5,0,0.0,0.0,11.0,18.0,0.0,-1.3811104912753378,0.98,58647.18,0.06820447291753841
18746260,2026-05-28 02:26:38+00:00,0.5,0,0.0,0.0,9.0,18.0,0.0,-0.7965034960750714,0.98,58647.18,0.06820447291753841
18746260,2026-05-28 02:26:39+00:00,0.5,0,0.0,0.0,7.0,20.0,0.0,-0.37230143886751677,0.98,62647.18,0.0
18746260,2026-05-28 02:26:40+00:00,0.5,0,0.0,0.0,2.0,20.0,0.0,-0.0682044729175384,0.98,62647.18,0.0
18746260,2026-05-28 02:26:41+00:00,0.5,0,0.0,0.0,5.0,23.0,0.0,-0.08026063657280713,0.98,63354.24,0.0
18746260,2026-05-28 02:26:42+00:00,0.5,0,0.0,0.0,22.0,33.0,0.0,-0.07331980838635377,0.98,62947.18,0.0
18746260,2026-05-28 02:26:43+00:00,0.5,0,0.0,0.0,30.0,39.0,0.0,-0.037924269520858145,0.98,62947.18,0.0
18834749,2026-05-27 20:11:53+00:00,0.495,1,,,67.0,67.0,0.0,0.0,0.25,6794.299999999999,0.6477871156704886
18834749,2026-05-27 20:11:54+00:00,0.495,1,,,115.0,115.0,0.0,0.6651022813883899,0.25,1366.52,-0.7511928109358077
18834749,2026-05-27 20:11:55+00:00,0.495,1,,,177.0,177.0,0.0,0.0,0.25,1566.52,-0.52761535122437
18834749,2026-05-27 20:11:56+00:00,0.495,1,,,204.0,204.0,-0.030000000000000027,0.4503995854130868,0.21999999999999997,806.0,0.08188585607940446
18834749,2026-05-27 20:11:57+00:00,0.5,0,,,246.0,246.0,-0.010000000000000009,0.6048356408980475,0.24,540.0,0.0
18834749,2026-05-27 20:11:58+00:00,0.5,0,0.0050000000000000044,,334.0,401.0,-0.12499999999999994,0.27457514775468117,0.12000000000000005,788.0,0.0
18834749,2026-05-27 20:11:59+00:00,0.595,0,0.09999999999999998,,322.0,437.0,-0.14,0.4650124069478908,0.09999999999999998,431.2,-0.8552875695732839
18834749,2026-05-27 20:12:00+00:00,0.595,0,0.09999999999999998,,260.0,437.0,-0.13,0.4589711417816813,0.09999999999999998,431.2,-0.8552875695732839
18834749,2026-05-27 20:12:01+00:00,0.595,0,0.09999999999999998,,233.0,437.0,-0.12,0.4527918781725888,0.09999999999999998,431.2,-0.8552875695732839
18834749,2026-05-27 20:12:02+00:00,0.51,0,0.010000000000000009,,222.0,468.0,0.21000000000000002,0.6000753012048192,0.44,265.55,-0.3933345885897194
18834749,2026-05-27 20:12:03+00:00,0.485,0,0.015000000000000013,0.010000000000000009,99.0,433.0,0.19999999999999996,-3.8903765060240962,0.42999999999999994,3247.21,0.9555248967575242
18834749,2026-05-27 20:12:04+00:00,0.62,0,0.025000000000000022,0.125,89.0,411.0,-0.020000000000000018,-8.449548192771084,0.17999999999999994,6274.5,-0.9968188700294845
18834749,2026-05-27 20:12:05+00:00,0.5,0,0.09499999999999997,0.0050000000000000044,124.0,384.0,0.24,0.9770181219110379,0.43999999999999995,11.16,0.0
18834749,2026-05-27 20:12:06+00:00,0.5,0,0.09499999999999997,0.0050000000000000044,141.0,374.0,0.27,0.7190166975881261,0.48,121.16,0.08253549026081215
18834749,2026-05-27 20:12:07+00:00,0.5,0,0.010000000000000009,0.0,133.0,355.0,0.17500000000000004,0.27838589981447115,0.48,311.16,0.0
18834749,2026-05-27 20:12:08+00:00,0.495,0,0.010000000000000009,0.0050000000000000044,128.0,227.0,-0.06,-0.40289888682745834,0.30999999999999994,604.9300000000001,0.4856264361165754
18834749,2026-05-27 20:12:09+00:00,0.5,0,0.12,0.09499999999999997,120.0,209.0,0.04500000000000004,0.1312240936040715,0.48,331.16,0.0
18834749,2026-05-27 20:12:10+00:00,0.505,0,0.0050000000000000044,0.08999999999999997,95.0,219.0,0.030000000000000027,-0.9411564090455955,0.47,739.9300000000001,-0.6875920695200898
18834749,2026-05-27 20:12:11+00:00,0.5,0,0.0,0.09499999999999997,105.0,246.0,0.015000000000000013,0.2179598953792503,0.47,251.16,0.0
18834749,2026-05-27 20:12:12+00:00,0.5,0,0.0,0.010000000000000009,103.0,236.0,0.010000000000000009,0.2802341512018932,0.48,231.16,0.0
18834749,2026-05-27 20:12:13+00:00,0.5,0,0.0050000000000000044,0.015000000000000013,91.0,219.0,0.0050000000000000044,0.17783468487693843,0.48,231.16,0.0
18834749,2026-05-27 20:12:14+00:00,0.5,0,0.0,0.12,92.0,212.0,0.0,0.20733123237684525,0.48,191.16,0.0
18834749,2026-05-27 20:12:15+00:00,0.505,0,0.0,0.0050000000000000044,110.0,205.0,-0.0050000000000000044,-1.827322520984493,0.475,794.9300000000001,-0.7595259959996477
18834749,2026-05-27 20:12:16+00:00,0.5,0,0.0,0.0,97.0,202.0,-0.017500000000000016,-3.355150080956532,0.45999999999999996,1398.7,0.0
18834749,2026-05-27 20:12:17+00:00,0.5,0,0.0,0.0,105.0,208.0,0.0025000000000000022,0.04936941504531356,0.48,300.0,0.0
18834749,2026-05-27 20:12:18+00:00,0.5,0,0.0,0.0050000000000000044,122.0,213.0,0.0,-0.032258064516129004,0.48,320.0,0.0
18834749,2026-05-27 20:12:19+00:00,0.5,0,0.0,0.0,140.0,232.0,0.0,0.20168372160534143,0.48,220.0,0.0
18834749,2026-05-27 20:12:20+00:00,0.5,0,0.0050000000000000044,0.0050000000000000044,128.0,238.0,0.0,-0.1611873140285942,0.48,320.0,0.0
18834749,2026-05-27 20:12:21+00:00,0.5,0,0.0,0.0,128.0,225.0,0.0,-0.20658064516129038,0.48,374.04,0.0
18834749,2026-05-27 20:12:22+00:00,0.5,0,0.0,0.0,105.0,210.0,0.0,-0.012625000000000108,0.48,324.04,0.15430193803234168
18935052,2026-05-26 20:46:12+00:00,0.5,0,,,1.0,1.0,0.0,0.0,0.98,81327.88,0.0036887719192975395
18935052,2026-05-26 20:46:13+00:00,0.5,0,,,1.0,1.0,0.0,0.0,0.98,81327.88,0.0036887719192975395
18935052,2026-05-26 20:46:14+00:00,0.5,0,,,1.0,1.0,0.0,0.0,0.98,81327.88,0.0036887719192975395
18935052,2026-05-26 20:46:15+00:00,0.5,0,,,1.0,1.0,0.0,0.0,0.98,81327.88,0.0036887719192975395
18935052,2026-05-26 20:46:16+00:00,0.5,0,,,1.0,1.0,0.0,0.0,0.98,81327.88,0.0036887719192975395
18935052,2026-05-26 20:46:17+00:00,0.5,0,0.0,,0.0,1.0,0.0,0.0,0.98,81327.88,0.0036887719192975395
18935052,2026-05-26 20:46:18+00:00,0.5,0,0.0,,0.0,1.0,0.0,0.0,0.98,81327.88,0.0036887719192975395
18935052,2026-05-26 20:46:19+00:00,0.5,0,0.0,,0.0,1.0,0.0,0.0,0.98,81327.88,0.0036887719192975395
18935052,2026-05-26 20:46:20+00:00,0.5,0,0.0,,0.0,1.0,0.0,0.0,0.98,81327.88,0.0036887719192975395
18935052,2026-05-26 20:46:21+00:00,0.5,0,0.0,,0.0,1.0,0.0,0.0,0.98,81327.88,0.0036887719192975395
18935052,2026-05-26 20:46:22+00:00,0.5,0,0.0,0.0,0.0,0.0,0.0,0.0,0.98,81327.88,0.0036887719192975395
18935052,2026-05-26 20:46:23+00:00,0.5,0,0.0,0.0,0.0,0.0,0.0,0.0,0.98,81327.88,0.0036887719192975395
18935052,2026-05-26 20:46:24+00:00,0.5,0,0.0,0.0,0.0,0.0,0.0,0.0,0.98,81327.88,0.0036887719192975395
18935052,2026-05-26 20:46:25+00:00,0.5,0,0.0,0.0,0.0,0.0,0.0,0.0,0.98,81327.88,0.0036887719192975395
18935052,2026-05-26 20:46:26+00:00,0.5,0,0.0,0.0,0.0,0.0,0.0,0.0,0.98,81327.88,0.0036887719192975395
18935052,2026-05-26 20:46:27+00:00,0.5,0,0.0,0.0,0.0,0.0,0.0,0.0,0.98,81327.88,0.0036887719192975395
18935052,2026-05-26 20:46:28+00:00,0.5,0,0.0,0.0,0.0,0.0,0.0,0.0,0.98,81327.88,0.0036887719192975395
18935052,2026-05-26 20:46:29+00:00,0.5,0,0.0,0.0,0.0,0.0,0.0,0.0,0.98,81327.88,0.0036887719192975395
18935052,2026-05-26 20:46:30+00:00,0.5,0,0.0,0.0,0.0,0.0,0.0,0.0,0.98,81327.88,0.0036887719192975395
18935052,2026-05-26 20:46:31+00:00,0.5,0,0.0,0.0,3.0,3.0,0.0,0.005164280687016576,0.98,80907.88,-0.0014831682649452686
18935052,2026-05-26 20:46:32+00:00,0.5,0,0.0,0.0,3.0,3.0,0.0,0.005164280687016576,0.98,80907.88,-0.0014831682649452686
18935052,2026-05-26 20:46:33+00:00,0.5,0,0.0,0.0,3.0,3.0,0.0,0.005164280687016576,0.98,80907.88,-0.0014831682649452686
18935052,2026-05-26 20:46:34+00:00,0.5,0,0.0,0.0,3.0,3.0,0.0,0.005164280687016576,0.98,80907.88,-0.0014831682649452686
18935052,2026-05-26 20:46:35+00:00,0.5,0,0.0,0.0,3.0,3.0,0.0,0.0025888250531201917,0.98,80907.88,-0.0014831682649452686
18935052,2026-05-26 20:46:36+00:00,0.5,0,0.0,0.0,0.0,3.0,0.0,0.0,0.98,80907.88,-0.0014831682649452686
18935052,2026-05-26 20:46:37+00:00,0.5,0,0.0,0.0,0.0,3.0,0.0,0.0,0.98,80907.88,-0.0014831682649452686
18935052,2026-05-26 20:46:38+00:00,0.5,0,0.0,0.0,0.0,3.0,0.0,0.0,0.98,80907.88,-0.0014831682649452686
18935052,2026-05-26 20:46:39+00:00,0.5,0,0.0,0.0,0.0,3.0,0.0,0.0,0.98,80907.88,-0.0014831682649452686
18935052,2026-05-26 20:46:40+00:00,0.5,0,0.0,0.0,0.0,3.0,0.0,0.0,0.98,80907.88,-0.0014831682649452686
18935052,2026-05-26 20:46:41+00:00,0.5,0,0.0,0.0,0.0,0.0,0.0,0.0,0.98,80907.88,-0.0014831682649452686
18935052,2026-05-26 20:46:42+00:00,0.5,0,0.0,0.0,0.0,0.0,0.0,0.0,0.98,80907.88,-0.0014831682649452686
18935052,2026-05-26 20:46:43+00:00,0.5,0,0.0,0.0,0.0,0.0,0.0,0.0,0.98,80907.88,-0.0014831682649452686
18935052,2026-05-26 20:46:44+00:00,0.5,0,0.0,0.0,0.0,0.0,0.0,0.0,0.98,80907.88,-0.0014831682649452686
18935052,2026-05-26 20:46:45+00:00,0.5,0,0.0,0.0,0.0,0.0,0.0,0.0,0.98,80907.88,-0.0014831682649452686
18935052,2026-05-26 20:46:46+00:00,0.5,0,0.0,0.0,0.0,0.0,0.0,0.0,0.98,80907.88,-0.0014831682649452686
18935052,2026-05-26 20:46:47+00:00,0.5,0,0.0,0.0,0.0,0.0,0.0,0.0,0.98,80907.88,-0.0014831682649452686
18935052,2026-05-26 20:46:48+00:00,0.5,0,0.0,0.0,0.0,0.0,0.0,0.0,0.98,80907.88,-0.0014831682649452686
18935052,2026-05-26 20:46:49+00:00,0.5,0,0.0,0.0,0.0,0.0,0.0,0.0,0.98,80907.88,-0.0014831682649452686
18935052,2026-05-26 20:46:50+00:00,0.5,0,0.0,0.0,0.0,0.0,0.0,0.0,0.98,80907.88,-0.0014831682649452686
18935052,2026-05-26 20:46:51+00:00,0.5,0,0.0,0.0,0.0,0.0,0.0,0.0,0.98,80907.88,-0.0014831682649452686
18935052,2026-05-26 20:46:52+00:00,0.5,0,0.0,0.0,0.0,0.0,0.0,0.0,0.98,80907.88,-0.0014831682649452686
18935052,2026-05-26 20:46:53+00:00,0.5,0,0.0,0.0,0.0,0.0,0.0,0.0,0.98,80907.88,-0.0014831682649452686
18935052,2026-05-26 20:46:54+00:00,0.5,0,0.0,0.0,0.0,0.0,0.0,0.0,0.98,80907.88,-0.0014831682649452686
18935052,2026-05-26 20:46:55+00:00,0.5,0,0.0,0.0,0.0,0.0,0.0,0.0,0.98,80907.88,-0.0014831682649452686
18935052,2026-05-26 20:46:56+00:00,0.5,0,0.0,0.0,0.0,0.0,0.0,0.0,0.98,80907.88,-0.0014831682649452686
18935052,2026-05-26 20:46:57+00:00,0.5,0,0.0,0.0,0.0,0.0,0.0,0.0,0.98,80907.88,-0.0014831682649452686
18935052,2026-05-26 20:46:58+00:00,0.5,0,0.0,0.0,0.0,0.0,0.0,0.0,0.98,80907.88,-0.0014831682649452686
18935052,2026-05-26 20:46:59+00:00,0.5,0,0.0,0.0,0.0,0.0,0.0,0.0,0.98,80907.88,-0.0014831682649452686
18935052,2026-05-26 20:47:00+00:00,0.5,0,0.0,0.0,0.0,0.0,0.0,0.0,0.98,80907.88,-0.0014831682649452686
18935052,2026-05-26 20:47:01+00:00,0.5,0,0.0,0.0,0.0,0.0,0.0,0.0,0.98,80907.88,-0.0014831682649452686
18935052,2026-05-26 20:47:02+00:00,0.5,0,0.0,0.0,0.0,0.0,0.0,0.0,0.98,80907.88,-0.0014831682649452686
18935052,2026-05-26 20:47:03+00:00,0.5,0,0.0,0.0,0.0,0.0,0.0,0.0,0.98,80907.88,-0.0014831682649452686
18935052,2026-05-26 20:47:04+00:00,0.5,0,0.0,0.0,0.0,0.0,0.0,0.0,0.98,80907.88,-0.0014831682649452686
18935052,2026-05-26 20:47:05+00:00,0.5,0,0.0,0.0,0.0,0.0,0.0,0.0,0.98,80907.88,-0.0014831682649452686
18935052,2026-05-26 20:47:06+00:00,0.5,0,0.0,0.0,0.0,0.0,0.0,0.0,0.98,80907.88,-0.0014831682649452686
18935052,2026-05-26 20:47:07+00:00,0.5,0,0.0,0.0,0.0,0.0,0.0,0.0,0.98,80907.88,-0.0014831682649452686
18935052,2026-05-26 20:47:08+00:00,0.5,0,0.0,0.0,0.0,0.0,0.0,0.0,0.98,80907.88,-0.0014831682649452686
18935052,2026-05-26 20:47:09+00:00,0.5,0,0.0,0.0,0.0,0.0,0.0,0.0,0.98,80907.88,-0.0014831682649452686
18935052,2026-05-26 20:47:10+00:00,0.5,0,0.0,0.0,0.0,0.0,0.0,0.0,0.98,80907.88,-0.0014831682649452686
18935052,2026-05-26 20:47:11+00:00,0.5,0,0.0,0.0,0.0,0.0,0.0,0.0,0.98,80907.88,-0.0014831682649452686
18935052,2026-05-26 20:47:12+00:00,0.5,0,0.0,0.0,0.0,0.0,0.0,0.0,0.98,80907.88,-0.0014831682649452686
18935052,2026-05-26 20:47:13+00:00,0.5,0,0.0,0.0,0.0,0.0,0.0,0.0,0.98,80907.88,-0.0014831682649452686
18935052,2026-05-26 20:47:14+00:00,0.5,0,0.0,0.0,0.0,0.0,0.0,0.0,0.98,80907.88,-0.0014831682649452686
18935052,2026-05-26 20:47:15+00:00,0.5,0,0.0,0.0,0.0,0.0,0.0,0.0,0.98,80907.88,-0.0014831682649452686
18935052,2026-05-26 20:47:16+00:00,0.5,0,0.0,0.0,2.0,2.0,0.0,-0.00725590634682316,0.98,81494.94,0.0
18935052,2026-05-26 20:47:17+00:00,0.5,0,0.0,0.0,7.0,7.0,0.0,-0.019740475216999842,0.98,82505.04,0.0
18935052,2026-05-26 20:47:18+00:00,0.5,0,0.0,0.0,18.0,18.0,0.0,-0.019740475216999842,0.98,82505.04,0.0
18935052,2026-05-26 20:47:19+00:00,0.5,0,0.0,0.0,45.0,45.0,0.0,-0.019740475216999842,0.98,82505.04,0.0
18935052,2026-05-26 20:47:20+00:00,0.5,0,0.0,0.0,76.0,76.0,0.0,-0.016054277875223955,0.98,82505.04,0.0
18935052,2026-05-26 20:47:21+00:00,0.5,0,0.0,0.0,96.0,98.0,0.0,-0.0061591470925790315,0.98,82505.04,0.0
18935052,2026-05-26 20:47:22+00:00,0.5,0,0.0,0.0,91.0,98.0,0.0,0.0,0.98,82505.04,0.0
18935052,2026-05-26 20:47:23+00:00,0.5,0,0.0,0.0,80.0,98.0,0.0,0.0,0.98,82505.04,0.0
18935052,2026-05-26 20:47:24+00:00,0.5,0,0.0,0.0,53.0,98.0,0.0,0.0,0.98,82505.04,0.0
18935052,2026-05-26 20:47:25+00:00,0.5,0,0.0,0.0,22.0,98.0,0.0,0.0,0.98,82505.04,0.0
18935052,2026-05-26 20:47:26+00:00,0.5,0,0.0,0.0,0.0,96.0,0.0,0.0,0.98,82505.04,0.0
18935052,2026-05-26 20:47:27+00:00,0.5,0,0.0,0.0,0.0,91.0,0.0,0.0,0.98,82505.04,0.0
18935052,2026-05-26 20:47:28+00:00,0.5,0,0.0,0.0,0.0,80.0,0.0,0.0,0.98,82505.04,0.0
18935052,2026-05-26 20:47:29+00:00,0.5,0,0.0,0.0,0.0,53.0,0.0,0.0,0.98,82505.04,0.0
18935052,2026-05-26 20:47:30+00:00,0.5,0,0.0,0.0,0.0,22.0,0.0,0.0,0.98,82505.04,0.0
18935052,2026-05-26 20:47:31+00:00,0.5,0,0.0,0.0,0.0,0.0,0.0,0.0,0.98,82505.04,0.0
18935052,2026-05-26 20:47:32+00:00,0.5,0,0.0,0.0,0.0,0.0,0.0,0.0,0.98,82505.04,0.0
18935052,2026-05-26 20:47:33+00:00,0.5,0,0.0,0.0,0.0,0.0,0.0,0.0,0.98,82505.04,0.0
18935052,2026-05-26 20:47:34+00:00,0.5,0,0.0,0.0,0.0,0.0,0.0,0.0,0.98,82505.04,0.0
18935052,2026-05-26 20:47:35+00:00,0.5,0,0.0,0.0,0.0,0.0,0.0,0.0,0.98,82505.04,0.0
18935052,2026-05-26 20:47:36+00:00,0.5,0,0.0,0.0,0.0,0.0,0.0,0.0,0.98,82505.04,0.0
18935052,2026-05-26 20:47:37+00:00,0.5,0,0.0,0.0,0.0,0.0,0.0,0.0,0.98,82505.04,0.0
18935052,2026-05-26 20:47:38+00:00,0.5,0,0.0,0.0,0.0,0.0,0.0,0.0,0.98,82505.04,0.0
18935052,2026-05-26 20:47:39+00:00,0.5,0,0.0,0.0,0.0,0.0,0.0,0.0,0.98,82505.04,0.0
18935052,2026-05-26 20:47:40+00:00,0.5,0,0.0,0.0,0.0,0.0,0.0,0.0,0.98,82505.04,0.0
18935052,2026-05-26 20:47:41+00:00,0.5,0,0.0,0.0,0.0,0.0,0.0,0.0,0.98,82505.04,0.0
18935052,2026-05-26 20:47:42+00:00,0.5,0,0.0,0.0,3.0,3.0,0.0,0.0,0.98,82505.04,0.0
18935052,2026-05-26 20:47:43+00:00,0.5,0,0.0,0.0,8.0,8.0,0.0,0.0,0.98,82505.04,0.0
18935052,2026-05-26 20:47:44+00:00,0.5,0,0.0,0.0,8.0,8.0,0.0,0.0,0.98,82505.04,0.0
18935052,2026-05-26 20:47:45+00:00,0.5,0,0.0,0.0,8.0,8.0,0.0,0.0,0.98,82505.04,0.0
18935052,2026-05-26 20:47:46+00:00,0.5,0,0.0,0.0,8.0,8.0,0.0,0.0,0.98,82505.04,0.0
18935052,2026-05-26 20:47:47+00:00,0.5,0,0.0,0.0,5.0,8.0,0.0,0.0,0.98,82505.04,0.0
18935052,2026-05-26 20:47:48+00:00,0.5,0,0.0,0.0,1.0,9.0,0.0,0.002424094334115834,0.98,82305.04,0.002429984846614497
18935052,2026-05-26 20:47:49+00:00,0.5,0,0.0,0.0,1.0,9.0,0.0,0.002424094334115834,0.98,82305.04,0.002429984846614497
18935052,2026-05-26 20:47:50+00:00,0.5,0,0.0,0.0,1.0,9.0,0.0,0.002424094334115834,0.98,82305.04,0.002429984846614497
18935052,2026-05-26 20:47:51+00:00,0.5,0,0.0,0.0,1.0,9.0,0.0,0.002424094334115834,0.98,82305.04,0.002429984846614497
18935052,2026-05-26 20:47:52+00:00,0.5,0,0.0,0.0,1.0,6.0,0.0,0.001213518008121861,0.98,82305.04,0.002429984846614497
18935052,2026-05-26 20:47:53+00:00,0.5,0,0.0,0.0,0.0,1.0,0.0,0.0,0.98,82305.04,0.002429984846614497
18935052,2026-05-26 20:47:54+00:00,0.5,0,0.0,0.0,0.0,1.0,0.0,0.0,0.98,82305.04,0.002429984846614497
18935052,2026-05-26 20:47:55+00:00,0.5,0,0.0,0.0,0.0,1.0,0.0,0.0,0.98,82305.04,0.002429984846614497
18935052,2026-05-26 20:47:56+00:00,0.5,0,0.0,0.0,0.0,1.0,0.0,0.0,0.98,82305.04,0.002429984846614497
18935052,2026-05-26 20:47:57+00:00,0.5,0,0.0,0.0,0.0,1.0,0.0,0.0,0.98,82305.04,0.002429984846614497
18935052,2026-05-26 20:47:58+00:00,0.5,0,0.0,0.0,0.0,0.0,0.0,0.0,0.98,82305.04,0.002429984846614497
18935052,2026-05-26 20:47:59+00:00,0.5,0,0.0,0.0,0.0,0.0,0.0,0.0,0.98,82305.04,0.002429984846614497
18935052,2026-05-26 20:48:00+00:00,0.5,0,0.0,0.0,0.0,0.0,0.0,0.0,0.98,82305.04,0.002429984846614497
18935052,2026-05-26 20:48:01+00:00,0.5,0,0.0,0.0,0.0,0.0,0.0,0.0,0.98,82305.04,0.002429984846614497
18935052,2026-05-26 20:48:02+00:00,0.5,0,0.0,0.0,0.0,0.0,0.0,0.0,0.98,82305.04,0.002429984846614497
18935052,2026-05-26 20:48:03+00:00,0.5,0,0.0,0.0,0.0,0.0,0.0,0.0,0.98,82305.04,0.002429984846614497
18935052,2026-05-26 20:48:04+00:00,0.5,0,0.0,0.0,0.0,0.0,0.0,0.0,0.98,82305.04,0.002429984846614497
18935052,2026-05-26 20:48:05+00:00,0.5,0,0.0,0.0,0.0,0.0,0.0,0.0,0.98,82305.04,0.002429984846614497
18935052,2026-05-26 20:48:06+00:00,0.5,0,0.0,0.0,0.0,0.0,0.0,0.0,0.98,82305.04,0.002429984846614497
18935052,2026-05-26 20:48:07+00:00,0.5,0,0.0,0.0,2.0,2.0,0.0,0.002429984846614497,0.98,82105.04,0.0
18935052,2026-05-26 20:48:08+00:00,0.5,0,0.0,0.0,5.0,5.0,0.0,0.002429984846614497,0.98,82105.04,0.0
18935052,2026-05-26 20:48:09+00:00,0.5,0,0.0,0.0,5.0,5.0,0.0,0.002429984846614497,0.98,82105.04,0.0
18935052,2026-05-26 20:48:10+00:00,0.5,0,0.0,0.0,5.0,5.0,0.0,0.002429984846614497,0.98,82105.04,0.0
18935052,2026-05-26 20:48:11+00:00,0.5,0,0.0,0.0,5.0,5.0,0.0,0.0012164704256576453,0.98,82105.04,0.0
18935052,2026-05-26 20:48:12+00:00,0.5,0,0.0,0.0,3.0,5.0,0.0,0.0,0.98,82105.04,0.0
18935052,2026-05-26 20:48:13+00:00,0.5,0,0.0,0.0,0.0,5.0,0.0,0.0,0.98,82105.04,0.0
18935052,2026-05-26 20:48:14+00:00,0.5,0,0.0,0.0,0.0,5.0,0.0,0.0,0.98,82105.04,0.0
18935052,2026-05-26 20:48:15+00:00,0.5,0,0.0,0.0,0.0,5.0,0.0,0.0,0.98,82105.04,0.0
18935052,2026-05-26 20:48:16+00:00,0.5,0,0.0,0.0,0.0,5.0,0.0,0.0,0.98,82105.04,0.0
18935052,2026-05-26 20:48:17+00:00,0.5,0,0.0,0.0,0.0,3.0,0.0,0.0,0.98,82105.04,0.0
18935052,2026-05-26 20:48:18+00:00,0.5,0,0.0,0.0,1.0,1.0,0.0,0.004305825805577812,0.98,81751.51,0.004324446117264364
18935052,2026-05-26 20:48:19+00:00,0.5,0,0.0,0.0,1.0,1.0,0.0,0.004305825805577812,0.98,81751.51,0.004324446117264364
18935052,2026-05-26 20:48:20+00:00,0.5,0,0.0,0.0,1.0,1.0,0.0,0.004305825805577812,0.98,81751.51,0.004324446117264364
18935052,2026-05-26 20:48:21+00:00,0.5,0,0.0,0.0,1.0,1.0,0.0,0.004305825805577812,0.98,81751.51,0.004324446117264364
18935052,2026-05-26 20:48:22+00:00,0.5,0,0.0,0.0,1.0,1.0,0.0,0.002157557937110255,0.98,81751.51,0.004324446117264364
18935052,2026-05-26 20:48:23+00:00,0.5,0,0.0,0.0,0.0,1.0,0.0,0.0,0.98,81751.51,0.004324446117264364
18935052,2026-05-26 20:48:24+00:00,0.5,0,0.0,0.0,0.0,1.0,0.0,0.0,0.98,81751.51,0.004324446117264364
18935052,2026-05-26 20:48:25+00:00,0.5,0,0.0,0.0,0.0,1.0,0.0,0.0,0.98,81751.51,0.004324446117264364
18935052,2026-05-26 20:48:26+00:00,0.5,0,0.0,0.0,0.0,1.0,0.0,0.0,0.98,81751.51,0.004324446117264364
18935052,2026-05-26 20:48:27+00:00,0.5,0,0.0,0.0,4.0,5.0,0.0,0.004324446117264347,0.98,81397.98,0.0
18935052,2026-05-26 20:48:28+00:00,0.5,0,0.0,0.0,4.0,4.0,0.0,0.004324446117264347,0.98,81397.98,0.0
18935052,2026-05-26 20:48:29+00:00,0.5,0,0.0,0.0,4.0,4.0,0.0,0.004324446117264347,0.98,81397.98,0.0
18935052,2026-05-26 20:48:30+00:00,0.5,0,0.0,0.0,4.0,4.0,0.0,0.004324446117264347,0.98,81397.98,0.0
18935052,2026-05-26 20:48:31+00:00,0.5,0,0.0,0.0,4.0,4.0,0.0,0.002166908397936096,0.98,81397.98,0.0
18935052,2026-05-26 20:48:32+00:00,0.5,0,0.0,0.0,0.0,4.0,0.0,0.0,0.98,81397.98,0.0
18935052,2026-05-26 20:48:33+00:00,0.5,0,0.0,0.0,0.0,4.0,0.0,0.0,0.98,81397.98,0.0
18935052,2026-05-26 20:48:34+00:00,0.5,0,0.0,0.0,0.0,4.0,0.0,0.0,0.98,81397.98,0.0
18935052,2026-05-26 20:48:35+00:00,0.5,0,0.0,0.0,0.0,4.0,0.0,0.0,0.98,81397.98,0.0
18935052,2026-05-26 20:48:36+00:00,0.5,0,0.0,0.0,0.0,4.0,0.0,0.0,0.98,81397.98,0.0
18935052,2026-05-26 20:48:37+00:00,0.5,0,0.0,0.0,0.0,0.0,0.0,0.0,0.98,81397.98,0.0
18935052,2026-05-26 20:48:38+00:00,0.5,0,0.0,0.0,0.0,0.0,0.0,0.0,0.98,81397.98,0.0
18935052,2026-05-26 20:48:39+00:00,0.5,0,0.0,0.0,0.0,0.0,0.0,0.0,0.98,81397.98,0.0
18935052,2026-05-26 20:48:40+00:00,0.5,0,0.0,0.0,0.0,0.0,0.0,0.0,0.98,81397.98,0.0
18935052,2026-05-26 20:48:41+00:00,0.5,0,0.0,0.0,0.0,0.0,0.0,0.0,0.98,81397.98,0.0
18935052,2026-05-26 20:48:42+00:00,0.5,0,0.0,0.0,0.0,0.0,0.0,0.0,0.98,81397.98,0.0
18935052,2026-05-26 20:48:43+00:00,0.5,0,0.0,0.0,0.0,0.0,0.0,0.0,0.98,81397.98,0.0
18935052,2026-05-26 20:48:44+00:00,0.5,0,0.0,0.0,0.0,0.0,0.0,0.0,0.98,81397.98,0.0
18935052,2026-05-26 20:48:45+00:00,0.5,0,0.0,0.0,0.0,0.0,0.0,0.0,0.98,81397.98,0.0
18935052,2026-05-26 20:48:46+00:00,0.5,0,0.0,0.0,0.0,0.0,0.0,0.0,0.98,81397.98,0.0
18935052,2026-05-26 20:48:47+00:00,0.5,0,0.0,0.0,0.0,0.0,0.0,0.0,0.98,81397.98,0.0
18935052,2026-05-26 20:48:48+00:00,0.5,0,0.0,0.0,0.0,0.0,0.0,0.0,0.98,81397.98,0.0
18935052,2026-05-26 20:48:49+00:00,0.5,0,0.0,0.0,0.0,0.0,0.0,0.0,0.98,81397.98,0.0
18935052,2026-05-26 20:48:50+00:00,0.5,0,0.0,0.0,0.0,0.0,0.0,0.0,0.98,81397.98,0.0
18935052,2026-05-26 20:48:51+00:00,0.5,0,0.0,0.0,0.0,0.0,0.0,0.0,0.98,81397.98,0.0
18935052,2026-05-26 20:48:52+00:00,0.5,0,0.0,0.0,0.0,0.0,0.0,0.0,0.98,81397.98,0.0
18935052,2026-05-26 20:48:53+00:00,0.5,0,0.0,0.0,0.0,0.0,0.0,0.0,0.98,81397.98,0.0
18935052,2026-05-26 20:48:54+00:00,0.5,0,0.0,0.0,0.0,0.0,0.0,0.0,0.98,81397.98,0.0
18935052,2026-05-26 20:48:55+00:00,0.5,0,0.0,0.0,0.0,0.0,0.0,0.0,0.98,81397.98,0.0
18935052,2026-05-26 20:48:56+00:00,0.5,0,0.0,0.0,0.0,0.0,0.0,0.0,0.98,81397.98,0.0
18935052,2026-05-26 20:48:57+00:00,0.5,0,0.0,0.0,0.0,0.0,0.0,0.0,0.98,81397.98,0.0
18935052,2026-05-26 20:48:58+00:00,0.5,0,0.0,0.0,0.0,0.0,0.0,0.0,0.98,81397.98,0.0
18935052,2026-05-26 20:48:59+00:00,0.5,0,0.0,0.0,1.0,1.0,0.0,0.0,0.98,81397.98,0.0
18935052,2026-05-26 20:49:00+00:00,0.5,0,0.0,0.0,1.0,1.0,0.0,0.0,0.98,81397.98,0.0
18935052,2026-05-26 20:49:01+00:00,0.5,0,0.0,0.0,1.0,1.0,0.0,0.0,0.98,81397.98,0.0
18935052,2026-05-26 20:49:02+00:00,0.5,0,0.0,0.0,1.0,1.0,0.0,0.0,0.98,81397.98,0.0
18935052,2026-05-26 20:49:03+00:00,0.5,0,0.0,0.0,1.0,1.0,0.0,0.0,0.98,81397.98,0.0
18935052,2026-05-26 20:49:04+00:00,0.5,0,0.0,0.0,0.0,1.0,0.0,0.0,0.98,81397.98,0.0
18935052,2026-05-26 20:49:05+00:00,0.5,0,0.0,0.0,0.0,1.0,0.0,0.0,0.98,81397.98,0.0
18935052,2026-05-26 20:49:06+00:00,0.5,0,0.0,0.0,0.0,1.0,0.0,0.0,0.98,81397.98,0.0
18935052,2026-05-26 20:49:07+00:00,0.5,0,0.0,0.0,4.0,5.0,0.0,0.0,0.98,81397.98,0.0
18935052,2026-05-26 20:49:08+00:00,0.5,0,0.0,0.0,4.0,5.0,0.0,0.0,0.98,81397.98,0.0
18935052,2026-05-26 20:49:09+00:00,0.5,0,0.0,0.0,4.0,4.0,0.0,0.0,0.98,81397.98,0.0
18935052,2026-05-26 20:49:10+00:00,0.5,0,0.0,0.0,4.0,4.0,0.0,0.0,0.98,81397.98,0.0
18935052,2026-05-26 20:49:11+00:00,0.5,0,0.0,0.0,4.0,4.0,0.0,0.0,0.98,81397.98,0.0
18935052,2026-05-26 20:49:12+00:00,0.5,0,0.0,0.0,0.0,4.0,0.0,0.0,0.98,81397.98,0.0
18935052,2026-05-26 20:49:13+00:00,0.5,0,0.0,0.0,0.0,4.0,0.0,0.0,0.98,81397.98,0.0
18935052,2026-05-26 20:49:14+00:00,0.5,0,0.0,0.0,0.0,4.0,0.0,0.0,0.98,81397.98,0.0
18935052,2026-05-26 20:49:15+00:00,0.5,0,0.0,0.0,0.0,4.0,0.0,0.0,0.98,81397.98,0.0
18935052,2026-05-26 20:49:16+00:00,0.5,0,0.0,0.0,0.0,4.0,0.0,0.0,0.98,81397.98,0.0
18935052,2026-05-26 20:49:17+00:00,0.5,0,0.0,0.0,0.0,0.0,0.0,0.0,0.98,81397.98,0.0
18935052,2026-05-26 20:49:18+00:00,0.5,0,0.0,0.0,0.0,0.0,0.0,0.0,0.98,81397.98,0.0
18935052,2026-05-26 20:49:19+00:00,0.5,0,0.0,0.0,0.0,0.0,0.0,0.0,0.98,81397.98,0.0
18935052,2026-05-26 20:49:20+00:00,0.5,0,0.0,0.0,0.0,0.0,0.0,0.0,0.98,81397.98,0.0
18935052,2026-05-26 20:49:21+00:00,0.5,0,0.0,0.0,0.0,0.0,0.0,0.0,0.98,81397.98,0.0
18935052,2026-05-26 20:49:22+00:00,0.5,0,0.0,0.0,0.0,0.0,0.0,0.0,0.98,81397.98,0.0
18935052,2026-05-26 20:49:23+00:00,0.5,0,0.0,0.0,0.0,0.0,0.0,0.0,0.98,81397.98,0.0
18935052,2026-05-26 20:49:24+00:00,0.5,0,0.0,0.0,0.0,0.0,0.0,0.0,0.98,81397.98,0.0
18935052,2026-05-26 20:49:25+00:00,0.5,0,0.0,0.0,0.0,0.0,0.0,0.0,0.98,81397.98,0.0
18935052,2026-05-26 20:49:26+00:00,0.5,0,0.0,0.0,0.0,0.0,0.0,0.0,0.98,81397.98,0.0
18935052,2026-05-26 20:49:27+00:00,0.5,0,0.0,0.0,0.0,0.0,0.0,0.0,0.98,81397.98,0.0
18935052,2026-05-26 20:49:28+00:00,0.5,0,0.0,0.0,0.0,0.0,0.0,0.0,0.98,81397.98,0.0
18935052,2026-05-26 20:49:29+00:00,0.5,0,0.0,0.0,0.0,0.0,0.0,0.0,0.98,81397.98,0.0
18935052,2026-05-26 20:49:30+00:00,0.5,0,0.0,0.0,0.0,0.0,0.0,0.0,0.98,81397.98,0.0
18935052,2026-05-26 20:49:31+00:00,0.5,0,0.0,0.0,0.0,0.0,0.0,0.0,0.98,81397.98,0.0
18935052,2026-05-26 20:49:32+00:00,0.5,0,0.0,0.0,0.0,0.0,0.0,0.0,0.98,81397.98,0.0
18935052,2026-05-26 20:49:33+00:00,0.5,0,0.0,0.0,0.0,0.0,0.0,0.0,0.98,81397.98,0.0
18935052,2026-05-26 20:49:34+00:00,0.5,0,0.0,0.0,0.0,0.0,0.0,0.0,0.98,81397.98,0.0
18935052,2026-05-26 20:49:35+00:00,0.5,0,0.0,0.0,0.0,0.0,0.0,0.0,0.98,81397.98,0.0
18935052,2026-05-26 20:49:36+00:00,0.5,0,0.0,0.0,1.0,1.0,0.0,0.0,0.98,81397.98,0.0
18935052,2026-05-26 20:49:37+00:00,0.5,0,0.0,0.0,1.0,1.0,0.0,0.0,0.98,81397.98,0.0
18935052,2026-05-26 20:49:38+00:00,0.5,0,0.0,0.0,1.0,1.0,0.0,0.0,0.98,81397.98,0.0
18935052,2026-05-26 20:49:39+00:00,0.5,0,0.0,0.0,1.0,1.0,0.0,0.0,0.98,81397.98,0.0
18935052,2026-05-26 20:49:40+00:00,0.5,0,0.0,0.0,1.0,1.0,0.0,0.0,0.98,81397.98,0.0
18935052,2026-05-26 20:49:41+00:00,0.5,0,0.0,0.0,0.0,1.0,0.0,0.0,0.98,81397.98,0.0
18935052,2026-05-26 20:49:42+00:00,0.5,0,0.0,0.0,0.0,1.0,0.0,0.0,0.98,81397.98,0.0
18935052,2026-05-26 20:49:43+00:00,0.5,0,0.0,0.0,0.0,1.0,0.0,0.0,0.98,81397.98,0.0
18935052,2026-05-26 20:49:44+00:00,0.5,0,0.0,0.0,0.0,1.0,0.0,0.0,0.98,81397.98,0.0
18935052,2026-05-26 20:49:45+00:00,0.5,0,0.0,0.0,0.0,1.0,0.0,0.0,0.98,81397.98,0.0
18935052,2026-05-26 20:49:46+00:00,0.5,0,0.0,0.0,0.0,0.0,0.0,0.0,0.98,81397.98,0.0
18935052,2026-05-26 20:49:47+00:00,0.5,0,0.0,0.0,4.0,4.0,0.0,0.0,0.98,81397.98,0.0
18935052,2026-05-26 20:49:48+00:00,0.5,0,0.0,0.0,4.0,4.0,0.0,0.0,0.98,81397.98,0.0
18935052,2026-05-26 20:49:49+00:00,0.5,0,0.0,0.0,6.0,6.0,0.0,0.0,0.98,81397.98,0.0
18935052,2026-05-26 20:49:50+00:00,0.5,0,0.0,0.0,6.0,6.0,0.0,0.0,0.98,81397.98,0.0
18935052,2026-05-26 20:49:51+00:00,0.5,0,0.0,0.0,6.0,6.0,0.0,0.0,0.98,81397.98,0.0
18935052,2026-05-26 20:49:52+00:00,0.5,0,0.0,0.0,2.0,6.0,0.0,0.0,0.98,81397.98,0.0
18935052,2026-05-26 20:49:53+00:00,0.5,0,0.0,0.0,2.0,6.0,0.0,0.0,0.98,81397.98,0.0
18935052,2026-05-26 20:49:54+00:00,0.5,0,0.0,0.0,0.0,6.0,0.0,0.0,0.98,81397.98,0.0
18935052,2026-05-26 20:49:55+00:00,0.5,0,0.0,0.0,0.0,6.0,0.0,0.0,0.98,81397.98,0.0
18935052,2026-05-26 20:49:56+00:00,0.5,0,0.0,0.0,27.0,33.0,0.018000000000000016,-4.623069515975704,0.998,457706.5,0.0
18935052,2026-05-26 20:49:57+00:00,0.5,0,0.0,0.0,34.0,36.0,0.018000000000000016,-4.623069515975704,0.998,457706.5,0.0
18935052,2026-05-26 20:49:58+00:00,0.5,0,0.0,0.0,41.0,43.0,0.018000000000000016,-4.623192369147245,0.998,457716.5,0.0
18935052,2026-05-26 20:49:59+00:00,0.5,0,0.0,0.0,44.0,44.0,0.018000000000000016,-4.623192369147245,0.998,457716.5,0.0
18935052,2026-05-26 20:50:00+00:00,0.5,0,0.0,0.0,44.0,44.0,0.009000000000000008,-0.6980623125224261,0.998,457716.5,0.0
18935052,2026-05-26 20:50:01+00:00,0.5,0,0.0,0.0,19.0,46.0,0.0,-0.34980932103870055,0.998,617816.5,-0.08740783064226999
18935052,2026-05-26 20:50:02+00:00,0.5,0,0.0,0.0,12.0,46.0,0.0,-0.34979457584089535,0.998,617816.5,-0.08740783064226999
18935052,2026-05-26 20:50:03+00:00,0.5,0,0.0,0.0,9.0,50.0,0.0,-0.4677611578345986,0.998,671818.5,0.0
18935052,2026-05-26 20:50:04+00:00,0.5,0,0.0,0.0,10.0,54.0,0.0,-0.4677611578345986,0.998,671818.5,0.0
18935052,2026-05-26 20:50:05+00:00,0.5,0,0.0,0.0,10.0,54.0,0.0,-0.24927547550842233,0.998,671818.5,0.0
18935052,2026-05-26 20:50:06+00:00,0.5,0,0.0,0.0,9.0,28.0,0.0,-0.08740783064227009,0.998,671818.5,0.0
18935052,2026-05-26 20:50:07+00:00,0.5,0,0.0,0.0,16.0,28.0,0.0,-0.04187386353503131,0.998,671818.5,0.0
18935052,2026-05-26 20:50:08+00:00,0.5,0,0.0,0.0,27.0,36.0,0.0,0.0,0.998,671818.5,0.0
18935052,2026-05-26 20:50:09+00:00,0.5,0,0.0,0.0,33.0,43.0,0.0,0.0,0.998,671818.5,0.0
18935052,2026-05-26 20:50:10+00:00,0.5,0,0.0,0.0,34.0,44.0,0.0,0.0,0.998,671818.5,0.0
18935052,2026-05-26 20:50:11+00:00,0.5,0,0.0,0.0,33.0,42.0,0.0,0.0,0.998,671818.5,0.0
18935052,2026-05-26 20:50:12+00:00,0.5,0,0.0,0.0,26.0,42.0,0.0,0.0,0.998,671818.5,0.0
18935052,2026-05-26 20:50:13+00:00,0.5,0,0.0,0.0,11.0,38.0,0.0,0.0,0.998,671818.5,0.0
18935052,2026-05-26 20:50:14+00:00,0.5,0,0.0,0.0,1.0,34.0,0.0,0.0,0.998,671818.5,0.0
18935052,2026-05-26 20:50:15+00:00,0.5,0,0.0,0.0,1.0,35.0,0.0,0.0,0.998,671818.5,0.0
18935052,2026-05-26 20:50:16+00:00,0.5,0,0.0,0.0,1.0,34.0,0.0,0.0,0.998,671818.5,0.0
18935052,2026-05-26 20:50:17+00:00,0.5,0,0.0,0.0,1.0,27.0,0.0,0.0,0.998,671818.5,0.0
18935052,2026-05-26 20:50:18+00:00,0.5,0,0.0,0.0,1.0,12.0,0.0,0.0,0.998,671818.5,0.0
18935052,2026-05-26 20:50:19+00:00,0.5,0,0.0,0.0,1.0,2.0,0.0,0.0,0.998,671818.5,0.0
18935052,2026-05-26 20:50:20+00:00,0.5,0,0.0,0.0,0.0,1.0,0.0,0.0,0.998,671818.5,0.0
18935052,2026-05-26 20:50:21+00:00,0.5,0,0.0,0.0,0.0,1.0,0.0,0.0,0.998,671818.5,0.0
18935052,2026-05-26 20:50:22+00:00,0.5,0,0.0,0.0,0.0,1.0,0.0,0.0,0.998,671818.5,0.0
18935052,2026-05-26 20:50:23+00:00,0.5,0,0.0,0.0,2.0,3.0,0.0,-0.0001255100894066441,0.998,671902.8200000001,0.00014897987777463847
18935052,2026-05-26 20:50:24+00:00,0.5,0,0.0,0.0,2.0,3.0,0.0,-0.0001255100894066441,0.998,671902.8200000001,0.00014897987777463847
18935052,2026-05-26 20:50:25+00:00,0.5,0,0.0,0.0,4.0,4.0,0.0,-0.00027450866565903453,0.998,672002.92,0.0
18935052,2026-05-26 20:50:26+00:00,0.5,0,0.0,0.0,4.0,4.0,0.0,-0.00027450866565903453,0.998,672002.92,0.0
18935052,2026-05-26 20:50:27+00:00,0.5,0,0.0,0.0,4.0,4.0,0.0,-0.00021174033318160923,0.998,672002.92,0.0
18935052,2026-05-26 20:50:28+00:00,0.5,0,0.0,0.0,2.0,4.0,0.0,-0.00014897987777451327,0.998,672002.92,0.0
18935052,2026-05-26 20:50:29+00:00,0.5,0,0.0,0.0,3.0,5.0,0.0,-7.448439054957845e-05,0.998,672002.92,0.0
18935052,2026-05-26 20:50:30+00:00,0.5,0,0.0,0.0,1.0,5.0,0.0,0.0,0.998,672002.92,0.0
18935052,2026-05-26 20:50:31+00:00,0.5,0,0.0,0.0,1.0,5.0,0.0,0.0,0.998,672002.92,0.0
18935052,2026-05-26 20:50:32+00:00,0.5,0,0.0,0.0,1.0,5.0,0.0,0.0,0.998,672002.92,0.0
18935052,2026-05-26 20:50:33+00:00,0.5,0,0.0,0.0,1.0,3.0,0.0,0.0,0.998,672002.92,0.0
18935052,2026-05-26 20:50:34+00:00,0.5,0,0.0,0.0,0.0,3.0,0.0,0.0,0.998,672002.92,0.0
18935052,2026-05-26 20:50:35+00:00,0.5,0,0.0,0.0,0.0,1.0,0.0,0.0,0.998,672002.92,0.0
18935052,2026-05-26 20:50:36+00:00,0.5,0,0.0,0.0,0.0,1.0,0.0,0.0,0.998,672002.92,0.0
18935052,2026-05-26 20:50:37+00:00,0.5,0,0.0,0.0,0.0,1.0,0.0,0.0,0.998,672002.92,0.0
18935052,2026-05-26 20:50:38+00:00,0.5,0,0.0,0.0,0.0,1.0,0.0,0.0,0.998,672002.92,0.0
18935052,2026-05-26 20:50:39+00:00,0.5,0,0.0,0.0,0.0,0.0,0.0,0.0,0.998,672002.92,0.0
18935052,2026-05-26 20:50:40+00:00,0.5,0,0.0,0.0,0.0,0.0,0.0,0.0,0.998,672002.92,0.0
18935052,2026-05-26 20:50:41+00:00,0.5,0,0.0,0.0,0.0,0.0,0.0,0.0,0.998,672002.92,0.0
18935052,2026-05-26 20:50:42+00:00,0.5,0,0.0,0.0,0.0,0.0,0.0,0.0,0.998,672002.92,0.0
18935052,2026-05-26 20:50:43+00:00,0.5,0,0.0,0.0,0.0,0.0,0.0,0.0,0.998,672002.92,0.0
18935052,2026-05-26 20:50:44+00:00,0.5,0,0.0,0.0,0.0,0.0,0.0,0.0,0.998,672002.92,0.0
18935052,2026-05-26 20:50:45+00:00,0.5,0,0.0,0.0,0.0,0.0,0.0,0.0,0.998,672002.92,0.0
18935052,2026-05-26 20:50:46+00:00,0.5,0,0.0,0.0,0.0,0.0,0.0,0.0,0.998,672002.92,0.0
18935052,2026-05-26 20:50:47+00:00,0.5,0,0.0,0.0,0.0,0.0,0.0,0.0,0.998,672002.92,0.0
18935052,2026-05-26 20:50:48+00:00,0.5,0,0.0,0.0,1.0,1.0,0.0,0.0,0.998,672002.92,0.0
