market_id,timestamp,outcome,price,volume,best_bid,best_ask,bid_size,ask_size,source
2126503,2026-05-28 00:46:43.594000+00:00,yes,0.295,,0.29,0.3,667.0,575.0,pmxt_archive_orderbook
2126503,2026-05-28 00:46:43.601000+00:00,yes,0.295,,0.29,0.3,667.0,575.0,pmxt_archive_orderbook
2126503,2026-05-28 00:46:43.607000+00:00,yes,0.295,,0.29,0.3,667.0,575.0,pmxt_archive_orderbook
2126503,2026-05-28 00:46:43.662000+00:00,yes,0.295,,0.29,0.3,667.0,575.0,pmxt_archive_orderbook
2126503,2026-05-28 00:46:43.665000+00:00,yes,0.35,,0.4,0.3,60.0,575.0,pmxt_archive_orderbook
2126503,2026-05-28 00:46:43.705000+00:00,yes,0.35,,0.4,0.3,60.0,575.0,pmxt_archive_orderbook
2126503,2026-05-28 00:46:43.708000+00:00,yes,0.295,,0.29,0.3,667.0,575.0,pmxt_archive_orderbook
2126503,2026-05-28 00:46:43.735000+00:00,yes,0.295,,0.29,0.3,667.0,575.0,pmxt_archive_orderbook
2126503,2026-05-28 00:46:43.809000+00:00,yes,0.295,,0.29,0.3,667.0,575.0,pmxt_archive_orderbook
2126503,2026-05-28 00:46:43.832000+00:00,yes,0.295,,0.29,0.3,667.0,575.0,pmxt_archive_orderbook
2126503,2026-05-28 00:46:43.848000+00:00,yes,0.295,,0.29,0.3,667.0,575.0,pmxt_archive_orderbook
2126503,2026-05-28 00:46:43.876000+00:00,yes,0.295,,0.29,0.3,667.0,575.0,pmxt_archive_orderbook
2126503,2026-05-28 00:46:43.877000+00:00,yes,0.295,,0.29,0.3,667.0,575.0,pmxt_archive_orderbook
2126503,2026-05-28 00:46:43.920000+00:00,yes,0.295,,0.29,0.3,667.0,575.0,pmxt_archive_orderbook
2126503,2026-05-28 00:46:43.991000+00:00,yes,0.295,,0.29,0.3,667.0,575.0,pmxt_archive_orderbook
2126503,2026-05-28 00:46:43.993000+00:00,yes,0.295,,0.29,0.3,667.0,575.0,pmxt_archive_orderbook
2126503,2026-05-28 00:46:44.008000+00:00,yes,0.295,,0.29,0.3,667.0,575.0,pmxt_archive_orderbook
2126503,2026-05-28 00:46:44.025000+00:00,yes,0.295,,0.29,0.3,667.0,575.0,pmxt_archive_orderbook
2126503,2026-05-28 00:46:44.149000+00:00,yes,0.295,,0.29,0.3,667.0,575.0,pmxt_archive_orderbook
2126503,2026-05-28 00:46:44.196000+00:00,yes,0.295,,0.29,0.3,667.0,575.0,pmxt_archive_orderbook
2126503,2026-05-28 00:46:44.221000+00:00,yes,0.295,,0.29,0.3,667.0,575.0,pmxt_archive_orderbook
2126503,2026-05-28 00:46:44.222000+00:00,yes,0.295,,0.29,0.3,667.0,575.0,pmxt_archive_orderbook
2126503,2026-05-28 00:46:44.264000+00:00,yes,0.295,,0.29,0.3,667.0,575.0,pmxt_archive_orderbook
2126503,2026-05-28 00:46:44.363000+00:00,yes,0.295,,0.29,0.3,667.0,575.0,pmxt_archive_orderbook
2126503,2026-05-28 00:46:44.375000+00:00,yes,0.295,,0.29,0.3,667.0,575.0,pmxt_archive_orderbook
2126503,2026-05-28 00:46:44.391000+00:00,yes,0.295,,0.29,0.3,667.0,575.0,pmxt_archive_orderbook
2126503,2026-05-28 00:46:44.394000+00:00,yes,0.295,,0.29,0.3,667.0,575.0,pmxt_archive_orderbook
2126503,2026-05-28 00:46:44.450000+00:00,yes,0.295,,0.29,0.3,667.0,575.0,pmxt_archive_orderbook
2126503,2026-05-28 00:46:44.520000+00:00,yes,0.295,,0.29,0.3,667.0,575.0,pmxt_archive_orderbook
2126503,2026-05-28 00:46:44.553000+00:00,yes,0.295,,0.29,0.3,667.0,575.0,pmxt_archive_orderbook
2126503,2026-05-28 00:46:44.607000+00:00,yes,0.295,,0.29,0.3,667.0,575.0,pmxt_archive_orderbook
2126503,2026-05-28 00:46:44.612000+00:00,yes,0.295,,0.29,0.3,667.0,575.0,pmxt_archive_orderbook
2126503,2026-05-28 00:46:44.662000+00:00,yes,0.295,,0.29,0.3,667.0,575.0,pmxt_archive_orderbook
2126503,2026-05-28 00:46:44.821000+00:00,yes,0.295,,0.29,0.3,667.0,575.0,pmxt_archive_orderbook
2126503,2026-05-28 00:46:44.835000+00:00,yes,0.43999999999999995,,0.58,0.3,20.0,575.0,pmxt_archive_orderbook
2126503,2026-05-28 00:46:44.848000+00:00,yes,0.43999999999999995,,0.58,0.3,20.0,575.0,pmxt_archive_orderbook
2126503,2026-05-28 00:46:44.864000+00:00,yes,0.43999999999999995,,0.58,0.3,20.0,575.0,pmxt_archive_orderbook
2126503,2026-05-28 00:46:44.874000+00:00,yes,0.37,,0.44,0.3,40.0,575.0,pmxt_archive_orderbook
2126503,2026-05-28 00:46:44.889000+00:00,yes,0.37,,0.44,0.3,40.0,575.0,pmxt_archive_orderbook
2126503,2026-05-28 00:46:44.897000+00:00,yes,0.37,,0.44,0.3,40.0,575.0,pmxt_archive_orderbook
2126503,2026-05-28 00:46:44.925000+00:00,yes,0.37,,0.44,0.3,40.0,575.0,pmxt_archive_orderbook
2126503,2026-05-28 00:46:44.949000+00:00,yes,0.295,,0.29,0.3,667.0,575.0,pmxt_archive_orderbook
2126503,2026-05-28 00:46:44.962000+00:00,yes,0.295,,0.29,0.3,667.0,575.0,pmxt_archive_orderbook
2126503,2026-05-28 00:46:44.973000+00:00,yes,0.295,,0.29,0.3,667.0,575.0,pmxt_archive_orderbook
2126503,2026-05-28 00:46:44.984000+00:00,yes,0.3,,0.3,0.3,285.0,575.0,pmxt_archive_orderbook
2126503,2026-05-28 00:46:45.030000+00:00,yes,0.3,,0.3,0.3,285.0,575.0,pmxt_archive_orderbook
2126503,2026-05-28 00:46:45.108000+00:00,yes,0.3,,0.3,0.3,285.0,575.0,pmxt_archive_orderbook
2126503,2026-05-28 00:46:45.149000+00:00,yes,0.3,,0.3,0.3,285.0,575.0,pmxt_archive_orderbook
2126503,2026-05-28 00:46:45.173000+00:00,yes,0.3,,0.3,0.3,285.0,575.0,pmxt_archive_orderbook
2126503,2026-05-28 00:46:45.178000+00:00,yes,0.345,,0.39,0.3,105.0,575.0,pmxt_archive_orderbook
2126503,2026-05-28 00:46:45.218000+00:00,yes,0.345,,0.39,0.3,105.0,575.0,pmxt_archive_orderbook
2126503,2026-05-28 00:46:45.219000+00:00,yes,0.345,,0.39,0.3,105.0,575.0,pmxt_archive_orderbook
2126503,2026-05-28 00:46:45.221000+00:00,yes,0.345,,0.39,0.3,105.0,575.0,pmxt_archive_orderbook
2126503,2026-05-28 00:46:45.233000+00:00,yes,0.345,,0.39,0.3,105.0,575.0,pmxt_archive_orderbook
2126503,2026-05-28 00:46:45.237000+00:00,yes,0.345,,0.39,0.3,105.0,575.0,pmxt_archive_orderbook
2126503,2026-05-28 00:46:45.264000+00:00,yes,0.345,,0.39,0.3,105.0,575.0,pmxt_archive_orderbook
2126503,2026-05-28 00:46:45.338000+00:00,yes,0.345,,0.39,0.3,25.0,575.0,pmxt_archive_orderbook
2126503,2026-05-28 00:46:45.342000+00:00,yes,0.345,,0.39,0.3,25.0,575.0,pmxt_archive_orderbook
2126503,2026-05-28 00:46:45.344000+00:00,yes,0.345,,0.39,0.3,25.0,575.0,pmxt_archive_orderbook
2126503,2026-05-28 00:46:45.346000+00:00,yes,0.345,,0.39,0.3,25.0,575.0,pmxt_archive_orderbook
2126503,2026-05-28 00:46:45.351000+00:00,yes,0.345,,0.39,0.3,25.0,575.0,pmxt_archive_orderbook
2126503,2026-05-28 00:46:45.352000+00:00,yes,0.345,,0.39,0.3,25.0,575.0,pmxt_archive_orderbook
2126503,2026-05-28 00:46:45.353000+00:00,yes,0.345,,0.39,0.3,25.0,575.0,pmxt_archive_orderbook
2126503,2026-05-28 00:46:45.361000+00:00,yes,0.345,,0.39,0.3,25.0,575.0,pmxt_archive_orderbook
2126503,2026-05-28 00:46:45.388000+00:00,yes,0.345,,0.39,0.3,25.0,575.0,pmxt_archive_orderbook
2126503,2026-05-28 00:46:45.392000+00:00,yes,0.345,,0.39,0.3,25.0,575.0,pmxt_archive_orderbook
2126503,2026-05-28 00:46:45.394000+00:00,yes,0.345,,0.39,0.3,25.0,575.0,pmxt_archive_orderbook
2126503,2026-05-28 00:46:45.396000+00:00,yes,0.345,,0.39,0.3,25.0,575.0,pmxt_archive_orderbook
2126503,2026-05-28 00:46:45.397000+00:00,yes,0.345,,0.39,0.3,25.0,575.0,pmxt_archive_orderbook
2126503,2026-05-28 00:46:45.398000+00:00,yes,0.345,,0.39,0.3,25.0,575.0,pmxt_archive_orderbook
2126503,2026-05-28 00:46:45.416000+00:00,yes,0.345,,0.39,0.3,25.0,575.0,pmxt_archive_orderbook
2126503,2026-05-28 00:46:45.458000+00:00,yes,0.345,,0.39,0.3,25.0,575.0,pmxt_archive_orderbook
2126503,2026-05-28 00:46:45.464000+00:00,yes,0.345,,0.39,0.3,25.0,575.0,pmxt_archive_orderbook
2126503,2026-05-28 00:46:45.466000+00:00,yes,0.345,,0.39,0.3,85.0,575.0,pmxt_archive_orderbook
2126503,2026-05-28 00:46:45.477000+00:00,yes,0.345,,0.39,0.3,85.0,575.0,pmxt_archive_orderbook
2126503,2026-05-28 00:46:45.480000+00:00,yes,0.345,,0.39,0.3,85.0,575.0,pmxt_archive_orderbook
2126503,2026-05-28 00:46:45.482000+00:00,yes,0.345,,0.39,0.3,85.0,575.0,pmxt_archive_orderbook
2126503,2026-05-28 00:46:45.594000+00:00,yes,0.345,,0.39,0.3,85.0,575.0,pmxt_archive_orderbook
2126503,2026-05-28 00:46:45.595000+00:00,yes,0.345,,0.39,0.3,25.0,575.0,pmxt_archive_orderbook
2126503,2026-05-28 00:46:45.621000+00:00,yes,0.345,,0.39,0.3,25.0,575.0,pmxt_archive_orderbook
2126503,2026-05-28 00:46:45.663000+00:00,yes,0.345,,0.39,0.3,25.0,575.0,pmxt_archive_orderbook
2126503,2026-05-28 00:46:45.665000+00:00,yes,0.345,,0.39,0.3,25.0,575.0,pmxt_archive_orderbook
2126503,2026-05-28 00:46:45.674000+00:00,yes,0.345,,0.39,0.3,25.0,575.0,pmxt_archive_orderbook
2126503,2026-05-28 00:46:45.695000+00:00,yes,0.345,,0.39,0.3,25.0,575.0,pmxt_archive_orderbook
2126503,2026-05-28 00:46:45.749000+00:00,yes,0.345,,0.39,0.3,25.0,575.0,pmxt_archive_orderbook
2126503,2026-05-28 00:46:45.794000+00:00,yes,0.345,,0.39,0.3,25.0,575.0,pmxt_archive_orderbook
2126503,2026-05-28 00:46:45.847000+00:00,yes,0.345,,0.39,0.3,25.0,575.0,pmxt_archive_orderbook
2126503,2026-05-28 00:46:45.852000+00:00,yes,0.345,,0.39,0.3,25.0,575.0,pmxt_archive_orderbook
2126503,2026-05-28 00:46:45.877000+00:00,yes,0.345,,0.39,0.3,25.0,575.0,pmxt_archive_orderbook
2126503,2026-05-28 00:46:45.911000+00:00,yes,0.345,,0.39,0.3,25.0,575.0,pmxt_archive_orderbook
2126503,2026-05-28 00:46:46.064000+00:00,yes,0.345,,0.39,0.3,25.0,575.0,pmxt_archive_orderbook
2126503,2026-05-28 00:46:46.123000+00:00,yes,0.345,,0.39,0.3,25.0,575.0,pmxt_archive_orderbook
2126503,2026-05-28 00:46:46.180000+00:00,yes,0.345,,0.39,0.3,25.0,575.0,pmxt_archive_orderbook
2126503,2026-05-28 00:46:46.194000+00:00,yes,0.345,,0.39,0.3,25.0,575.0,pmxt_archive_orderbook
2126503,2026-05-28 00:46:46.250000+00:00,yes,0.345,,0.39,0.3,25.0,575.0,pmxt_archive_orderbook
2126503,2026-05-28 00:46:46.347000+00:00,yes,0.345,,0.39,0.3,25.0,575.0,pmxt_archive_orderbook
2126503,2026-05-28 00:46:46.352000+00:00,yes,0.345,,0.39,0.3,25.0,575.0,pmxt_archive_orderbook
2126503,2026-05-28 00:46:46.413000+00:00,yes,0.345,,0.39,0.3,25.0,575.0,pmxt_archive_orderbook
2126503,2026-05-28 00:46:46.715000+00:00,yes,0.345,,0.39,0.3,25.0,575.0,pmxt_archive_orderbook
2126503,2026-05-28 00:46:46.909000+00:00,yes,0.345,,0.39,0.3,25.0,575.0,pmxt_archive_orderbook
2126503,2026-05-28 00:46:46.910000+00:00,yes,0.345,,0.39,0.3,25.0,575.0,pmxt_archive_orderbook
2126503,2026-05-28 00:46:46.947000+00:00,yes,0.345,,0.39,0.3,25.0,575.0,pmxt_archive_orderbook
2126503,2026-05-28 00:46:47.167000+00:00,yes,0.345,,0.39,0.3,25.0,575.0,pmxt_archive_orderbook
2126503,2026-05-28 00:46:47.184000+00:00,yes,0.345,,0.39,0.3,25.0,575.0,pmxt_archive_orderbook
2126503,2026-05-28 00:46:47.190000+00:00,yes,0.345,,0.39,0.3,25.0,575.0,pmxt_archive_orderbook
2126503,2026-05-28 00:46:47.209000+00:00,yes,0.345,,0.39,0.3,25.0,575.0,pmxt_archive_orderbook
2126503,2026-05-28 00:46:47.219000+00:00,yes,0.345,,0.39,0.3,25.0,575.0,pmxt_archive_orderbook
2126503,2026-05-28 00:46:47.273000+00:00,yes,0.345,,0.39,0.3,25.0,575.0,pmxt_archive_orderbook
2126503,2026-05-28 00:46:47.300000+00:00,yes,0.495,,0.69,0.3,1452.0,575.0,pmxt_archive_orderbook
2126503,2026-05-28 00:46:47.356000+00:00,yes,0.495,,0.69,0.3,1452.0,575.0,pmxt_archive_orderbook
2126503,2026-05-28 00:46:47.381000+00:00,yes,0.495,,0.69,0.3,1452.0,575.0,pmxt_archive_orderbook
2126503,2026-05-28 00:46:47.437000+00:00,yes,0.495,,0.69,0.3,1452.0,575.0,pmxt_archive_orderbook
2126503,2026-05-28 00:46:47.447000+00:00,yes,0.495,,0.69,0.3,1452.0,575.0,pmxt_archive_orderbook
2126503,2026-05-28 00:46:47.504000+00:00,yes,0.495,,0.69,0.3,1452.0,575.0,pmxt_archive_orderbook
2126503,2026-05-28 00:46:47.506000+00:00,yes,0.495,,0.69,0.3,1452.0,575.0,pmxt_archive_orderbook
2126503,2026-05-28 00:46:47.528000+00:00,yes,0.495,,0.69,0.3,1452.0,575.0,pmxt_archive_orderbook
2126503,2026-05-28 00:46:47.693000+00:00,yes,0.495,,0.69,0.3,1452.0,575.0,pmxt_archive_orderbook
2126503,2026-05-28 00:46:47.733000+00:00,yes,0.495,,0.69,0.3,1452.0,575.0,pmxt_archive_orderbook
2126503,2026-05-28 00:46:47.739000+00:00,yes,0.495,,0.69,0.3,1452.0,575.0,pmxt_archive_orderbook
2126503,2026-05-28 00:46:47.770000+00:00,yes,0.495,,0.69,0.3,1452.0,575.0,pmxt_archive_orderbook
2126503,2026-05-28 00:46:47.782000+00:00,yes,0.495,,0.69,0.3,1452.0,575.0,pmxt_archive_orderbook
2126503,2026-05-28 00:46:47.784000+00:00,yes,0.495,,0.69,0.3,1452.0,575.0,pmxt_archive_orderbook
2126503,2026-05-28 00:46:47.874000+00:00,yes,0.495,,0.69,0.3,1452.0,575.0,pmxt_archive_orderbook
2126503,2026-05-28 00:46:48.041000+00:00,yes,0.495,,0.69,0.3,1452.0,575.0,pmxt_archive_orderbook
2126503,2026-05-28 00:46:48.090000+00:00,yes,0.495,,0.69,0.3,1452.0,575.0,pmxt_archive_orderbook
2126503,2026-05-28 00:46:48.205000+00:00,yes,0.495,,0.69,0.3,1452.0,575.0,pmxt_archive_orderbook
2126503,2026-05-28 00:46:48.214000+00:00,yes,0.495,,0.69,0.3,1452.0,575.0,pmxt_archive_orderbook
2126503,2026-05-28 00:46:48.254000+00:00,yes,0.495,,0.69,0.3,1452.0,575.0,pmxt_archive_orderbook
2126503,2026-05-28 00:46:48.255000+00:00,yes,0.495,,0.69,0.3,1452.0,575.0,pmxt_archive_orderbook
2126503,2026-05-28 00:46:48.269000+00:00,yes,0.495,,0.69,0.3,1452.0,575.0,pmxt_archive_orderbook
2126503,2026-05-28 00:46:48.281000+00:00,yes,0.495,,0.69,0.3,1452.0,575.0,pmxt_archive_orderbook
2126503,2026-05-28 00:46:48.300000+00:00,yes,0.495,,0.69,0.3,1452.0,575.0,pmxt_archive_orderbook
2126503,2026-05-28 00:46:48.309000+00:00,yes,0.495,,0.69,0.3,1452.0,575.0,pmxt_archive_orderbook
2126503,2026-05-28 00:46:48.338000+00:00,yes,0.495,,0.69,0.3,1452.0,575.0,pmxt_archive_orderbook
2126503,2026-05-28 00:46:48.372000+00:00,yes,0.495,,0.69,0.3,1452.0,575.0,pmxt_archive_orderbook
2126503,2026-05-28 00:46:48.389000+00:00,yes,0.495,,0.69,0.3,1452.0,575.0,pmxt_archive_orderbook
2126503,2026-05-28 00:46:48.417000+00:00,yes,0.495,,0.69,0.3,1452.0,575.0,pmxt_archive_orderbook
2126503,2026-05-28 00:46:48.422000+00:00,yes,0.495,,0.69,0.3,1452.0,575.0,pmxt_archive_orderbook
2126503,2026-05-28 00:46:48.437000+00:00,yes,0.495,,0.69,0.3,1452.0,575.0,pmxt_archive_orderbook
2126503,2026-05-28 00:46:48.439000+00:00,yes,0.495,,0.69,0.3,1452.0,575.0,pmxt_archive_orderbook
2126503,2026-05-28 00:46:48.441000+00:00,yes,0.495,,0.69,0.3,1452.0,575.0,pmxt_archive_orderbook
2126503,2026-05-28 00:46:48.442000+00:00,yes,0.495,,0.69,0.3,1452.0,575.0,pmxt_archive_orderbook
2126503,2026-05-28 00:46:48.545000+00:00,yes,0.495,,0.69,0.3,1452.0,575.0,pmxt_archive_orderbook
2126503,2026-05-28 00:46:48.567000+00:00,yes,0.495,,0.69,0.3,1452.0,575.0,pmxt_archive_orderbook
2126503,2026-05-28 00:46:48.591000+00:00,yes,0.495,,0.69,0.3,1452.0,575.0,pmxt_archive_orderbook
2126503,2026-05-28 00:46:48.607000+00:00,yes,0.495,,0.69,0.3,1452.0,575.0,pmxt_archive_orderbook
2126503,2026-05-28 00:46:48.802000+00:00,yes,0.495,,0.69,0.3,1452.0,575.0,pmxt_archive_orderbook
2126503,2026-05-28 00:46:48.815000+00:00,yes,0.495,,0.69,0.3,1452.0,575.0,pmxt_archive_orderbook
2126503,2026-05-28 00:46:48.823000+00:00,yes,0.495,,0.69,0.3,1452.0,575.0,pmxt_archive_orderbook
2126503,2026-05-28 00:46:48.884000+00:00,yes,0.495,,0.69,0.3,1452.0,575.0,pmxt_archive_orderbook
2126503,2026-05-28 00:46:48.921000+00:00,yes,0.495,,0.69,0.3,1452.0,575.0,pmxt_archive_orderbook
2126503,2026-05-28 00:46:48.933000+00:00,yes,0.495,,0.69,0.3,1420.0,575.0,pmxt_archive_orderbook
2126503,2026-05-28 00:46:49.003000+00:00,yes,0.495,,0.69,0.3,1420.0,575.0,pmxt_archive_orderbook
2126503,2026-05-28 00:46:49.005000+00:00,yes,0.495,,0.69,0.3,1420.0,575.0,pmxt_archive_orderbook
2126503,2026-05-28 00:46:49.008000+00:00,yes,0.495,,0.69,0.3,1420.0,575.0,pmxt_archive_orderbook
2126503,2026-05-28 00:46:49.053000+00:00,yes,0.495,,0.69,0.3,1420.0,575.0,pmxt_archive_orderbook
2126503,2026-05-28 00:46:49.076000+00:00,yes,0.495,,0.69,0.3,1420.0,575.0,pmxt_archive_orderbook
2126503,2026-05-28 00:46:49.096000+00:00,yes,0.495,,0.69,0.3,1420.0,575.0,pmxt_archive_orderbook
2126503,2026-05-28 00:46:49.130000+00:00,yes,0.495,,0.69,0.3,1420.0,575.0,pmxt_archive_orderbook
2126503,2026-05-28 00:46:49.169000+00:00,yes,0.495,,0.69,0.3,1420.0,575.0,pmxt_archive_orderbook
2126503,2026-05-28 00:46:49.173000+00:00,yes,0.495,,0.69,0.3,1420.0,575.0,pmxt_archive_orderbook
2126503,2026-05-28 00:46:49.199000+00:00,yes,0.495,,0.69,0.3,1420.0,575.0,pmxt_archive_orderbook
2126503,2026-05-28 00:46:49.206000+00:00,yes,0.495,,0.69,0.3,1420.0,575.0,pmxt_archive_orderbook
2126503,2026-05-28 00:46:49.214000+00:00,yes,0.495,,0.69,0.3,1420.0,575.0,pmxt_archive_orderbook
2126503,2026-05-28 00:46:49.225000+00:00,yes,0.495,,0.69,0.3,1420.0,575.0,pmxt_archive_orderbook
2126503,2026-05-28 00:46:49.262000+00:00,yes,0.495,,0.69,0.3,1420.0,575.0,pmxt_archive_orderbook
2126503,2026-05-28 00:46:49.268000+00:00,yes,0.495,,0.69,0.3,1420.0,575.0,pmxt_archive_orderbook
2126503,2026-05-28 00:46:49.311000+00:00,yes,0.495,,0.69,0.3,1420.0,575.0,pmxt_archive_orderbook
2126503,2026-05-28 00:46:49.361000+00:00,yes,0.495,,0.69,0.3,1420.0,575.0,pmxt_archive_orderbook
2126503,2026-05-28 00:46:49.420000+00:00,yes,0.495,,0.69,0.3,1420.0,575.0,pmxt_archive_orderbook
2126503,2026-05-28 00:46:49.434000+00:00,yes,0.495,,0.69,0.3,1420.0,575.0,pmxt_archive_orderbook
2126503,2026-05-28 00:46:49.435000+00:00,yes,0.495,,0.69,0.3,1420.0,575.0,pmxt_archive_orderbook
2126503,2026-05-28 00:46:49.481000+00:00,yes,0.495,,0.69,0.3,1420.0,575.0,pmxt_archive_orderbook
2126503,2026-05-28 00:46:49.486000+00:00,yes,0.495,,0.69,0.3,1420.0,575.0,pmxt_archive_orderbook
2126503,2026-05-28 00:46:49.514000+00:00,yes,0.495,,0.69,0.3,1420.0,575.0,pmxt_archive_orderbook
2126503,2026-05-28 00:46:49.537000+00:00,yes,0.495,,0.69,0.3,1420.0,575.0,pmxt_archive_orderbook
2126503,2026-05-28 00:46:49.543000+00:00,yes,0.495,,0.69,0.3,1420.0,575.0,pmxt_archive_orderbook
2126503,2026-05-28 00:46:49.578000+00:00,yes,0.495,,0.69,0.3,1420.0,575.0,pmxt_archive_orderbook
2126503,2026-05-28 00:46:49.717000+00:00,yes,0.495,,0.69,0.3,1420.0,575.0,pmxt_archive_orderbook
2126503,2026-05-28 00:46:49.754000+00:00,yes,0.495,,0.69,0.3,1420.0,575.0,pmxt_archive_orderbook
2126503,2026-05-28 00:46:49.757000+00:00,yes,0.495,,0.69,0.3,1420.0,575.0,pmxt_archive_orderbook
2126503,2026-05-28 00:46:49.812000+00:00,yes,0.495,,0.69,0.3,1420.0,575.0,pmxt_archive_orderbook
2126503,2026-05-28 00:46:49.844000+00:00,yes,0.495,,0.69,0.3,1420.0,575.0,pmxt_archive_orderbook
2126503,2026-05-28 00:46:49.942000+00:00,yes,0.495,,0.69,0.3,1420.0,575.0,pmxt_archive_orderbook
2126503,2026-05-28 00:46:49.957000+00:00,yes,0.495,,0.69,0.3,1420.0,575.0,pmxt_archive_orderbook
2126503,2026-05-28 00:46:50+00:00,yes,0.495,,0.69,0.3,1420.0,575.0,pmxt_archive_orderbook
2126503,2026-05-28 00:46:50.049000+00:00,yes,0.495,,0.69,0.3,1420.0,575.0,pmxt_archive_orderbook
2126503,2026-05-28 00:46:50.129000+00:00,yes,0.495,,0.69,0.3,1420.0,575.0,pmxt_archive_orderbook
2126503,2026-05-28 00:46:50.132000+00:00,yes,0.495,,0.69,0.3,1420.0,575.0,pmxt_archive_orderbook
2126503,2026-05-28 00:46:50.175000+00:00,yes,0.495,,0.69,0.3,1420.0,575.0,pmxt_archive_orderbook
2126503,2026-05-28 00:46:50.181000+00:00,yes,0.495,,0.69,0.3,1420.0,575.0,pmxt_archive_orderbook
2126503,2026-05-28 00:46:50.182000+00:00,yes,0.495,,0.69,0.3,1420.0,575.0,pmxt_archive_orderbook
2126503,2026-05-28 00:46:50.183000+00:00,yes,0.495,,0.69,0.3,704.0,575.0,pmxt_archive_orderbook
2126503,2026-05-28 00:46:50.188000+00:00,yes,0.495,,0.69,0.3,704.0,575.0,pmxt_archive_orderbook
2126503,2026-05-28 00:46:50.190000+00:00,yes,0.495,,0.69,0.3,704.0,575.0,pmxt_archive_orderbook
2126503,2026-05-28 00:46:50.196000+00:00,yes,0.495,,0.69,0.3,704.0,575.0,pmxt_archive_orderbook
2126503,2026-05-28 00:46:50.203000+00:00,yes,0.495,,0.69,0.3,704.0,575.0,pmxt_archive_orderbook
2126503,2026-05-28 00:46:50.212000+00:00,yes,0.495,,0.69,0.3,704.0,575.0,pmxt_archive_orderbook
2126503,2026-05-28 00:46:50.254000+00:00,yes,0.495,,0.69,0.3,704.0,575.0,pmxt_archive_orderbook
2126503,2026-05-28 00:46:50.279000+00:00,yes,0.495,,0.69,0.3,704.0,575.0,pmxt_archive_orderbook
2126503,2026-05-28 00:46:50.318000+00:00,yes,0.495,,0.69,0.3,704.0,575.0,pmxt_archive_orderbook
2126503,2026-05-28 00:46:50.464000+00:00,yes,0.495,,0.69,0.3,704.0,575.0,pmxt_archive_orderbook
2126503,2026-05-28 00:46:50.472000+00:00,yes,0.495,,0.69,0.3,704.0,575.0,pmxt_archive_orderbook
2126503,2026-05-28 00:46:50.482000+00:00,yes,0.495,,0.69,0.3,704.0,575.0,pmxt_archive_orderbook
2126503,2026-05-28 00:46:50.547000+00:00,yes,0.495,,0.69,0.3,704.0,575.0,pmxt_archive_orderbook
2126503,2026-05-28 00:46:50.585000+00:00,yes,0.495,,0.69,0.3,704.0,575.0,pmxt_archive_orderbook
2126503,2026-05-28 00:46:50.649000+00:00,yes,0.495,,0.69,0.3,704.0,575.0,pmxt_archive_orderbook
2126503,2026-05-28 00:46:50.757000+00:00,yes,0.495,,0.69,0.3,704.0,575.0,pmxt_archive_orderbook
2126503,2026-05-28 00:46:50.774000+00:00,yes,0.495,,0.69,0.3,704.0,575.0,pmxt_archive_orderbook
2126503,2026-05-28 00:46:50.789000+00:00,yes,0.495,,0.69,0.3,704.0,575.0,pmxt_archive_orderbook
2126503,2026-05-28 00:46:50.858000+00:00,yes,0.495,,0.69,0.3,704.0,575.0,pmxt_archive_orderbook
2126503,2026-05-28 00:46:50.892000+00:00,yes,0.495,,0.69,0.3,704.0,575.0,pmxt_archive_orderbook
2126503,2026-05-28 00:46:50.910000+00:00,yes,0.495,,0.69,0.3,704.0,575.0,pmxt_archive_orderbook
2126503,2026-05-28 00:46:50.935000+00:00,yes,0.495,,0.69,0.3,704.0,575.0,pmxt_archive_orderbook
2126503,2026-05-28 00:46:50.977000+00:00,yes,0.495,,0.69,0.3,704.0,575.0,pmxt_archive_orderbook
2126503,2026-05-28 00:46:51.021000+00:00,yes,0.495,,0.69,0.3,704.0,575.0,pmxt_archive_orderbook
2126503,2026-05-28 00:46:51.036000+00:00,yes,0.495,,0.69,0.3,704.0,575.0,pmxt_archive_orderbook
2126503,2026-05-28 00:46:51.038000+00:00,yes,0.495,,0.69,0.3,704.0,575.0,pmxt_archive_orderbook
2126503,2026-05-28 00:46:51.039000+00:00,yes,0.495,,0.69,0.3,704.0,575.0,pmxt_archive_orderbook
2126503,2026-05-28 00:46:51.040000+00:00,yes,0.495,,0.69,0.3,704.0,575.0,pmxt_archive_orderbook
2126503,2026-05-28 00:46:51.055000+00:00,yes,0.495,,0.69,0.3,704.0,575.0,pmxt_archive_orderbook
2126503,2026-05-28 00:46:51.057000+00:00,yes,0.495,,0.69,0.3,704.0,575.0,pmxt_archive_orderbook
2126503,2026-05-28 00:46:51.058000+00:00,yes,0.495,,0.69,0.3,704.0,575.0,pmxt_archive_orderbook
2126503,2026-05-28 00:46:51.079000+00:00,yes,0.495,,0.69,0.3,704.0,575.0,pmxt_archive_orderbook
2126503,2026-05-28 00:46:51.089000+00:00,yes,0.495,,0.69,0.3,704.0,575.0,pmxt_archive_orderbook
2126503,2026-05-28 00:46:51.102000+00:00,yes,0.495,,0.69,0.3,704.0,575.0,pmxt_archive_orderbook
2126503,2026-05-28 00:46:51.109000+00:00,yes,0.495,,0.69,0.3,704.0,575.0,pmxt_archive_orderbook
2126503,2026-05-28 00:46:51.143000+00:00,yes,0.495,,0.69,0.3,704.0,575.0,pmxt_archive_orderbook
2126503,2026-05-28 00:46:51.147000+00:00,yes,0.495,,0.69,0.3,704.0,575.0,pmxt_archive_orderbook
2126503,2026-05-28 00:46:51.186000+00:00,yes,0.495,,0.69,0.3,704.0,575.0,pmxt_archive_orderbook
2126503,2026-05-28 00:46:51.240000+00:00,yes,0.495,,0.69,0.3,704.0,575.0,pmxt_archive_orderbook
2126503,2026-05-28 00:46:51.244000+00:00,yes,0.495,,0.69,0.3,704.0,575.0,pmxt_archive_orderbook
2126503,2026-05-28 00:46:51.266000+00:00,yes,0.495,,0.69,0.3,704.0,575.0,pmxt_archive_orderbook
2126503,2026-05-28 00:46:51.296000+00:00,yes,0.495,,0.69,0.3,704.0,575.0,pmxt_archive_orderbook
2126503,2026-05-28 00:46:51.324000+00:00,yes,0.495,,0.69,0.3,704.0,575.0,pmxt_archive_orderbook
2126503,2026-05-28 00:46:51.345000+00:00,yes,0.495,,0.69,0.3,704.0,575.0,pmxt_archive_orderbook
2126503,2026-05-28 00:46:51.350000+00:00,yes,0.495,,0.69,0.3,704.0,575.0,pmxt_archive_orderbook
2126503,2026-05-28 00:46:51.366000+00:00,yes,0.495,,0.69,0.3,704.0,575.0,pmxt_archive_orderbook
2126503,2026-05-28 00:46:51.373000+00:00,yes,0.495,,0.69,0.3,704.0,575.0,pmxt_archive_orderbook
2126503,2026-05-28 00:46:51.395000+00:00,yes,0.495,,0.69,0.3,704.0,575.0,pmxt_archive_orderbook
2126503,2026-05-28 00:46:51.417000+00:00,yes,0.495,,0.69,0.3,704.0,575.0,pmxt_archive_orderbook
2126503,2026-05-28 00:46:51.432000+00:00,yes,0.495,,0.69,0.3,704.0,575.0,pmxt_archive_orderbook
2126503,2026-05-28 00:46:51.445000+00:00,yes,0.495,,0.69,0.3,704.0,575.0,pmxt_archive_orderbook
2126503,2026-05-28 00:46:51.471000+00:00,yes,0.495,,0.69,0.3,704.0,575.0,pmxt_archive_orderbook
2126503,2026-05-28 00:46:51.504000+00:00,yes,0.495,,0.69,0.3,704.0,575.0,pmxt_archive_orderbook
2126503,2026-05-28 00:46:51.517000+00:00,yes,0.495,,0.69,0.3,704.0,575.0,pmxt_archive_orderbook
2126503,2026-05-28 00:46:51.541000+00:00,yes,0.495,,0.69,0.3,704.0,575.0,pmxt_archive_orderbook
2126503,2026-05-28 00:46:51.550000+00:00,yes,0.495,,0.69,0.3,704.0,575.0,pmxt_archive_orderbook
2126503,2026-05-28 00:46:51.685000+00:00,yes,0.495,,0.69,0.3,704.0,575.0,pmxt_archive_orderbook
2126503,2026-05-28 00:46:51.692000+00:00,yes,0.495,,0.69,0.3,704.0,575.0,pmxt_archive_orderbook
2126503,2026-05-28 00:46:51.716000+00:00,yes,0.495,,0.69,0.3,704.0,575.0,pmxt_archive_orderbook
2126503,2026-05-28 00:46:51.735000+00:00,yes,0.495,,0.69,0.3,704.0,575.0,pmxt_archive_orderbook
2126503,2026-05-28 00:46:51.739000+00:00,yes,0.495,,0.69,0.3,704.0,575.0,pmxt_archive_orderbook
2126503,2026-05-28 00:46:51.805000+00:00,yes,0.495,,0.69,0.3,704.0,575.0,pmxt_archive_orderbook
2126503,2026-05-28 00:46:51.810000+00:00,yes,0.495,,0.69,0.3,704.0,575.0,pmxt_archive_orderbook
2126503,2026-05-28 00:46:51.811000+00:00,yes,0.495,,0.69,0.3,704.0,575.0,pmxt_archive_orderbook
2126503,2026-05-28 00:46:51.820000+00:00,yes,0.495,,0.69,0.3,704.0,575.0,pmxt_archive_orderbook
2126503,2026-05-28 00:46:51.893000+00:00,yes,0.495,,0.69,0.3,704.0,575.0,pmxt_archive_orderbook
2126503,2026-05-28 00:46:51.944000+00:00,yes,0.495,,0.69,0.3,704.0,575.0,pmxt_archive_orderbook
2126503,2026-05-28 00:46:52.044000+00:00,yes,0.495,,0.69,0.3,704.0,575.0,pmxt_archive_orderbook
2126503,2026-05-28 00:46:52.073000+00:00,yes,0.495,,0.69,0.3,704.0,575.0,pmxt_archive_orderbook
2126503,2026-05-28 00:46:52.108000+00:00,yes,0.495,,0.69,0.3,704.0,575.0,pmxt_archive_orderbook
2126503,2026-05-28 00:46:52.119000+00:00,yes,0.495,,0.69,0.3,704.0,575.0,pmxt_archive_orderbook
2126503,2026-05-28 00:46:52.209000+00:00,yes,0.495,,0.69,0.3,704.0,575.0,pmxt_archive_orderbook
2126503,2026-05-28 00:46:52.213000+00:00,yes,0.495,,0.69,0.3,704.0,575.0,pmxt_archive_orderbook
2126503,2026-05-28 00:46:52.232000+00:00,yes,0.495,,0.69,0.3,704.0,575.0,pmxt_archive_orderbook
2126503,2026-05-28 00:46:52.235000+00:00,yes,0.495,,0.69,0.3,704.0,575.0,pmxt_archive_orderbook
2126503,2026-05-28 00:46:52.245000+00:00,yes,0.495,,0.69,0.3,704.0,575.0,pmxt_archive_orderbook
2126503,2026-05-28 00:46:52.284000+00:00,yes,0.495,,0.69,0.3,704.0,575.0,pmxt_archive_orderbook
2126503,2026-05-28 00:46:52.344000+00:00,yes,0.495,,0.69,0.3,704.0,575.0,pmxt_archive_orderbook
2126503,2026-05-28 00:46:52.353000+00:00,yes,0.495,,0.69,0.3,704.0,575.0,pmxt_archive_orderbook
2126503,2026-05-28 00:46:52.444000+00:00,yes,0.495,,0.69,0.3,704.0,575.0,pmxt_archive_orderbook
2126503,2026-05-28 00:46:52.448000+00:00,yes,0.495,,0.69,0.3,704.0,575.0,pmxt_archive_orderbook
2126503,2026-05-28 00:46:52.482000+00:00,yes,0.495,,0.69,0.3,704.0,575.0,pmxt_archive_orderbook
2126503,2026-05-28 00:46:52.489000+00:00,yes,0.495,,0.69,0.3,704.0,575.0,pmxt_archive_orderbook
2126503,2026-05-28 00:46:52.500000+00:00,yes,0.495,,0.69,0.3,704.0,575.0,pmxt_archive_orderbook
2126503,2026-05-28 00:46:52.525000+00:00,yes,0.495,,0.69,0.3,704.0,575.0,pmxt_archive_orderbook
2126503,2026-05-28 00:46:52.537000+00:00,yes,0.495,,0.69,0.3,704.0,575.0,pmxt_archive_orderbook
2126503,2026-05-28 00:46:52.559000+00:00,yes,0.495,,0.69,0.3,704.0,575.0,pmxt_archive_orderbook
2126503,2026-05-28 00:46:52.560000+00:00,yes,0.495,,0.69,0.3,704.0,575.0,pmxt_archive_orderbook
2126503,2026-05-28 00:46:52.642000+00:00,yes,0.495,,0.69,0.3,704.0,575.0,pmxt_archive_orderbook
2126503,2026-05-28 00:46:52.665000+00:00,yes,0.495,,0.69,0.3,704.0,575.0,pmxt_archive_orderbook
2126503,2026-05-28 00:46:52.782000+00:00,yes,0.295,,0.29,0.3,667.0,575.0,pmxt_archive_orderbook
2126503,2026-05-28 00:46:52.787000+00:00,yes,0.295,,0.29,0.3,667.0,575.0,pmxt_archive_orderbook
2126503,2026-05-28 00:46:52.851000+00:00,yes,0.375,,0.45,0.3,22.92,575.0,pmxt_archive_orderbook
2126503,2026-05-28 00:46:52.875000+00:00,yes,0.375,,0.45,0.3,22.92,575.0,pmxt_archive_orderbook
2126503,2026-05-28 00:46:52.879000+00:00,yes,0.375,,0.45,0.3,22.92,575.0,pmxt_archive_orderbook
2126503,2026-05-28 00:46:52.883000+00:00,yes,0.375,,0.45,0.3,22.92,575.0,pmxt_archive_orderbook
2126503,2026-05-28 00:46:52.884000+00:00,yes,0.375,,0.45,0.3,22.92,575.0,pmxt_archive_orderbook
2126503,2026-05-28 00:46:52.901000+00:00,yes,0.375,,0.45,0.3,22.92,575.0,pmxt_archive_orderbook
2126503,2026-05-28 00:46:52.957000+00:00,yes,0.375,,0.45,0.3,22.92,575.0,pmxt_archive_orderbook
2126503,2026-05-28 00:46:52.966000+00:00,yes,0.375,,0.45,0.3,322.92,575.0,pmxt_archive_orderbook
2126503,2026-05-28 00:46:53.042000+00:00,yes,0.375,,0.45,0.3,322.92,575.0,pmxt_archive_orderbook
2126503,2026-05-28 00:46:53.067000+00:00,yes,0.375,,0.45,0.3,322.92,575.0,pmxt_archive_orderbook
2126503,2026-05-28 00:46:53.074000+00:00,yes,0.375,,0.45,0.3,322.92,575.0,pmxt_archive_orderbook
2126503,2026-05-28 00:46:53.089000+00:00,yes,0.375,,0.45,0.3,320.0,575.0,pmxt_archive_orderbook
2126503,2026-05-28 00:46:53.112000+00:00,yes,0.375,,0.45,0.3,320.0,575.0,pmxt_archive_orderbook
2126503,2026-05-28 00:46:53.121000+00:00,yes,0.375,,0.45,0.3,320.0,575.0,pmxt_archive_orderbook
2126503,2026-05-28 00:46:53.125000+00:00,yes,0.38,,0.46,0.3,6.66,575.0,pmxt_archive_orderbook
2126503,2026-05-28 00:46:53.143000+00:00,yes,0.38,,0.46,0.3,6.66,575.0,pmxt_archive_orderbook
2126503,2026-05-28 00:46:53.232000+00:00,yes,0.38,,0.46,0.3,6.66,575.0,pmxt_archive_orderbook
2126503,2026-05-28 00:46:53.234000+00:00,yes,0.375,,0.45,0.3,320.0,575.0,pmxt_archive_orderbook
2126503,2026-05-28 00:46:53.241000+00:00,yes,0.375,,0.45,0.3,320.0,575.0,pmxt_archive_orderbook
2126503,2026-05-28 00:46:53.268000+00:00,yes,0.375,,0.45,0.3,320.0,575.0,pmxt_archive_orderbook
2126503,2026-05-28 00:46:53.297000+00:00,yes,0.375,,0.45,0.3,320.0,575.0,pmxt_archive_orderbook
2126503,2026-05-28 00:46:53.370000+00:00,yes,0.375,,0.45,0.3,320.0,575.0,pmxt_archive_orderbook
2126503,2026-05-28 00:46:53.426000+00:00,yes,0.375,,0.45,0.3,320.0,575.0,pmxt_archive_orderbook
2126503,2026-05-28 00:46:53.445000+00:00,yes,0.375,,0.45,0.3,320.0,575.0,pmxt_archive_orderbook
2126503,2026-05-28 00:46:53.447000+00:00,yes,0.375,,0.45,0.3,320.0,575.0,pmxt_archive_orderbook
2126503,2026-05-28 00:46:53.468000+00:00,yes,0.375,,0.45,0.3,320.0,575.0,pmxt_archive_orderbook
2126503,2026-05-28 00:46:53.495000+00:00,yes,0.375,,0.45,0.3,320.0,575.0,pmxt_archive_orderbook
2126503,2026-05-28 00:46:53.544000+00:00,yes,0.375,,0.45,0.3,320.0,575.0,pmxt_archive_orderbook
2126503,2026-05-28 00:46:53.547000+00:00,yes,0.375,,0.45,0.3,320.0,575.0,pmxt_archive_orderbook
2126503,2026-05-28 00:46:53.577000+00:00,yes,0.44999999999999996,,0.6,0.3,9.0,575.0,pmxt_archive_orderbook
2126503,2026-05-28 00:46:53.596000+00:00,yes,0.44999999999999996,,0.6,0.3,9.0,575.0,pmxt_archive_orderbook
2126503,2026-05-28 00:46:53.604000+00:00,yes,0.375,,0.45,0.3,320.0,575.0,pmxt_archive_orderbook
2126503,2026-05-28 00:46:53.605000+00:00,yes,0.375,,0.45,0.3,300.0,575.0,pmxt_archive_orderbook
2126503,2026-05-28 00:46:53.632000+00:00,yes,0.375,,0.45,0.3,300.0,575.0,pmxt_archive_orderbook
2126503,2026-05-28 00:46:53.635000+00:00,yes,0.43000000000000005,,0.56,0.3,44.0,575.0,pmxt_archive_orderbook
2126503,2026-05-28 00:46:53.636000+00:00,yes,0.43000000000000005,,0.56,0.3,44.0,575.0,pmxt_archive_orderbook
2126503,2026-05-28 00:46:53.649000+00:00,yes,0.43000000000000005,,0.56,0.3,44.0,575.0,pmxt_archive_orderbook
2126503,2026-05-28 00:46:53.670000+00:00,yes,0.45999999999999996,,0.62,0.3,9.0,575.0,pmxt_archive_orderbook
2126503,2026-05-28 00:46:53.698000+00:00,yes,0.45999999999999996,,0.62,0.3,9.0,575.0,pmxt_archive_orderbook
2126503,2026-05-28 00:46:53.718000+00:00,yes,0.45999999999999996,,0.62,0.3,9.0,575.0,pmxt_archive_orderbook
2126503,2026-05-28 00:46:53.727000+00:00,yes,0.45999999999999996,,0.62,0.3,9.0,575.0,pmxt_archive_orderbook
2126503,2026-05-28 00:46:53.765000+00:00,yes,0.45999999999999996,,0.62,0.3,9.0,575.0,pmxt_archive_orderbook
2126503,2026-05-28 00:46:53.791000+00:00,yes,0.45999999999999996,,0.62,0.3,9.0,575.0,pmxt_archive_orderbook
2126503,2026-05-28 00:46:53.797000+00:00,yes,0.45999999999999996,,0.62,0.3,9.0,575.0,pmxt_archive_orderbook
2126503,2026-05-28 00:46:53.803000+00:00,yes,0.43499999999999994,,0.57,0.3,5.0,575.0,pmxt_archive_orderbook
2126503,2026-05-28 00:46:53.804000+00:00,yes,0.43499999999999994,,0.57,0.3,5.0,575.0,pmxt_archive_orderbook
2126503,2026-05-28 00:46:53.810000+00:00,yes,0.43499999999999994,,0.57,0.3,5.0,575.0,pmxt_archive_orderbook
2126503,2026-05-28 00:46:53.812000+00:00,yes,0.43499999999999994,,0.57,0.3,5.0,575.0,pmxt_archive_orderbook
2126503,2026-05-28 00:46:53.829000+00:00,yes,0.43499999999999994,,0.57,0.3,5.0,575.0,pmxt_archive_orderbook
2126503,2026-05-28 00:46:53.853000+00:00,yes,0.43499999999999994,,0.57,0.3,5.0,575.0,pmxt_archive_orderbook
2126503,2026-05-28 00:46:53.880000+00:00,yes,0.43499999999999994,,0.57,0.3,5.0,575.0,pmxt_archive_orderbook
2126503,2026-05-28 00:46:53.881000+00:00,yes,0.43499999999999994,,0.57,0.3,5.0,575.0,pmxt_archive_orderbook
2126503,2026-05-28 00:46:53.886000+00:00,yes,0.43499999999999994,,0.57,0.3,5.0,575.0,pmxt_archive_orderbook
2126503,2026-05-28 00:46:53.891000+00:00,yes,0.43499999999999994,,0.57,0.3,5.0,575.0,pmxt_archive_orderbook
2126503,2026-05-28 00:46:53.892000+00:00,yes,0.43499999999999994,,0.57,0.3,5.0,575.0,pmxt_archive_orderbook
2126503,2026-05-28 00:46:53.903000+00:00,yes,0.43499999999999994,,0.57,0.3,5.0,575.0,pmxt_archive_orderbook
2126503,2026-05-28 00:46:53.906000+00:00,yes,0.43499999999999994,,0.57,0.3,5.0,575.0,pmxt_archive_orderbook
2126503,2026-05-28 00:46:53.933000+00:00,yes,0.43499999999999994,,0.57,0.3,5.0,575.0,pmxt_archive_orderbook
2126503,2026-05-28 00:46:53.936000+00:00,yes,0.43499999999999994,,0.57,0.3,5.0,575.0,pmxt_archive_orderbook
2126503,2026-05-28 00:46:53.943000+00:00,yes,0.43499999999999994,,0.57,0.3,5.0,575.0,pmxt_archive_orderbook
2126503,2026-05-28 00:46:53.947000+00:00,yes,0.43499999999999994,,0.57,0.3,5.0,575.0,pmxt_archive_orderbook
2126503,2026-05-28 00:46:53.957000+00:00,yes,0.43499999999999994,,0.57,0.3,5.0,575.0,pmxt_archive_orderbook
2126503,2026-05-28 00:46:53.966000+00:00,yes,0.43499999999999994,,0.57,0.3,5.0,575.0,pmxt_archive_orderbook
2126503,2026-05-28 00:46:53.993000+00:00,yes,0.43499999999999994,,0.57,0.3,5.0,575.0,pmxt_archive_orderbook
2126503,2026-05-28 00:46:54.010000+00:00,yes,0.43499999999999994,,0.57,0.3,5.0,575.0,pmxt_archive_orderbook
2126503,2026-05-28 00:46:54.026000+00:00,yes,0.425,,0.42,0.43,183.98,5.0,pmxt_archive_orderbook
2126503,2026-05-28 00:46:54.035000+00:00,yes,0.425,,0.42,0.43,419.69,5.0,pmxt_archive_orderbook
2126503,2026-05-28 00:46:54.044000+00:00,yes,0.5,,0.46,0.54,1190.0,20.0,pmxt_archive_orderbook
2126503,2026-05-28 00:46:54.063000+00:00,yes,0.5,,0.46,0.54,1190.0,20.0,pmxt_archive_orderbook
2126503,2026-05-28 00:46:54.079000+00:00,yes,0.5,,0.46,0.54,1190.0,20.0,pmxt_archive_orderbook
2126503,2026-05-28 00:46:54.105000+00:00,yes,0.505,,0.47,0.54,9.0,20.0,pmxt_archive_orderbook
2126503,2026-05-28 00:46:54.121000+00:00,yes,0.505,,0.47,0.54,9.0,20.0,pmxt_archive_orderbook
2126503,2026-05-28 00:46:54.122000+00:00,yes,0.5,,0.47,0.53,9.0,9.0,pmxt_archive_orderbook
2126503,2026-05-28 00:46:54.138000+00:00,yes,0.5,,0.47,0.53,9.0,9.0,pmxt_archive_orderbook
2126503,2026-05-28 00:46:54.149000+00:00,yes,0.5,,0.47,0.53,9.0,9.0,pmxt_archive_orderbook
2126503,2026-05-28 00:46:54.158000+00:00,yes,0.505,,0.47,0.54,9.0,1155.0,pmxt_archive_orderbook
2126503,2026-05-28 00:46:54.159000+00:00,yes,0.505,,0.47,0.54,9.0,1155.0,pmxt_archive_orderbook
2126503,2026-05-28 00:46:54.160000+00:00,yes,0.505,,0.47,0.54,9.0,1155.0,pmxt_archive_orderbook
2126503,2026-05-28 00:46:54.166000+00:00,yes,0.495,,0.46,0.53,1155.0,9.0,pmxt_archive_orderbook
2126503,2026-05-28 00:46:54.169000+00:00,yes,0.5,,0.48,0.52,5.0,5.0,pmxt_archive_orderbook
2126503,2026-05-28 00:46:54.170000+00:00,yes,0.5,,0.48,0.52,5.0,5.0,pmxt_archive_orderbook
2126503,2026-05-28 00:46:54.171000+00:00,yes,0.505,,0.48,0.53,5.0,9.0,pmxt_archive_orderbook
2126503,2026-05-28 00:46:54.190000+00:00,yes,0.5,,0.48,0.52,5.0,5.0,pmxt_archive_orderbook
2126503,2026-05-28 00:46:54.193000+00:00,yes,0.5,,0.48,0.52,5.0,5.0,pmxt_archive_orderbook
2126503,2026-05-28 00:46:54.195000+00:00,yes,0.5,,0.48,0.52,5.0,5.0,pmxt_archive_orderbook
2126503,2026-05-28 00:46:54.202000+00:00,yes,0.5,,0.49,0.51,40.79,40.79,pmxt_archive_orderbook
2126503,2026-05-28 00:46:54.210000+00:00,yes,0.5,,0.49,0.51,40.79,40.79,pmxt_archive_orderbook
2126503,2026-05-28 00:46:54.211000+00:00,yes,0.5,,0.49,0.51,40.79,40.79,pmxt_archive_orderbook
2126503,2026-05-28 00:46:54.230000+00:00,yes,0.5,,0.49,0.51,40.79,40.79,pmxt_archive_orderbook
2126503,2026-05-28 00:46:54.233000+00:00,yes,0.5,,0.49,0.51,40.79,40.79,pmxt_archive_orderbook
2126503,2026-05-28 00:46:54.244000+00:00,yes,0.5,,0.49,0.51,40.79,40.79,pmxt_archive_orderbook
2126503,2026-05-28 00:46:54.266000+00:00,yes,0.5,,0.49,0.51,40.79,40.79,pmxt_archive_orderbook
2126503,2026-05-28 00:46:54.268000+00:00,yes,0.5,,0.49,0.51,40.79,40.79,pmxt_archive_orderbook
2126503,2026-05-28 00:46:54.309000+00:00,yes,0.5,,0.49,0.51,40.79,40.79,pmxt_archive_orderbook
2126503,2026-05-28 00:46:54.321000+00:00,yes,0.5,,0.49,0.51,40.79,40.79,pmxt_archive_orderbook
2126503,2026-05-28 00:46:54.357000+00:00,yes,0.5,,0.49,0.51,40.79,40.79,pmxt_archive_orderbook
2126503,2026-05-28 00:46:54.359000+00:00,yes,0.5,,0.49,0.51,40.79,40.79,pmxt_archive_orderbook
2126503,2026-05-28 00:46:54.360000+00:00,yes,0.5,,0.49,0.51,40.79,40.79,pmxt_archive_orderbook
2126503,2026-05-28 00:46:54.361000+00:00,yes,0.5,,0.49,0.51,40.79,40.79,pmxt_archive_orderbook
2126503,2026-05-28 00:46:54.363000+00:00,yes,0.5,,0.49,0.51,40.79,40.79,pmxt_archive_orderbook
2126503,2026-05-28 00:46:54.364000+00:00,yes,0.5,,0.49,0.51,40.79,40.79,pmxt_archive_orderbook
2126503,2026-05-28 00:46:54.372000+00:00,yes,0.5,,0.49,0.51,40.79,40.79,pmxt_archive_orderbook
2126503,2026-05-28 00:46:54.379000+00:00,yes,0.5,,0.49,0.51,40.79,40.79,pmxt_archive_orderbook
2126503,2026-05-28 00:46:54.388000+00:00,yes,0.5,,0.49,0.51,11.0,40.79,pmxt_archive_orderbook
2126503,2026-05-28 00:46:54.391000+00:00,yes,0.5,,0.49,0.51,11.0,11.0,pmxt_archive_orderbook
2126503,2026-05-28 00:46:54.394000+00:00,yes,0.5,,0.49,0.51,11.0,11.0,pmxt_archive_orderbook
2126503,2026-05-28 00:46:54.396000+00:00,yes,0.5,,0.49,0.51,11.0,11.0,pmxt_archive_orderbook
2126503,2026-05-28 00:46:54.420000+00:00,yes,0.5,,0.49,0.51,11.0,11.0,pmxt_archive_orderbook
2126503,2026-05-28 00:46:54.422000+00:00,yes,0.5,,0.49,0.51,11.0,11.0,pmxt_archive_orderbook
2126503,2026-05-28 00:46:54.426000+00:00,yes,0.5,,0.49,0.51,11.0,11.0,pmxt_archive_orderbook
2126503,2026-05-28 00:46:54.428000+00:00,yes,0.5,,0.49,0.51,11.0,11.0,pmxt_archive_orderbook
2126503,2026-05-28 00:46:54.434000+00:00,yes,0.5,,0.49,0.51,11.0,11.0,pmxt_archive_orderbook
2126503,2026-05-28 00:46:54.445000+00:00,yes,0.5,,0.49,0.51,11.0,11.0,pmxt_archive_orderbook
2126503,2026-05-28 00:46:54.447000+00:00,yes,0.5,,0.49,0.51,11.0,11.0,pmxt_archive_orderbook
2126503,2026-05-28 00:46:54.449000+00:00,yes,0.5,,0.49,0.51,11.0,11.0,pmxt_archive_orderbook
2126503,2026-05-28 00:46:54.450000+00:00,yes,0.5,,0.49,0.51,11.0,11.0,pmxt_archive_orderbook
2126503,2026-05-28 00:46:54.452000+00:00,yes,0.5,,0.49,0.51,11.0,11.0,pmxt_archive_orderbook
2126503,2026-05-28 00:46:54.459000+00:00,yes,0.5,,0.49,0.51,11.0,11.0,pmxt_archive_orderbook
2126503,2026-05-28 00:46:54.462000+00:00,yes,0.5,,0.49,0.51,11.0,11.0,pmxt_archive_orderbook
2126503,2026-05-28 00:46:54.504000+00:00,yes,0.5,,0.49,0.51,11.0,11.0,pmxt_archive_orderbook
2126503,2026-05-28 00:46:54.507000+00:00,yes,0.5,,0.49,0.51,11.0,11.0,pmxt_archive_orderbook
2126503,2026-05-28 00:46:54.509000+00:00,yes,0.5,,0.49,0.51,11.0,11.0,pmxt_archive_orderbook
2126503,2026-05-28 00:46:54.513000+00:00,yes,0.5,,0.49,0.51,11.0,11.0,pmxt_archive_orderbook
2126503,2026-05-28 00:46:54.541000+00:00,yes,0.5,,0.49,0.51,11.0,11.0,pmxt_archive_orderbook
2126503,2026-05-28 00:46:54.561000+00:00,yes,0.5,,0.49,0.51,11.0,11.0,pmxt_archive_orderbook
2126503,2026-05-28 00:46:54.562000+00:00,yes,0.5,,0.49,0.51,11.0,11.0,pmxt_archive_orderbook
2126503,2026-05-28 00:46:54.580000+00:00,yes,0.5,,0.49,0.51,11.0,11.0,pmxt_archive_orderbook
2126503,2026-05-28 00:46:54.599000+00:00,yes,0.5,,0.49,0.51,11.0,11.0,pmxt_archive_orderbook
2126503,2026-05-28 00:46:54.602000+00:00,yes,0.495,,0.48,0.51,22.15,11.0,pmxt_archive_orderbook
2126503,2026-05-28 00:46:54.605000+00:00,yes,0.5,,0.48,0.52,22.15,22.15,pmxt_archive_orderbook
2126503,2026-05-28 00:46:54.607000+00:00,yes,0.5,,0.48,0.52,22.15,22.15,pmxt_archive_orderbook
2126503,2026-05-28 00:46:54.609000+00:00,yes,0.5,,0.48,0.52,33.15,22.15,pmxt_archive_orderbook
2126503,2026-05-28 00:46:54.611000+00:00,yes,0.5,,0.48,0.52,33.15,22.15,pmxt_archive_orderbook
2126503,2026-05-28 00:46:54.617000+00:00,yes,0.5,,0.48,0.52,33.15,33.15,pmxt_archive_orderbook
2126503,2026-05-28 00:46:54.619000+00:00,yes,0.5,,0.48,0.52,33.15,33.15,pmxt_archive_orderbook
2126503,2026-05-28 00:46:54.631000+00:00,yes,0.5,,0.48,0.52,33.15,33.15,pmxt_archive_orderbook
2126503,2026-05-28 00:46:54.654000+00:00,yes,0.5,,0.48,0.52,33.15,33.15,pmxt_archive_orderbook
2126503,2026-05-28 00:46:54.660000+00:00,yes,0.5,,0.48,0.52,33.15,33.15,pmxt_archive_orderbook
2126503,2026-05-28 00:46:54.664000+00:00,yes,0.5,,0.48,0.52,33.15,33.15,pmxt_archive_orderbook
2126503,2026-05-28 00:46:54.683000+00:00,yes,0.5,,0.48,0.52,33.15,33.15,pmxt_archive_orderbook
2126503,2026-05-28 00:46:54.692000+00:00,yes,0.5,,0.48,0.52,33.15,33.15,pmxt_archive_orderbook
2126503,2026-05-28 00:46:54.693000+00:00,yes,0.5,,0.48,0.52,33.15,33.15,pmxt_archive_orderbook
2126503,2026-05-28 00:46:54.696000+00:00,yes,0.5,,0.48,0.52,33.15,33.15,pmxt_archive_orderbook
2126503,2026-05-28 00:46:54.703000+00:00,yes,0.5,,0.48,0.52,33.15,33.15,pmxt_archive_orderbook
2126503,2026-05-28 00:46:54.704000+00:00,yes,0.5,,0.48,0.52,33.15,33.15,pmxt_archive_orderbook
2126503,2026-05-28 00:46:54.710000+00:00,yes,0.5,,0.48,0.52,33.15,33.15,pmxt_archive_orderbook
2126503,2026-05-28 00:46:54.720000+00:00,yes,0.5,,0.48,0.52,33.15,33.15,pmxt_archive_orderbook
2126503,2026-05-28 00:46:54.725000+00:00,yes,0.5,,0.48,0.52,33.15,33.15,pmxt_archive_orderbook
2126503,2026-05-28 00:46:54.726000+00:00,yes,0.5,,0.48,0.52,33.15,33.15,pmxt_archive_orderbook
2126503,2026-05-28 00:46:54.727000+00:00,yes,0.5,,0.48,0.52,33.15,33.15,pmxt_archive_orderbook
2126503,2026-05-28 00:46:54.740000+00:00,yes,0.5,,0.48,0.52,33.15,33.15,pmxt_archive_orderbook
2126503,2026-05-28 00:46:54.745000+00:00,yes,0.5,,0.48,0.52,33.15,33.15,pmxt_archive_orderbook
2126503,2026-05-28 00:46:54.781000+00:00,yes,0.5,,0.48,0.52,33.15,33.15,pmxt_archive_orderbook
2126503,2026-05-28 00:46:54.785000+00:00,yes,0.5,,0.48,0.52,33.15,33.15,pmxt_archive_orderbook
2126503,2026-05-28 00:46:54.791000+00:00,yes,0.5,,0.48,0.52,33.15,33.15,pmxt_archive_orderbook
2126503,2026-05-28 00:46:54.796000+00:00,yes,0.5,,0.48,0.52,33.15,33.15,pmxt_archive_orderbook
2126503,2026-05-28 00:46:54.798000+00:00,yes,0.5,,0.48,0.52,33.15,33.15,pmxt_archive_orderbook
2126503,2026-05-28 00:46:54.823000+00:00,yes,0.5,,0.48,0.52,33.15,33.15,pmxt_archive_orderbook
2126503,2026-05-28 00:46:54.834000+00:00,yes,0.5,,0.48,0.52,33.15,33.15,pmxt_archive_orderbook
2126503,2026-05-28 00:46:54.864000+00:00,yes,0.5,,0.48,0.52,11.0,33.15,pmxt_archive_orderbook
2126503,2026-05-28 00:46:54.865000+00:00,yes,0.5,,0.48,0.52,11.0,11.0,pmxt_archive_orderbook
2126503,2026-05-28 00:46:54.878000+00:00,yes,0.5,,0.48,0.52,11.0,11.0,pmxt_archive_orderbook
2126503,2026-05-28 00:46:54.880000+00:00,yes,0.5,,0.48,0.52,11.0,11.0,pmxt_archive_orderbook
2126503,2026-05-28 00:46:54.882000+00:00,yes,0.5,,0.48,0.52,11.0,11.0,pmxt_archive_orderbook
2126503,2026-05-28 00:46:54.884000+00:00,yes,0.5,,0.48,0.52,11.0,11.0,pmxt_archive_orderbook
2126503,2026-05-28 00:46:54.891000+00:00,yes,0.5,,0.48,0.52,11.0,11.0,pmxt_archive_orderbook
2126503,2026-05-28 00:46:54.903000+00:00,yes,0.5,,0.48,0.52,11.0,11.0,pmxt_archive_orderbook
2126503,2026-05-28 00:46:54.905000+00:00,yes,0.5,,0.48,0.52,11.0,11.0,pmxt_archive_orderbook
2126503,2026-05-28 00:46:54.908000+00:00,yes,0.5,,0.48,0.52,11.0,11.0,pmxt_archive_orderbook
2126503,2026-05-28 00:46:54.912000+00:00,yes,0.5,,0.48,0.52,11.0,11.0,pmxt_archive_orderbook
2126503,2026-05-28 00:46:54.914000+00:00,yes,0.5,,0.48,0.52,11.0,11.0,pmxt_archive_orderbook
2126503,2026-05-28 00:46:54.935000+00:00,yes,0.5,,0.48,0.52,11.0,11.0,pmxt_archive_orderbook
2126503,2026-05-28 00:46:54.944000+00:00,yes,0.5,,0.48,0.52,11.0,11.0,pmxt_archive_orderbook
2126503,2026-05-28 00:46:54.969000+00:00,yes,0.5,,0.48,0.52,11.0,11.0,pmxt_archive_orderbook
2126503,2026-05-28 00:46:54.971000+00:00,yes,0.5,,0.48,0.52,11.0,11.0,pmxt_archive_orderbook
2126503,2026-05-28 00:46:54.976000+00:00,yes,0.5,,0.48,0.52,11.0,11.0,pmxt_archive_orderbook
2126503,2026-05-28 00:46:54.981000+00:00,yes,0.5,,0.48,0.52,11.0,11.0,pmxt_archive_orderbook
2126503,2026-05-28 00:46:54.982000+00:00,yes,0.5,,0.48,0.52,11.0,11.0,pmxt_archive_orderbook
2126503,2026-05-28 00:46:54.987000+00:00,yes,0.5,,0.48,0.52,11.0,11.0,pmxt_archive_orderbook
2126503,2026-05-28 00:46:55.005000+00:00,yes,0.5,,0.48,0.52,6.0,11.0,pmxt_archive_orderbook
2126503,2026-05-28 00:46:55.006000+00:00,yes,0.495,,0.48,0.51,6.0,40.79,pmxt_archive_orderbook
2126503,2026-05-28 00:46:55.009000+00:00,yes,0.51,,0.48,0.54,6.0,1071.8,pmxt_archive_orderbook
2126503,2026-05-28 00:46:55.010000+00:00,yes,0.505,,0.49,0.52,40.79,6.0,pmxt_archive_orderbook
2126503,2026-05-28 00:46:55.011000+00:00,yes,0.49,,0.46,0.52,1071.8,6.0,pmxt_archive_orderbook
2126503,2026-05-28 00:46:55.016000+00:00,yes,0.49,,0.46,0.52,1071.8,6.0,pmxt_archive_orderbook
2126503,2026-05-28 00:46:55.022000+00:00,yes,0.49,,0.46,0.52,1071.8,6.0,pmxt_archive_orderbook
2126503,2026-05-28 00:46:55.024000+00:00,yes,0.49,,0.46,0.52,1071.8,6.0,pmxt_archive_orderbook
2126503,2026-05-28 00:46:55.029000+00:00,yes,0.54,,0.46,0.62,1071.8,28.0,pmxt_archive_orderbook
2126503,2026-05-28 00:46:55.030000+00:00,yes,0.54,,0.46,0.62,1071.8,28.0,pmxt_archive_orderbook
2126503,2026-05-28 00:46:55.044000+00:00,yes,0.54,,0.46,0.62,1071.8,28.0,pmxt_archive_orderbook
2126503,2026-05-28 00:46:55.045000+00:00,yes,0.54,,0.46,0.62,1071.8,28.0,pmxt_archive_orderbook
2126503,2026-05-28 00:46:55.047000+00:00,yes,0.54,,0.46,0.62,1071.8,28.0,pmxt_archive_orderbook
2126503,2026-05-28 00:46:55.051000+00:00,yes,0.54,,0.46,0.62,1071.8,28.0,pmxt_archive_orderbook
2126503,2026-05-28 00:46:55.053000+00:00,yes,0.45,,0.37,0.53,1000.0,10.0,pmxt_archive_orderbook
2126503,2026-05-28 00:46:55.056000+00:00,yes,0.55,,0.47,0.63,10.0,1000.0,pmxt_archive_orderbook
2126503,2026-05-28 00:46:55.063000+00:00,yes,0.5449999999999999,,0.47,0.62,10.0,19.0,pmxt_archive_orderbook
2126503,2026-05-28 00:46:55.066000+00:00,yes,0.5449999999999999,,0.47,0.62,10.0,19.0,pmxt_archive_orderbook
2126503,2026-05-28 00:46:55.068000+00:00,yes,0.5449999999999999,,0.47,0.62,10.0,19.0,pmxt_archive_orderbook
2126503,2026-05-28 00:46:55.069000+00:00,yes,0.5449999999999999,,0.47,0.62,10.0,19.0,pmxt_archive_orderbook
2126503,2026-05-28 00:46:55.070000+00:00,yes,0.5449999999999999,,0.47,0.62,10.0,19.0,pmxt_archive_orderbook
2126503,2026-05-28 00:46:55.072000+00:00,yes,0.5449999999999999,,0.47,0.62,10.0,19.0,pmxt_archive_orderbook
2126503,2026-05-28 00:46:55.073000+00:00,yes,0.5449999999999999,,0.47,0.62,10.0,19.0,pmxt_archive_orderbook
2126503,2026-05-28 00:46:55.084000+00:00,yes,0.5449999999999999,,0.47,0.62,10.0,19.0,pmxt_archive_orderbook
2126503,2026-05-28 00:46:55.101000+00:00,yes,0.5449999999999999,,0.47,0.62,10.0,19.0,pmxt_archive_orderbook
2126503,2026-05-28 00:46:55.134000+00:00,yes,0.5449999999999999,,0.47,0.62,10.0,19.0,pmxt_archive_orderbook
2126503,2026-05-28 00:46:55.141000+00:00,yes,0.5449999999999999,,0.47,0.62,10.0,19.0,pmxt_archive_orderbook
2126503,2026-05-28 00:46:55.142000+00:00,yes,0.5449999999999999,,0.47,0.62,10.0,19.0,pmxt_archive_orderbook
2126503,2026-05-28 00:46:55.170000+00:00,yes,0.5449999999999999,,0.47,0.62,10.0,19.0,pmxt_archive_orderbook
2126503,2026-05-28 00:46:55.176000+00:00,yes,0.5449999999999999,,0.47,0.62,10.0,19.0,pmxt_archive_orderbook
2126503,2026-05-28 00:46:55.188000+00:00,yes,0.5449999999999999,,0.47,0.62,10.0,19.0,pmxt_archive_orderbook
2126503,2026-05-28 00:46:55.195000+00:00,yes,0.5449999999999999,,0.47,0.62,10.0,19.0,pmxt_archive_orderbook
2126503,2026-05-28 00:46:55.197000+00:00,yes,0.5449999999999999,,0.47,0.62,10.0,19.0,pmxt_archive_orderbook
2126503,2026-05-28 00:46:55.204000+00:00,yes,0.5449999999999999,,0.47,0.62,10.0,19.0,pmxt_archive_orderbook
2126503,2026-05-28 00:46:55.206000+00:00,yes,0.5449999999999999,,0.47,0.62,10.0,19.0,pmxt_archive_orderbook
2126503,2026-05-28 00:46:55.208000+00:00,yes,0.5449999999999999,,0.47,0.62,10.0,19.0,pmxt_archive_orderbook
2126503,2026-05-28 00:46:55.223000+00:00,yes,0.5449999999999999,,0.47,0.62,10.0,19.0,pmxt_archive_orderbook
2126503,2026-05-28 00:46:55.246000+00:00,yes,0.5449999999999999,,0.47,0.62,10.0,19.0,pmxt_archive_orderbook
2126503,2026-05-28 00:46:55.248000+00:00,yes,0.5449999999999999,,0.47,0.62,10.0,19.0,pmxt_archive_orderbook
2126503,2026-05-28 00:46:55.259000+00:00,yes,0.52,,0.47,0.57,10.0,19.0,pmxt_archive_orderbook
2126503,2026-05-28 00:46:55.261000+00:00,yes,0.52,,0.47,0.57,10.0,19.0,pmxt_archive_orderbook
2126503,2026-05-28 00:46:55.262000+00:00,yes,0.5349999999999999,,0.47,0.6,10.0,9.0,pmxt_archive_orderbook
2126503,2026-05-28 00:46:55.264000+00:00,yes,0.5349999999999999,,0.47,0.6,10.0,9.0,pmxt_archive_orderbook
2126503,2026-05-28 00:46:55.266000+00:00,yes,0.515,,0.47,0.56,10.0,11.0,pmxt_archive_orderbook
2126503,2026-05-28 00:46:55.269000+00:00,yes,0.515,,0.47,0.56,10.0,11.0,pmxt_archive_orderbook
2126503,2026-05-28 00:46:55.271000+00:00,yes,0.515,,0.47,0.56,10.0,11.0,pmxt_archive_orderbook
2126503,2026-05-28 00:46:55.275000+00:00,yes,0.5349999999999999,,0.47,0.6,10.0,9.0,pmxt_archive_orderbook
2126503,2026-05-28 00:46:55.281000+00:00,yes,0.5349999999999999,,0.47,0.6,10.0,9.0,pmxt_archive_orderbook
2126503,2026-05-28 00:46:55.314000+00:00,yes,0.515,,0.47,0.56,10.0,11.0,pmxt_archive_orderbook
2126503,2026-05-28 00:46:55.319000+00:00,yes,0.5349999999999999,,0.47,0.6,10.0,9.0,pmxt_archive_orderbook
2126503,2026-05-28 00:46:55.339000+00:00,yes,0.5349999999999999,,0.47,0.6,10.0,9.0,pmxt_archive_orderbook
2126503,2026-05-28 00:46:55.350000+00:00,yes,0.5349999999999999,,0.47,0.6,10.0,9.0,pmxt_archive_orderbook
2126503,2026-05-28 00:46:55.358000+00:00,yes,0.5349999999999999,,0.47,0.6,10.0,9.0,pmxt_archive_orderbook
2126503,2026-05-28 00:46:55.365000+00:00,yes,0.5349999999999999,,0.47,0.6,10.0,9.0,pmxt_archive_orderbook
2126503,2026-05-28 00:46:55.366000+00:00,yes,0.5349999999999999,,0.47,0.6,10.0,9.0,pmxt_archive_orderbook
2126503,2026-05-28 00:46:55.368000+00:00,yes,0.5349999999999999,,0.47,0.6,10.0,9.0,pmxt_archive_orderbook
2126503,2026-05-28 00:46:55.370000+00:00,yes,0.5249999999999999,,0.47,0.58,10.0,19.0,pmxt_archive_orderbook
2126503,2026-05-28 00:46:55.373000+00:00,yes,0.5349999999999999,,0.47,0.6,10.0,9.0,pmxt_archive_orderbook
2126503,2026-05-28 00:46:55.377000+00:00,yes,0.5249999999999999,,0.47,0.58,10.0,19.0,pmxt_archive_orderbook
2126503,2026-05-28 00:46:55.380000+00:00,yes,0.5349999999999999,,0.47,0.6,10.0,9.0,pmxt_archive_orderbook
2126503,2026-05-28 00:46:55.383000+00:00,yes,0.5249999999999999,,0.47,0.58,10.0,19.0,pmxt_archive_orderbook
2126503,2026-05-28 00:46:55.385000+00:00,yes,0.5249999999999999,,0.47,0.58,10.0,19.0,pmxt_archive_orderbook
2126503,2026-05-28 00:46:55.404000+00:00,yes,0.5349999999999999,,0.47,0.6,10.0,9.0,pmxt_archive_orderbook
2126503,2026-05-28 00:46:55.412000+00:00,yes,0.5349999999999999,,0.47,0.6,10.0,9.0,pmxt_archive_orderbook
2126503,2026-05-28 00:46:55.430000+00:00,yes,0.5249999999999999,,0.47,0.58,10.0,19.0,pmxt_archive_orderbook
2126503,2026-05-28 00:46:55.433000+00:00,yes,0.5249999999999999,,0.47,0.58,10.0,19.0,pmxt_archive_orderbook
2126503,2026-05-28 00:46:55.436000+00:00,yes,0.5349999999999999,,0.47,0.6,10.0,9.0,pmxt_archive_orderbook
2126503,2026-05-28 00:46:55.437000+00:00,yes,0.5349999999999999,,0.47,0.6,10.0,9.0,pmxt_archive_orderbook
2126503,2026-05-28 00:46:55.439000+00:00,yes,0.5349999999999999,,0.47,0.6,10.0,9.0,pmxt_archive_orderbook
2126503,2026-05-28 00:46:55.443000+00:00,yes,0.5349999999999999,,0.47,0.6,10.0,9.0,pmxt_archive_orderbook
2126503,2026-05-28 00:46:55.467000+00:00,yes,0.5349999999999999,,0.47,0.6,10.0,9.0,pmxt_archive_orderbook
2126503,2026-05-28 00:46:55.481000+00:00,yes,0.5349999999999999,,0.47,0.6,10.0,9.0,pmxt_archive_orderbook
2126503,2026-05-28 00:46:55.486000+00:00,yes,0.5349999999999999,,0.47,0.6,10.0,9.0,pmxt_archive_orderbook
2126503,2026-05-28 00:46:55.543000+00:00,yes,0.52,,0.47,0.57,10.0,5.0,pmxt_archive_orderbook
2126503,2026-05-28 00:46:55.546000+00:00,yes,0.52,,0.47,0.57,10.0,5.0,pmxt_archive_orderbook
2126503,2026-05-28 00:46:55.548000+00:00,yes,0.52,,0.47,0.57,10.0,5.0,pmxt_archive_orderbook
2126503,2026-05-28 00:46:55.550000+00:00,yes,0.52,,0.47,0.57,10.0,5.0,pmxt_archive_orderbook
2126503,2026-05-28 00:46:55.602000+00:00,yes,0.52,,0.47,0.57,10.0,5.0,pmxt_archive_orderbook
2126503,2026-05-28 00:46:55.604000+00:00,yes,0.5349999999999999,,0.47,0.6,10.0,9.0,pmxt_archive_orderbook
2126503,2026-05-28 00:46:55.606000+00:00,yes,0.5349999999999999,,0.47,0.6,10.0,9.0,pmxt_archive_orderbook
2126503,2026-05-28 00:46:55.651000+00:00,yes,0.5349999999999999,,0.47,0.6,10.0,9.0,pmxt_archive_orderbook
2126503,2026-05-28 00:46:55.653000+00:00,yes,0.5349999999999999,,0.47,0.6,10.0,9.0,pmxt_archive_orderbook
2126503,2026-05-28 00:46:55.717000+00:00,yes,0.5349999999999999,,0.47,0.6,10.0,9.0,pmxt_archive_orderbook
2126503,2026-05-28 00:46:55.745000+00:00,yes,0.5349999999999999,,0.47,0.6,10.0,9.0,pmxt_archive_orderbook
2126503,2026-05-28 00:46:55.774000+00:00,yes,0.5349999999999999,,0.47,0.6,10.0,9.0,pmxt_archive_orderbook
2126503,2026-05-28 00:46:55.778000+00:00,yes,0.5349999999999999,,0.47,0.6,10.0,9.0,pmxt_archive_orderbook
2126503,2026-05-28 00:46:55.783000+00:00,yes,0.5349999999999999,,0.47,0.6,10.0,9.0,pmxt_archive_orderbook
2126503,2026-05-28 00:46:55.786000+00:00,yes,0.5349999999999999,,0.47,0.6,10.0,9.0,pmxt_archive_orderbook
2126503,2026-05-28 00:46:55.788000+00:00,yes,0.5349999999999999,,0.47,0.6,10.0,9.0,pmxt_archive_orderbook
2126503,2026-05-28 00:46:55.789000+00:00,yes,0.5349999999999999,,0.47,0.6,10.0,9.0,pmxt_archive_orderbook
2126503,2026-05-28 00:46:55.799000+00:00,yes,0.5349999999999999,,0.47,0.6,10.0,50.0,pmxt_archive_orderbook
2126503,2026-05-28 00:46:55.807000+00:00,yes,0.5349999999999999,,0.47,0.6,10.0,50.0,pmxt_archive_orderbook
2126503,2026-05-28 00:46:55.810000+00:00,yes,0.5349999999999999,,0.47,0.6,10.0,50.0,pmxt_archive_orderbook
2126503,2026-05-28 00:46:55.817000+00:00,yes,0.5349999999999999,,0.47,0.6,10.0,50.0,pmxt_archive_orderbook
2126503,2026-05-28 00:46:55.819000+00:00,yes,0.5349999999999999,,0.47,0.6,10.0,50.0,pmxt_archive_orderbook
2126503,2026-05-28 00:46:55.820000+00:00,yes,0.5349999999999999,,0.47,0.6,10.0,50.0,pmxt_archive_orderbook
2126503,2026-05-28 00:46:55.822000+00:00,yes,0.5349999999999999,,0.47,0.6,10.0,50.0,pmxt_archive_orderbook
2126503,2026-05-28 00:46:55.824000+00:00,yes,0.5349999999999999,,0.47,0.6,10.0,50.0,pmxt_archive_orderbook
2126503,2026-05-28 00:46:55.834000+00:00,yes,0.5349999999999999,,0.47,0.6,10.0,50.0,pmxt_archive_orderbook
2126503,2026-05-28 00:46:55.847000+00:00,yes,0.5349999999999999,,0.47,0.6,10.0,50.0,pmxt_archive_orderbook
2126503,2026-05-28 00:46:55.851000+00:00,yes,0.5349999999999999,,0.47,0.6,10.0,50.0,pmxt_archive_orderbook
2126503,2026-05-28 00:46:55.863000+00:00,yes,0.5349999999999999,,0.47,0.6,10.0,50.0,pmxt_archive_orderbook
2126503,2026-05-28 00:46:55.871000+00:00,yes,0.5349999999999999,,0.47,0.6,10.0,50.0,pmxt_archive_orderbook
2126503,2026-05-28 00:46:55.882000+00:00,yes,0.5349999999999999,,0.47,0.6,10.0,50.0,pmxt_archive_orderbook
2126503,2026-05-28 00:46:55.883000+00:00,yes,0.5449999999999999,,0.47,0.62,10.0,19.0,pmxt_archive_orderbook
2126503,2026-05-28 00:46:55.886000+00:00,yes,0.5449999999999999,,0.47,0.62,10.0,19.0,pmxt_archive_orderbook
2126503,2026-05-28 00:46:55.890000+00:00,yes,0.5449999999999999,,0.47,0.62,10.0,19.0,pmxt_archive_orderbook
2126503,2026-05-28 00:46:55.899000+00:00,yes,0.5449999999999999,,0.47,0.62,10.0,19.0,pmxt_archive_orderbook
2126503,2026-05-28 00:46:55.958000+00:00,yes,0.5449999999999999,,0.47,0.62,10.0,19.0,pmxt_archive_orderbook
2126503,2026-05-28 00:46:55.962000+00:00,yes,0.5449999999999999,,0.47,0.62,10.0,19.0,pmxt_archive_orderbook
2126503,2026-05-28 00:46:55.963000+00:00,yes,0.5449999999999999,,0.47,0.62,10.0,19.0,pmxt_archive_orderbook
2126503,2026-05-28 00:46:55.976000+00:00,yes,0.5449999999999999,,0.47,0.62,10.0,19.0,pmxt_archive_orderbook
2126503,2026-05-28 00:46:55.981000+00:00,yes,0.5449999999999999,,0.47,0.62,10.0,19.0,pmxt_archive_orderbook
2126503,2026-05-28 00:46:55.997000+00:00,yes,0.505,,0.47,0.54,10.0,1062.53,pmxt_archive_orderbook
2126503,2026-05-28 00:46:56.004000+00:00,yes,0.47000000000000003,,0.4,0.54,9.0,1062.53,pmxt_archive_orderbook
2126503,2026-05-28 00:46:56.006000+00:00,yes,0.5800000000000001,,0.56,0.6,8.0,9.0,pmxt_archive_orderbook
2126503,2026-05-28 00:46:56.039000+00:00,yes,0.42000000000000004,,0.4,0.44,9.0,8.0,pmxt_archive_orderbook
2126503,2026-05-28 00:46:56.042000+00:00,yes,0.42000000000000004,,0.4,0.44,9.0,8.0,pmxt_archive_orderbook
2126503,2026-05-28 00:46:56.050000+00:00,yes,0.42000000000000004,,0.4,0.44,9.0,8.0,pmxt_archive_orderbook
2126503,2026-05-28 00:46:56.112000+00:00,yes,0.42000000000000004,,0.4,0.44,9.0,8.0,pmxt_archive_orderbook
2126503,2026-05-28 00:46:56.149000+00:00,yes,0.42000000000000004,,0.4,0.44,9.0,8.0,pmxt_archive_orderbook
2126503,2026-05-28 00:46:56.203000+00:00,yes,0.42000000000000004,,0.4,0.44,9.0,8.0,pmxt_archive_orderbook
2126503,2026-05-28 00:46:56.210000+00:00,yes,0.42000000000000004,,0.4,0.44,9.0,8.0,pmxt_archive_orderbook
2126503,2026-05-28 00:46:56.245000+00:00,yes,0.42000000000000004,,0.4,0.44,9.0,8.0,pmxt_archive_orderbook
2126503,2026-05-28 00:46:56.264000+00:00,yes,0.42000000000000004,,0.4,0.44,9.0,8.0,pmxt_archive_orderbook
2126503,2026-05-28 00:46:56.270000+00:00,yes,0.42000000000000004,,0.4,0.44,9.0,8.0,pmxt_archive_orderbook
2126503,2026-05-28 00:46:56.280000+00:00,yes,0.42000000000000004,,0.4,0.44,9.0,8.0,pmxt_archive_orderbook
2126503,2026-05-28 00:46:56.289000+00:00,yes,0.42000000000000004,,0.4,0.44,9.0,8.0,pmxt_archive_orderbook
2126503,2026-05-28 00:46:56.329000+00:00,yes,0.425,,0.41,0.44,100.0,8.0,pmxt_archive_orderbook
2126503,2026-05-28 00:46:56.330000+00:00,yes,0.425,,0.41,0.44,100.0,8.0,pmxt_archive_orderbook
2126503,2026-05-28 00:46:56.335000+00:00,yes,0.425,,0.41,0.44,100.0,8.0,pmxt_archive_orderbook
2126503,2026-05-28 00:46:56.345000+00:00,yes,0.425,,0.41,0.44,100.0,8.0,pmxt_archive_orderbook
2126503,2026-05-28 00:46:56.353000+00:00,yes,0.425,,0.41,0.44,100.0,8.0,pmxt_archive_orderbook
2126503,2026-05-28 00:46:56.354000+00:00,yes,0.425,,0.41,0.44,100.0,8.0,pmxt_archive_orderbook
2126503,2026-05-28 00:46:56.373000+00:00,yes,0.425,,0.41,0.44,100.0,8.0,pmxt_archive_orderbook
2126503,2026-05-28 00:46:56.375000+00:00,yes,0.425,,0.41,0.44,100.0,8.0,pmxt_archive_orderbook
2126503,2026-05-28 00:46:56.379000+00:00,yes,0.425,,0.41,0.44,100.0,8.0,pmxt_archive_orderbook
2126503,2026-05-28 00:46:56.385000+00:00,yes,0.425,,0.41,0.44,100.0,8.0,pmxt_archive_orderbook
2126503,2026-05-28 00:46:56.401000+00:00,yes,0.425,,0.41,0.44,100.0,8.0,pmxt_archive_orderbook
2126503,2026-05-28 00:46:56.407000+00:00,yes,0.425,,0.41,0.44,100.0,8.0,pmxt_archive_orderbook
2126503,2026-05-28 00:46:56.409000+00:00,yes,0.425,,0.41,0.44,100.0,8.0,pmxt_archive_orderbook
2126503,2026-05-28 00:46:56.412000+00:00,yes,0.425,,0.41,0.44,100.0,8.0,pmxt_archive_orderbook
2126503,2026-05-28 00:46:56.423000+00:00,yes,0.425,,0.41,0.44,100.0,8.0,pmxt_archive_orderbook
2126503,2026-05-28 00:46:56.483000+00:00,yes,0.425,,0.41,0.44,100.0,8.0,pmxt_archive_orderbook
2126503,2026-05-28 00:46:56.489000+00:00,yes,0.425,,0.41,0.44,100.0,8.0,pmxt_archive_orderbook
2126503,2026-05-28 00:46:56.496000+00:00,yes,0.425,,0.41,0.44,100.0,8.0,pmxt_archive_orderbook
2126503,2026-05-28 00:46:56.497000+00:00,yes,0.425,,0.41,0.44,100.0,8.0,pmxt_archive_orderbook
2126503,2026-05-28 00:46:56.511000+00:00,yes,0.425,,0.41,0.44,100.0,8.0,pmxt_archive_orderbook
2126503,2026-05-28 00:46:56.513000+00:00,yes,0.425,,0.41,0.44,100.0,8.0,pmxt_archive_orderbook
2126503,2026-05-28 00:46:56.518000+00:00,yes,0.425,,0.41,0.44,100.0,8.0,pmxt_archive_orderbook
2126503,2026-05-28 00:46:56.537000+00:00,yes,0.425,,0.41,0.44,100.0,8.0,pmxt_archive_orderbook
2126503,2026-05-28 00:46:56.542000+00:00,yes,0.425,,0.41,0.44,100.0,8.0,pmxt_archive_orderbook
2126503,2026-05-28 00:46:56.567000+00:00,yes,0.425,,0.41,0.44,100.0,8.0,pmxt_archive_orderbook
2126503,2026-05-28 00:46:56.579000+00:00,yes,0.425,,0.41,0.44,100.0,8.0,pmxt_archive_orderbook
2126503,2026-05-28 00:46:56.603000+00:00,yes,0.445,,0.45,0.44,66.66,8.0,pmxt_archive_orderbook
2126503,2026-05-28 00:46:56.684000+00:00,yes,0.445,,0.45,0.44,66.66,8.0,pmxt_archive_orderbook
2126503,2026-05-28 00:46:56.711000+00:00,yes,0.445,,0.45,0.44,66.66,8.0,pmxt_archive_orderbook
2126503,2026-05-28 00:46:56.721000+00:00,yes,0.445,,0.45,0.44,66.66,8.0,pmxt_archive_orderbook
2126503,2026-05-28 00:46:56.725000+00:00,yes,0.445,,0.45,0.44,66.66,8.0,pmxt_archive_orderbook
2126503,2026-05-28 00:46:56.726000+00:00,yes,0.445,,0.45,0.44,66.66,8.0,pmxt_archive_orderbook
2126503,2026-05-28 00:46:56.737000+00:00,yes,0.445,,0.45,0.44,66.66,8.0,pmxt_archive_orderbook
2126503,2026-05-28 00:46:56.760000+00:00,yes,0.46499999999999997,,0.49,0.44,61.22,8.0,pmxt_archive_orderbook
2126503,2026-05-28 00:46:56.763000+00:00,yes,0.46499999999999997,,0.49,0.44,61.22,8.0,pmxt_archive_orderbook
2126503,2026-05-28 00:46:56.769000+00:00,yes,0.46499999999999997,,0.49,0.44,61.22,8.0,pmxt_archive_orderbook
2126503,2026-05-28 00:46:56.774000+00:00,yes,0.46499999999999997,,0.49,0.44,61.22,8.0,pmxt_archive_orderbook
2126503,2026-05-28 00:46:56.776000+00:00,yes,0.46499999999999997,,0.49,0.44,61.22,8.0,pmxt_archive_orderbook
2126503,2026-05-28 00:46:56.781000+00:00,yes,0.46499999999999997,,0.49,0.44,61.22,8.0,pmxt_archive_orderbook
2126503,2026-05-28 00:46:56.785000+00:00,yes,0.46499999999999997,,0.49,0.44,61.22,8.0,pmxt_archive_orderbook
2126503,2026-05-28 00:46:56.789000+00:00,yes,0.46499999999999997,,0.49,0.44,61.22,8.0,pmxt_archive_orderbook
2126503,2026-05-28 00:46:56.832000+00:00,yes,0.46499999999999997,,0.49,0.44,61.22,8.0,pmxt_archive_orderbook
2126503,2026-05-28 00:46:56.833000+00:00,yes,0.46499999999999997,,0.49,0.44,61.22,8.0,pmxt_archive_orderbook
2126503,2026-05-28 00:46:56.835000+00:00,yes,0.46499999999999997,,0.49,0.44,61.22,8.0,pmxt_archive_orderbook
2126503,2026-05-28 00:46:56.839000+00:00,yes,0.46499999999999997,,0.49,0.44,61.22,8.0,pmxt_archive_orderbook
2126503,2026-05-28 00:46:56.859000+00:00,yes,0.46499999999999997,,0.49,0.44,61.22,8.0,pmxt_archive_orderbook
2126503,2026-05-28 00:46:56.875000+00:00,yes,0.46499999999999997,,0.49,0.44,61.22,8.0,pmxt_archive_orderbook
2126503,2026-05-28 00:46:56.876000+00:00,yes,0.46499999999999997,,0.49,0.44,61.22,8.0,pmxt_archive_orderbook
2126503,2026-05-28 00:46:56.877000+00:00,yes,0.46499999999999997,,0.49,0.44,61.22,8.0,pmxt_archive_orderbook
2126503,2026-05-28 00:46:56.880000+00:00,yes,0.46499999999999997,,0.49,0.44,61.22,8.0,pmxt_archive_orderbook
2126503,2026-05-28 00:46:56.882000+00:00,yes,0.46499999999999997,,0.49,0.44,61.22,8.0,pmxt_archive_orderbook
2126503,2026-05-28 00:46:56.962000+00:00,yes,0.46499999999999997,,0.49,0.44,61.22,8.0,pmxt_archive_orderbook
2126503,2026-05-28 00:46:56.968000+00:00,yes,0.46499999999999997,,0.49,0.44,61.22,8.0,pmxt_archive_orderbook
2126503,2026-05-28 00:46:56.987000+00:00,yes,0.46499999999999997,,0.49,0.44,61.22,8.0,pmxt_archive_orderbook
2126503,2026-05-28 00:46:56.991000+00:00,yes,0.46499999999999997,,0.49,0.44,61.22,8.0,pmxt_archive_orderbook
2126503,2026-05-28 00:46:57.008000+00:00,yes,0.46499999999999997,,0.49,0.44,61.22,8.0,pmxt_archive_orderbook
2126503,2026-05-28 00:46:57.034000+00:00,yes,0.46499999999999997,,0.49,0.44,61.22,8.0,pmxt_archive_orderbook
2126503,2026-05-28 00:46:57.038000+00:00,yes,0.46499999999999997,,0.49,0.44,61.22,8.0,pmxt_archive_orderbook
2126503,2026-05-28 00:46:57.041000+00:00,yes,0.46499999999999997,,0.49,0.44,61.22,8.0,pmxt_archive_orderbook
2126503,2026-05-28 00:46:57.062000+00:00,yes,0.46499999999999997,,0.49,0.44,61.22,8.0,pmxt_archive_orderbook
2126503,2026-05-28 00:46:57.071000+00:00,yes,0.46499999999999997,,0.49,0.44,61.22,8.0,pmxt_archive_orderbook
2126503,2026-05-28 00:46:57.083000+00:00,yes,0.46499999999999997,,0.49,0.44,61.22,8.0,pmxt_archive_orderbook
2126503,2026-05-28 00:46:57.104000+00:00,yes,0.46499999999999997,,0.49,0.44,61.22,8.0,pmxt_archive_orderbook
2126503,2026-05-28 00:46:57.105000+00:00,yes,0.46499999999999997,,0.49,0.44,61.22,8.0,pmxt_archive_orderbook
2126503,2026-05-28 00:46:57.117000+00:00,yes,0.46499999999999997,,0.49,0.44,61.22,8.0,pmxt_archive_orderbook
2126503,2026-05-28 00:46:57.121000+00:00,yes,0.46499999999999997,,0.49,0.44,61.22,8.0,pmxt_archive_orderbook
2126503,2026-05-28 00:46:57.173000+00:00,yes,0.46499999999999997,,0.49,0.44,61.22,8.0,pmxt_archive_orderbook
2126503,2026-05-28 00:46:57.238000+00:00,yes,0.46499999999999997,,0.49,0.44,61.22,8.0,pmxt_archive_orderbook
2126503,2026-05-28 00:46:57.351000+00:00,yes,0.46499999999999997,,0.49,0.44,61.22,8.0,pmxt_archive_orderbook
2126503,2026-05-28 00:46:57.430000+00:00,yes,0.46499999999999997,,0.49,0.44,61.22,8.0,pmxt_archive_orderbook
2126503,2026-05-28 00:46:57.431000+00:00,yes,0.46499999999999997,,0.49,0.44,61.22,8.0,pmxt_archive_orderbook
2126503,2026-05-28 00:46:57.440000+00:00,yes,0.46499999999999997,,0.49,0.44,61.22,8.0,pmxt_archive_orderbook
2126503,2026-05-28 00:46:57.445000+00:00,yes,0.46499999999999997,,0.49,0.44,61.22,8.0,pmxt_archive_orderbook
2126503,2026-05-28 00:46:57.495000+00:00,yes,0.46499999999999997,,0.49,0.44,61.22,8.0,pmxt_archive_orderbook
2126503,2026-05-28 00:46:57.498000+00:00,yes,0.46499999999999997,,0.49,0.44,61.22,8.0,pmxt_archive_orderbook
2126503,2026-05-28 00:46:57.535000+00:00,yes,0.46499999999999997,,0.49,0.44,61.22,8.0,pmxt_archive_orderbook
2126503,2026-05-28 00:46:57.650000+00:00,yes,0.46499999999999997,,0.49,0.44,61.22,8.0,pmxt_archive_orderbook
2126503,2026-05-28 00:46:57.657000+00:00,yes,0.46499999999999997,,0.49,0.44,61.22,8.0,pmxt_archive_orderbook
2126503,2026-05-28 00:46:57.663000+00:00,yes,0.46499999999999997,,0.49,0.44,61.22,8.0,pmxt_archive_orderbook
2126503,2026-05-28 00:46:57.668000+00:00,yes,0.46499999999999997,,0.49,0.44,61.22,8.0,pmxt_archive_orderbook
2126503,2026-05-28 00:46:57.688000+00:00,yes,0.46499999999999997,,0.49,0.44,61.22,8.0,pmxt_archive_orderbook
2126503,2026-05-28 00:46:57.699000+00:00,yes,0.46499999999999997,,0.49,0.44,61.22,8.0,pmxt_archive_orderbook
2126503,2026-05-28 00:46:57.706000+00:00,yes,0.46499999999999997,,0.49,0.44,61.22,8.0,pmxt_archive_orderbook
2126503,2026-05-28 00:46:57.709000+00:00,yes,0.46499999999999997,,0.49,0.44,61.22,8.0,pmxt_archive_orderbook
2126503,2026-05-28 00:46:57.719000+00:00,yes,0.46499999999999997,,0.49,0.44,61.22,8.0,pmxt_archive_orderbook
2126503,2026-05-28 00:46:57.728000+00:00,yes,0.46499999999999997,,0.49,0.44,61.22,8.0,pmxt_archive_orderbook
2126503,2026-05-28 00:46:57.732000+00:00,yes,0.46499999999999997,,0.49,0.44,61.22,8.0,pmxt_archive_orderbook
2126503,2026-05-28 00:46:57.739000+00:00,yes,0.46499999999999997,,0.49,0.44,61.22,8.0,pmxt_archive_orderbook
2126503,2026-05-28 00:46:57.750000+00:00,yes,0.46499999999999997,,0.49,0.44,61.22,8.0,pmxt_archive_orderbook
2126503,2026-05-28 00:46:57.751000+00:00,yes,0.46499999999999997,,0.49,0.44,61.22,8.0,pmxt_archive_orderbook
2126503,2026-05-28 00:46:57.772000+00:00,yes,0.46499999999999997,,0.49,0.44,61.22,8.0,pmxt_archive_orderbook
2126503,2026-05-28 00:46:57.807000+00:00,yes,0.46499999999999997,,0.49,0.44,61.22,8.0,pmxt_archive_orderbook
2126503,2026-05-28 00:46:57.895000+00:00,yes,0.46499999999999997,,0.49,0.44,61.22,8.0,pmxt_archive_orderbook
2126503,2026-05-28 00:46:57.906000+00:00,yes,0.46499999999999997,,0.49,0.44,61.22,8.0,pmxt_archive_orderbook
2126503,2026-05-28 00:46:57.972000+00:00,yes,0.46499999999999997,,0.49,0.44,61.22,8.0,pmxt_archive_orderbook
2126503,2026-05-28 00:46:58.051000+00:00,yes,0.46499999999999997,,0.49,0.44,61.22,8.0,pmxt_archive_orderbook
2126503,2026-05-28 00:46:58.096000+00:00,yes,0.46499999999999997,,0.49,0.44,61.22,8.0,pmxt_archive_orderbook
2126503,2026-05-28 00:46:58.106000+00:00,yes,0.46499999999999997,,0.49,0.44,61.22,8.0,pmxt_archive_orderbook
2126503,2026-05-28 00:46:58.119000+00:00,yes,0.46499999999999997,,0.49,0.44,61.22,8.0,pmxt_archive_orderbook
2126503,2026-05-28 00:46:58.127000+00:00,yes,0.46499999999999997,,0.49,0.44,61.22,8.0,pmxt_archive_orderbook
2126503,2026-05-28 00:46:58.149000+00:00,yes,0.46499999999999997,,0.49,0.44,61.22,8.0,pmxt_archive_orderbook
2126503,2026-05-28 00:46:58.287000+00:00,yes,0.46499999999999997,,0.49,0.44,61.22,8.0,pmxt_archive_orderbook
2126503,2026-05-28 00:46:58.322000+00:00,yes,0.46499999999999997,,0.49,0.44,61.22,8.0,pmxt_archive_orderbook
2126503,2026-05-28 00:46:58.328000+00:00,yes,0.46499999999999997,,0.49,0.44,61.22,8.0,pmxt_archive_orderbook
2126503,2026-05-28 00:46:58.361000+00:00,yes,0.46499999999999997,,0.49,0.44,61.22,8.0,pmxt_archive_orderbook
2126503,2026-05-28 00:46:58.373000+00:00,yes,0.46499999999999997,,0.49,0.44,61.22,8.0,pmxt_archive_orderbook
2126503,2026-05-28 00:46:58.392000+00:00,yes,0.46499999999999997,,0.49,0.44,61.22,8.0,pmxt_archive_orderbook
2126503,2026-05-28 00:46:58.395000+00:00,yes,0.46499999999999997,,0.49,0.44,61.22,8.0,pmxt_archive_orderbook
2126503,2026-05-28 00:46:58.396000+00:00,yes,0.46499999999999997,,0.49,0.44,61.22,8.0,pmxt_archive_orderbook
2126503,2026-05-28 00:46:58.397000+00:00,yes,0.46499999999999997,,0.49,0.44,61.22,8.0,pmxt_archive_orderbook
2126503,2026-05-28 00:46:58.400000+00:00,yes,0.46499999999999997,,0.49,0.44,61.22,8.0,pmxt_archive_orderbook
2126503,2026-05-28 00:46:58.404000+00:00,yes,0.46499999999999997,,0.49,0.44,61.22,8.0,pmxt_archive_orderbook
2126503,2026-05-28 00:46:58.420000+00:00,yes,0.46499999999999997,,0.49,0.44,61.22,8.0,pmxt_archive_orderbook
2126503,2026-05-28 00:46:58.424000+00:00,yes,0.46499999999999997,,0.49,0.44,61.22,8.0,pmxt_archive_orderbook
2126503,2026-05-28 00:46:58.430000+00:00,yes,0.46499999999999997,,0.49,0.44,61.22,8.0,pmxt_archive_orderbook
2126503,2026-05-28 00:46:58.453000+00:00,yes,0.46499999999999997,,0.49,0.44,61.22,8.0,pmxt_archive_orderbook
2126503,2026-05-28 00:46:58.454000+00:00,yes,0.46499999999999997,,0.49,0.44,61.22,8.0,pmxt_archive_orderbook
2126503,2026-05-28 00:46:58.459000+00:00,yes,0.46499999999999997,,0.49,0.44,61.22,8.0,pmxt_archive_orderbook
2126503,2026-05-28 00:46:58.461000+00:00,yes,0.46499999999999997,,0.49,0.44,61.22,8.0,pmxt_archive_orderbook
2126503,2026-05-28 00:46:58.462000+00:00,yes,0.46499999999999997,,0.49,0.44,61.22,8.0,pmxt_archive_orderbook
2126503,2026-05-28 00:46:58.484000+00:00,yes,0.46499999999999997,,0.49,0.44,61.22,8.0,pmxt_archive_orderbook
2126503,2026-05-28 00:46:58.486000+00:00,yes,0.46499999999999997,,0.49,0.44,61.22,8.0,pmxt_archive_orderbook
2126503,2026-05-28 00:46:58.513000+00:00,yes,0.46499999999999997,,0.49,0.44,61.22,8.0,pmxt_archive_orderbook
2126503,2026-05-28 00:46:58.516000+00:00,yes,0.46499999999999997,,0.49,0.44,61.22,8.0,pmxt_archive_orderbook
2126503,2026-05-28 00:46:58.520000+00:00,yes,0.46499999999999997,,0.49,0.44,61.22,8.0,pmxt_archive_orderbook
2126503,2026-05-28 00:46:58.525000+00:00,yes,0.46499999999999997,,0.49,0.44,61.22,8.0,pmxt_archive_orderbook
2126503,2026-05-28 00:46:58.526000+00:00,yes,0.46499999999999997,,0.49,0.44,61.22,8.0,pmxt_archive_orderbook
2126503,2026-05-28 00:46:58.559000+00:00,yes,0.46499999999999997,,0.49,0.44,61.22,8.0,pmxt_archive_orderbook
2126503,2026-05-28 00:46:58.578000+00:00,yes,0.46499999999999997,,0.49,0.44,61.22,8.0,pmxt_archive_orderbook
2126503,2026-05-28 00:46:58.618000+00:00,yes,0.46499999999999997,,0.49,0.44,61.22,8.0,pmxt_archive_orderbook
2126503,2026-05-28 00:46:58.620000+00:00,yes,0.46499999999999997,,0.49,0.44,61.22,8.0,pmxt_archive_orderbook
2126503,2026-05-28 00:46:58.628000+00:00,yes,0.46499999999999997,,0.49,0.44,61.22,8.0,pmxt_archive_orderbook
2126503,2026-05-28 00:46:58.629000+00:00,yes,0.46499999999999997,,0.49,0.44,61.22,8.0,pmxt_archive_orderbook
2126503,2026-05-28 00:46:58.660000+00:00,yes,0.46499999999999997,,0.49,0.44,61.22,8.0,pmxt_archive_orderbook
2126503,2026-05-28 00:46:58.672000+00:00,yes,0.46499999999999997,,0.49,0.44,61.22,8.0,pmxt_archive_orderbook
2126503,2026-05-28 00:46:58.677000+00:00,yes,0.46499999999999997,,0.49,0.44,61.22,8.0,pmxt_archive_orderbook
2126503,2026-05-28 00:46:58.698000+00:00,yes,0.46499999999999997,,0.49,0.44,61.22,8.0,pmxt_archive_orderbook
2126503,2026-05-28 00:46:58.714000+00:00,yes,0.46499999999999997,,0.49,0.44,61.22,8.0,pmxt_archive_orderbook
2126503,2026-05-28 00:46:58.736000+00:00,yes,0.46499999999999997,,0.49,0.44,61.22,8.0,pmxt_archive_orderbook
2126503,2026-05-28 00:46:58.742000+00:00,yes,0.46499999999999997,,0.49,0.44,61.22,8.0,pmxt_archive_orderbook
2126503,2026-05-28 00:46:58.744000+00:00,yes,0.46499999999999997,,0.49,0.44,61.22,8.0,pmxt_archive_orderbook
2126503,2026-05-28 00:46:58.784000+00:00,yes,0.46499999999999997,,0.49,0.44,61.22,8.0,pmxt_archive_orderbook
2126503,2026-05-28 00:46:58.803000+00:00,yes,0.46499999999999997,,0.49,0.44,61.22,8.0,pmxt_archive_orderbook
2126503,2026-05-28 00:46:58.808000+00:00,yes,0.46499999999999997,,0.49,0.44,61.22,8.0,pmxt_archive_orderbook
2126503,2026-05-28 00:46:58.855000+00:00,yes,0.46499999999999997,,0.49,0.44,61.22,8.0,pmxt_archive_orderbook
2126503,2026-05-28 00:46:58.858000+00:00,yes,0.46499999999999997,,0.49,0.44,61.22,8.0,pmxt_archive_orderbook
2126503,2026-05-28 00:46:58.870000+00:00,yes,0.46499999999999997,,0.49,0.44,61.22,8.0,pmxt_archive_orderbook
2126503,2026-05-28 00:46:58.874000+00:00,yes,0.46499999999999997,,0.49,0.44,61.22,8.0,pmxt_archive_orderbook
2126503,2026-05-28 00:46:58.878000+00:00,yes,0.46499999999999997,,0.49,0.44,61.22,8.0,pmxt_archive_orderbook
2126503,2026-05-28 00:46:58.882000+00:00,yes,0.46499999999999997,,0.49,0.44,61.22,8.0,pmxt_archive_orderbook
2126503,2026-05-28 00:46:58.884000+00:00,yes,0.46499999999999997,,0.49,0.44,61.22,8.0,pmxt_archive_orderbook
2126503,2026-05-28 00:46:58.896000+00:00,yes,0.46499999999999997,,0.49,0.44,61.22,8.0,pmxt_archive_orderbook
2126503,2026-05-28 00:46:58.906000+00:00,yes,0.46499999999999997,,0.49,0.44,61.22,8.0,pmxt_archive_orderbook
2126503,2026-05-28 00:46:58.907000+00:00,yes,0.46499999999999997,,0.49,0.44,61.22,8.0,pmxt_archive_orderbook
2126503,2026-05-28 00:46:58.910000+00:00,yes,0.46499999999999997,,0.49,0.44,61.22,8.0,pmxt_archive_orderbook
2126503,2026-05-28 00:46:58.916000+00:00,yes,0.46499999999999997,,0.49,0.44,61.22,8.0,pmxt_archive_orderbook
2126503,2026-05-28 00:46:58.920000+00:00,yes,0.46499999999999997,,0.49,0.44,61.22,8.0,pmxt_archive_orderbook
2126503,2026-05-28 00:46:58.955000+00:00,yes,0.46499999999999997,,0.49,0.44,61.22,8.0,pmxt_archive_orderbook
2126503,2026-05-28 00:46:58.959000+00:00,yes,0.46499999999999997,,0.49,0.44,61.22,8.0,pmxt_archive_orderbook
2126503,2026-05-28 02:07:10.970000+00:00,yes,0.595,,0.59,0.6,912.6,25.0,pmxt_archive_orderbook
2126503,2026-05-28 02:07:11.056000+00:00,yes,0.505,,0.59,0.42,912.6,2618.26,pmxt_archive_orderbook
2126503,2026-05-28 02:07:11.136000+00:00,yes,0.505,,0.59,0.42,912.6,2618.26,pmxt_archive_orderbook
2126503,2026-05-28 02:07:11.145000+00:00,yes,0.505,,0.59,0.42,912.6,2618.26,pmxt_archive_orderbook
2126503,2026-05-28 02:07:11.161000+00:00,yes,0.505,,0.59,0.42,912.6,2618.26,pmxt_archive_orderbook
2126503,2026-05-28 02:07:11.269000+00:00,yes,0.505,,0.59,0.42,912.6,2618.26,pmxt_archive_orderbook
2126503,2026-05-28 02:07:11.288000+00:00,yes,0.505,,0.59,0.42,912.6,2618.26,pmxt_archive_orderbook
2126503,2026-05-28 02:07:11.345000+00:00,yes,0.505,,0.59,0.42,912.6,2618.26,pmxt_archive_orderbook
2126503,2026-05-28 02:07:11.365000+00:00,yes,0.505,,0.59,0.42,912.6,2618.26,pmxt_archive_orderbook
2126503,2026-05-28 02:07:11.388000+00:00,yes,0.505,,0.59,0.42,912.6,2618.26,pmxt_archive_orderbook
2126503,2026-05-28 02:07:11.648000+00:00,yes,0.505,,0.59,0.42,912.6,2618.26,pmxt_archive_orderbook
2126503,2026-05-28 02:07:11.671000+00:00,yes,0.505,,0.59,0.42,912.6,2618.26,pmxt_archive_orderbook
2126503,2026-05-28 02:07:11.673000+00:00,yes,0.505,,0.59,0.42,912.6,2618.26,pmxt_archive_orderbook
2126503,2026-05-28 02:07:11.689000+00:00,yes,0.505,,0.59,0.42,912.6,2618.26,pmxt_archive_orderbook
2126503,2026-05-28 02:07:11.690000+00:00,yes,0.505,,0.59,0.42,912.6,2618.26,pmxt_archive_orderbook
2126503,2026-05-28 02:07:11.696000+00:00,yes,0.505,,0.59,0.42,912.6,2618.26,pmxt_archive_orderbook
2126503,2026-05-28 02:07:11.735000+00:00,yes,0.505,,0.59,0.42,912.6,2618.26,pmxt_archive_orderbook
2126503,2026-05-28 02:07:11.771000+00:00,yes,0.505,,0.59,0.42,912.6,2618.26,pmxt_archive_orderbook
2126503,2026-05-28 02:07:11.988000+00:00,yes,0.505,,0.59,0.42,912.6,2618.26,pmxt_archive_orderbook
2126503,2026-05-28 02:07:12.014000+00:00,yes,0.505,,0.59,0.42,912.6,2618.26,pmxt_archive_orderbook
2126503,2026-05-28 02:07:12.015000+00:00,yes,0.505,,0.59,0.42,912.6,2618.26,pmxt_archive_orderbook
2126503,2026-05-28 02:07:12.037000+00:00,yes,0.505,,0.59,0.42,912.6,2608.26,pmxt_archive_orderbook
2126503,2026-05-28 02:07:12.063000+00:00,yes,0.505,,0.59,0.42,912.6,2608.26,pmxt_archive_orderbook
2126503,2026-05-28 02:07:12.151000+00:00,yes,0.505,,0.59,0.42,912.6,2608.26,pmxt_archive_orderbook
2126503,2026-05-28 02:07:12.253000+00:00,yes,0.505,,0.59,0.42,912.6,2608.26,pmxt_archive_orderbook
2126503,2026-05-28 02:07:12.921000+00:00,yes,0.505,,0.59,0.42,912.6,2608.26,pmxt_archive_orderbook
2126503,2026-05-28 02:07:13.119000+00:00,yes,0.505,,0.59,0.42,912.6,2608.26,pmxt_archive_orderbook
2126503,2026-05-28 02:07:13.207000+00:00,yes,0.505,,0.59,0.42,912.6,2608.26,pmxt_archive_orderbook
2126503,2026-05-28 02:07:13.237000+00:00,yes,0.505,,0.59,0.42,912.6,2608.26,pmxt_archive_orderbook
2126503,2026-05-28 02:07:13.251000+00:00,yes,0.505,,0.59,0.42,912.6,1139.0,pmxt_archive_orderbook
2126503,2026-05-28 02:07:13.261000+00:00,yes,0.505,,0.59,0.42,912.6,2608.26,pmxt_archive_orderbook
2126503,2026-05-28 02:07:13.263000+00:00,yes,0.505,,0.59,0.42,912.6,2608.26,pmxt_archive_orderbook
2126503,2026-05-28 02:07:13.348000+00:00,yes,0.505,,0.59,0.42,912.6,2608.26,pmxt_archive_orderbook
2126503,2026-05-28 02:07:13.390000+00:00,yes,0.505,,0.59,0.42,912.6,1139.0,pmxt_archive_orderbook
2126503,2026-05-28 02:07:13.758000+00:00,yes,0.505,,0.59,0.42,912.6,1139.0,pmxt_archive_orderbook
2126503,2026-05-28 02:07:13.786000+00:00,yes,0.505,,0.59,0.42,912.6,1139.0,pmxt_archive_orderbook
2126503,2026-05-28 02:07:13.801000+00:00,yes,0.505,,0.59,0.42,912.6,1139.0,pmxt_archive_orderbook
2126503,2026-05-28 02:07:13.816000+00:00,yes,0.505,,0.59,0.42,912.6,1139.0,pmxt_archive_orderbook
2126503,2026-05-28 02:07:13.932000+00:00,yes,0.505,,0.59,0.42,912.6,1139.0,pmxt_archive_orderbook
2126503,2026-05-28 02:07:14.013000+00:00,yes,0.505,,0.59,0.42,912.6,1139.0,pmxt_archive_orderbook
2126503,2026-05-28 02:07:14.077000+00:00,yes,0.505,,0.59,0.42,912.6,1139.0,pmxt_archive_orderbook
2126503,2026-05-28 02:07:14.084000+00:00,yes,0.505,,0.59,0.42,912.6,1139.0,pmxt_archive_orderbook
2126503,2026-05-28 02:07:14.086000+00:00,yes,0.505,,0.59,0.42,912.6,1139.0,pmxt_archive_orderbook
2126503,2026-05-28 02:07:14.090000+00:00,yes,0.505,,0.59,0.42,912.6,1139.0,pmxt_archive_orderbook
2126503,2026-05-28 02:07:14.167000+00:00,yes,0.505,,0.59,0.42,912.6,1139.0,pmxt_archive_orderbook
2126503,2026-05-28 02:07:14.246000+00:00,yes,0.505,,0.59,0.42,912.6,1139.0,pmxt_archive_orderbook
2126503,2026-05-28 02:07:14.294000+00:00,yes,0.505,,0.59,0.42,912.6,1139.0,pmxt_archive_orderbook
2126503,2026-05-28 02:07:14.584000+00:00,yes,0.505,,0.59,0.42,912.6,1139.0,pmxt_archive_orderbook
2126503,2026-05-28 02:07:14.590000+00:00,yes,0.505,,0.59,0.42,912.6,1139.0,pmxt_archive_orderbook
2126503,2026-05-28 02:07:14.611000+00:00,yes,0.505,,0.59,0.42,912.6,1139.0,pmxt_archive_orderbook
2126503,2026-05-28 02:07:14.617000+00:00,yes,0.505,,0.59,0.42,912.6,1139.0,pmxt_archive_orderbook
2126503,2026-05-28 02:07:14.714000+00:00,yes,0.505,,0.59,0.42,912.6,1139.0,pmxt_archive_orderbook
2126503,2026-05-28 02:07:14.721000+00:00,yes,0.505,,0.59,0.42,912.6,1139.0,pmxt_archive_orderbook
2126503,2026-05-28 02:07:14.757000+00:00,yes,0.505,,0.59,0.42,912.6,1139.0,pmxt_archive_orderbook
2126503,2026-05-28 02:07:14.834000+00:00,yes,0.505,,0.59,0.42,912.6,1139.0,pmxt_archive_orderbook
2126503,2026-05-28 02:07:14.842000+00:00,yes,0.505,,0.59,0.42,912.6,1139.0,pmxt_archive_orderbook
2126503,2026-05-28 02:07:14.951000+00:00,yes,0.505,,0.59,0.42,912.6,1139.0,pmxt_archive_orderbook
2126503,2026-05-28 02:07:15.033000+00:00,yes,0.505,,0.59,0.42,912.6,1139.0,pmxt_archive_orderbook
2126503,2026-05-28 02:07:15.276000+00:00,yes,0.505,,0.59,0.42,912.6,1139.0,pmxt_archive_orderbook
2126503,2026-05-28 02:07:15.311000+00:00,yes,0.505,,0.59,0.42,912.6,1139.0,pmxt_archive_orderbook
2126503,2026-05-28 02:07:15.341000+00:00,yes,0.505,,0.59,0.42,912.6,1139.0,pmxt_archive_orderbook
2126503,2026-05-28 02:07:15.344000+00:00,yes,0.505,,0.59,0.42,912.6,1139.0,pmxt_archive_orderbook
2126503,2026-05-28 02:07:15.371000+00:00,yes,0.505,,0.59,0.42,912.6,1139.0,pmxt_archive_orderbook
2126503,2026-05-28 02:07:15.409000+00:00,yes,0.505,,0.59,0.42,912.6,1139.0,pmxt_archive_orderbook
2126503,2026-05-28 02:07:15.416000+00:00,yes,0.505,,0.59,0.42,912.6,1139.0,pmxt_archive_orderbook
2126503,2026-05-28 02:07:15.431000+00:00,yes,0.505,,0.59,0.42,912.6,1139.0,pmxt_archive_orderbook
2126503,2026-05-28 02:07:15.445000+00:00,yes,0.505,,0.59,0.42,912.6,1139.0,pmxt_archive_orderbook
2126503,2026-05-28 02:07:15.454000+00:00,yes,0.505,,0.59,0.42,912.6,1139.0,pmxt_archive_orderbook
2126503,2026-05-28 02:07:15.492000+00:00,yes,0.505,,0.59,0.42,912.6,1139.0,pmxt_archive_orderbook
2126503,2026-05-28 02:07:15.516000+00:00,yes,0.505,,0.59,0.42,912.6,1139.0,pmxt_archive_orderbook
2126503,2026-05-28 02:07:15.572000+00:00,yes,0.505,,0.59,0.42,912.6,1139.0,pmxt_archive_orderbook
2126503,2026-05-28 02:07:15.591000+00:00,yes,0.505,,0.59,0.42,912.6,1139.0,pmxt_archive_orderbook
2126503,2026-05-28 02:07:15.621000+00:00,yes,0.505,,0.59,0.42,912.6,1139.0,pmxt_archive_orderbook
2126503,2026-05-28 02:07:15.622000+00:00,yes,0.505,,0.59,0.42,912.6,1139.0,pmxt_archive_orderbook
2126503,2026-05-28 02:07:15.636000+00:00,yes,0.505,,0.59,0.42,912.6,908.0,pmxt_archive_orderbook
2126503,2026-05-28 02:07:15.660000+00:00,yes,0.505,,0.59,0.42,912.6,908.0,pmxt_archive_orderbook
2126503,2026-05-28 02:07:15.675000+00:00,yes,0.505,,0.59,0.42,912.6,908.0,pmxt_archive_orderbook
2126503,2026-05-28 02:07:15.686000+00:00,yes,0.505,,0.59,0.42,912.6,908.0,pmxt_archive_orderbook
2126503,2026-05-28 02:07:15.691000+00:00,yes,0.505,,0.59,0.42,912.6,928.0,pmxt_archive_orderbook
2126503,2026-05-28 02:07:15.701000+00:00,yes,0.505,,0.59,0.42,912.6,928.0,pmxt_archive_orderbook
2126503,2026-05-28 02:07:15.703000+00:00,yes,0.505,,0.59,0.42,912.6,928.0,pmxt_archive_orderbook
2126503,2026-05-28 02:07:15.710000+00:00,yes,0.505,,0.59,0.42,912.6,928.0,pmxt_archive_orderbook
2126503,2026-05-28 02:07:15.721000+00:00,yes,0.505,,0.59,0.42,912.6,928.0,pmxt_archive_orderbook
2126503,2026-05-28 02:07:15.727000+00:00,yes,0.505,,0.59,0.42,912.6,928.0,pmxt_archive_orderbook
2126503,2026-05-28 02:07:15.736000+00:00,yes,0.505,,0.59,0.42,912.6,58.0,pmxt_archive_orderbook
2126503,2026-05-28 02:07:15.785000+00:00,yes,0.505,,0.59,0.42,912.6,38.0,pmxt_archive_orderbook
2126503,2026-05-28 02:07:15.814000+00:00,yes,0.505,,0.59,0.42,912.6,38.0,pmxt_archive_orderbook
2126503,2026-05-28 02:07:15.821000+00:00,yes,0.505,,0.59,0.42,912.6,38.0,pmxt_archive_orderbook
2126503,2026-05-28 02:07:15.917000+00:00,yes,0.505,,0.59,0.42,912.6,38.0,pmxt_archive_orderbook
2126503,2026-05-28 02:07:15.920000+00:00,yes,0.505,,0.59,0.42,912.6,38.0,pmxt_archive_orderbook
2126503,2026-05-28 02:07:15.953000+00:00,yes,0.505,,0.59,0.42,912.6,38.0,pmxt_archive_orderbook
2126503,2026-05-28 02:07:15.955000+00:00,yes,0.505,,0.59,0.42,912.6,38.0,pmxt_archive_orderbook
2126503,2026-05-28 02:07:15.989000+00:00,yes,0.505,,0.59,0.42,912.6,38.0,pmxt_archive_orderbook
2126503,2026-05-28 02:07:16.014000+00:00,yes,0.505,,0.59,0.42,912.6,38.0,pmxt_archive_orderbook
2126503,2026-05-28 02:07:16.022000+00:00,yes,0.41000000000000003,,0.4,0.42,1497.26,38.0,pmxt_archive_orderbook
2126503,2026-05-28 02:07:16.028000+00:00,yes,0.48,,0.54,0.42,40.0,38.0,pmxt_archive_orderbook
2126503,2026-05-28 02:07:16.029000+00:00,yes,0.485,,0.55,0.42,1469.26,38.0,pmxt_archive_orderbook
2126503,2026-05-28 02:07:16.042000+00:00,yes,0.485,,0.55,0.42,1469.26,38.0,pmxt_archive_orderbook
2126503,2026-05-28 02:07:16.089000+00:00,yes,0.41000000000000003,,0.4,0.42,1497.26,31.8,pmxt_archive_orderbook
2126503,2026-05-28 02:07:16.099000+00:00,yes,0.41000000000000003,,0.4,0.42,1497.26,31.8,pmxt_archive_orderbook
2126503,2026-05-28 02:07:16.126000+00:00,yes,0.41000000000000003,,0.4,0.42,1497.26,31.8,pmxt_archive_orderbook
2126503,2026-05-28 02:07:16.180000+00:00,yes,0.41000000000000003,,0.4,0.42,1497.26,31.8,pmxt_archive_orderbook
2126503,2026-05-28 02:07:16.379000+00:00,yes,0.41000000000000003,,0.4,0.42,28.0,31.8,pmxt_archive_orderbook
2126503,2026-05-28 02:07:16.400000+00:00,yes,0.41000000000000003,,0.4,0.42,28.0,31.8,pmxt_archive_orderbook
2126503,2026-05-28 02:07:16.482000+00:00,yes,0.59,,0.58,0.6,25.6,28.0,pmxt_archive_orderbook
2126503,2026-05-28 02:07:16.483000+00:00,yes,0.41000000000000003,,0.4,0.42,28.0,25.6,pmxt_archive_orderbook
2126503,2026-05-28 02:07:16.494000+00:00,yes,0.41000000000000003,,0.4,0.42,28.0,25.6,pmxt_archive_orderbook
2126503,2026-05-28 02:07:16.557000+00:00,yes,0.59,,0.58,0.6,25.6,28.0,pmxt_archive_orderbook
2126503,2026-05-28 02:07:16.583000+00:00,yes,0.59,,0.58,0.6,25.6,28.0,pmxt_archive_orderbook
2126503,2026-05-28 02:07:16.588000+00:00,yes,0.59,,0.58,0.6,25.6,28.0,pmxt_archive_orderbook
2126503,2026-05-28 02:07:16.605000+00:00,yes,0.59,,0.58,0.6,25.6,5.0,pmxt_archive_orderbook
2126503,2026-05-28 02:07:16.685000+00:00,yes,0.59,,0.58,0.6,25.6,5.0,pmxt_archive_orderbook
2126503,2026-05-28 02:07:16.686000+00:00,yes,0.59,,0.58,0.6,25.6,5.0,pmxt_archive_orderbook
2126503,2026-05-28 02:07:16.688000+00:00,yes,0.59,,0.58,0.6,25.6,5.0,pmxt_archive_orderbook
2126503,2026-05-28 02:07:16.689000+00:00,yes,0.59,,0.58,0.6,25.6,5.0,pmxt_archive_orderbook
2126503,2026-05-28 02:07:16.691000+00:00,yes,0.59,,0.58,0.6,25.6,5.0,pmxt_archive_orderbook
2126503,2026-05-28 02:07:16.702000+00:00,yes,0.59,,0.58,0.6,25.6,5.0,pmxt_archive_orderbook
2126503,2026-05-28 02:07:16.703000+00:00,yes,0.515,,0.58,0.45,25.6,13.0,pmxt_archive_orderbook
2126503,2026-05-28 02:07:16.709000+00:00,yes,0.515,,0.58,0.45,25.6,13.0,pmxt_archive_orderbook
2126503,2026-05-28 02:07:16.726000+00:00,yes,0.515,,0.58,0.45,25.6,13.0,pmxt_archive_orderbook
2126503,2026-05-28 02:07:16.744000+00:00,yes,0.495,,0.58,0.41,25.6,8.0,pmxt_archive_orderbook
2126503,2026-05-28 02:07:16.745000+00:00,yes,0.495,,0.58,0.41,25.6,8.0,pmxt_archive_orderbook
2126503,2026-05-28 02:07:16.762000+00:00,yes,0.5,,0.59,0.41,8.0,8.0,pmxt_archive_orderbook
2126503,2026-05-28 02:07:16.771000+00:00,yes,0.5,,0.59,0.41,8.0,8.0,pmxt_archive_orderbook
2126503,2026-05-28 02:07:16.790000+00:00,yes,0.5,,0.59,0.41,8.0,8.0,pmxt_archive_orderbook
2126503,2026-05-28 02:07:16.805000+00:00,yes,0.5,,0.59,0.41,8.0,8.0,pmxt_archive_orderbook
2126503,2026-05-28 02:07:16.806000+00:00,yes,0.5,,0.59,0.41,8.0,8.0,pmxt_archive_orderbook
2126503,2026-05-28 02:07:16.824000+00:00,yes,0.5,,0.59,0.41,8.0,8.0,pmxt_archive_orderbook
2126503,2026-05-28 02:07:16.835000+00:00,yes,0.5,,0.59,0.41,8.0,8.0,pmxt_archive_orderbook
2126503,2026-05-28 02:07:16.859000+00:00,yes,0.5,,0.59,0.41,8.0,8.0,pmxt_archive_orderbook
2126503,2026-05-28 02:07:16.860000+00:00,yes,0.5,,0.59,0.41,8.0,8.0,pmxt_archive_orderbook
2126503,2026-05-28 02:07:16.896000+00:00,yes,0.5,,0.59,0.41,8.0,8.0,pmxt_archive_orderbook
2126503,2026-05-28 02:07:16.917000+00:00,yes,0.5,,0.59,0.41,8.0,8.0,pmxt_archive_orderbook
2126503,2026-05-28 02:07:16.940000+00:00,yes,0.5,,0.59,0.41,8.0,8.0,pmxt_archive_orderbook
2126503,2026-05-28 02:07:16.945000+00:00,yes,0.5,,0.59,0.41,8.0,8.0,pmxt_archive_orderbook
2126503,2026-05-28 02:07:16.947000+00:00,yes,0.5,,0.59,0.41,8.0,8.0,pmxt_archive_orderbook
2126503,2026-05-28 02:07:16.948000+00:00,yes,0.5,,0.59,0.41,8.0,8.0,pmxt_archive_orderbook
2126503,2026-05-28 02:07:16.949000+00:00,yes,0.5,,0.59,0.41,8.0,8.0,pmxt_archive_orderbook
2126503,2026-05-28 02:07:16.950000+00:00,yes,0.5,,0.59,0.41,8.0,8.0,pmxt_archive_orderbook
2126503,2026-05-28 02:07:16.954000+00:00,yes,0.5,,0.59,0.41,8.0,8.0,pmxt_archive_orderbook
2126503,2026-05-28 02:07:16.959000+00:00,yes,0.5,,0.59,0.41,8.0,8.0,pmxt_archive_orderbook
2126503,2026-05-28 02:07:16.961000+00:00,yes,0.5,,0.59,0.41,8.0,8.0,pmxt_archive_orderbook
2126503,2026-05-28 02:07:16.963000+00:00,yes,0.5,,0.59,0.41,8.0,8.0,pmxt_archive_orderbook
2126503,2026-05-28 02:07:17.015000+00:00,yes,0.475,,0.35,0.6,13.0,5.0,pmxt_archive_orderbook
2126503,2026-05-28 02:07:17.016000+00:00,yes,0.475,,0.35,0.6,13.0,5.0,pmxt_archive_orderbook
2126503,2026-05-28 02:07:17.017000+00:00,yes,0.475,,0.35,0.6,13.0,5.0,pmxt_archive_orderbook
2126503,2026-05-28 02:07:17.028000+00:00,yes,0.55,,0.5,0.6,1200.0,5.0,pmxt_archive_orderbook
2126503,2026-05-28 02:07:17.037000+00:00,yes,0.5,,0.5,0.5,1200.0,1200.0,pmxt_archive_orderbook
2126503,2026-05-28 02:07:17.039000+00:00,yes,0.5,,0.5,0.5,1200.0,1200.0,pmxt_archive_orderbook
2126503,2026-05-28 02:07:17.042000+00:00,yes,0.5,,0.5,0.5,1200.0,1200.0,pmxt_archive_orderbook
2126503,2026-05-28 02:07:17.046000+00:00,yes,0.5,,0.5,0.5,1200.0,1200.0,pmxt_archive_orderbook
2126503,2026-05-28 02:07:17.047000+00:00,yes,0.5,,0.5,0.5,1200.0,1200.0,pmxt_archive_orderbook
2126503,2026-05-28 02:07:17.054000+00:00,yes,0.5,,0.5,0.5,1200.0,1200.0,pmxt_archive_orderbook
2126503,2026-05-28 02:07:17.063000+00:00,yes,0.5,,0.5,0.5,1200.0,1200.0,pmxt_archive_orderbook
2126503,2026-05-28 02:07:17.065000+00:00,yes,0.5,,0.5,0.5,1200.0,1200.0,pmxt_archive_orderbook
2126503,2026-05-28 02:07:17.066000+00:00,yes,0.5,,0.5,0.5,1200.0,1200.0,pmxt_archive_orderbook
2126503,2026-05-28 02:07:17.071000+00:00,yes,0.5,,0.5,0.5,1200.0,1200.0,pmxt_archive_orderbook
2126503,2026-05-28 02:07:17.074000+00:00,yes,0.5,,0.52,0.48,19.2,19.2,pmxt_archive_orderbook
2126503,2026-05-28 02:07:17.087000+00:00,yes,0.5,,0.52,0.48,19.2,19.2,pmxt_archive_orderbook
2126503,2026-05-28 02:07:17.088000+00:00,yes,0.5,,0.52,0.48,19.2,19.2,pmxt_archive_orderbook
2126503,2026-05-28 02:07:17.090000+00:00,yes,0.5,,0.52,0.48,19.2,19.2,pmxt_archive_orderbook
2126503,2026-05-28 02:07:17.095000+00:00,yes,0.5,,0.52,0.48,19.2,19.2,pmxt_archive_orderbook
2126503,2026-05-28 02:07:17.099000+00:00,yes,0.5,,0.52,0.48,19.2,19.2,pmxt_archive_orderbook
2126503,2026-05-28 02:07:17.129000+00:00,yes,0.5,,0.52,0.48,57.2,19.2,pmxt_archive_orderbook
2126503,2026-05-28 02:07:17.131000+00:00,yes,0.5,,0.52,0.48,57.2,19.2,pmxt_archive_orderbook
2126503,2026-05-28 02:07:17.194000+00:00,yes,0.5,,0.52,0.48,57.2,57.2,pmxt_archive_orderbook
2126503,2026-05-28 02:07:17.215000+00:00,yes,0.5,,0.52,0.48,57.2,57.2,pmxt_archive_orderbook
2126503,2026-05-28 02:07:17.261000+00:00,yes,0.505,,0.53,0.48,18.8,57.2,pmxt_archive_orderbook
2126503,2026-05-28 02:07:17.263000+00:00,yes,0.505,,0.53,0.48,18.8,57.2,pmxt_archive_orderbook
2126503,2026-05-28 02:07:17.328000+00:00,yes,0.5,,0.53,0.47,18.8,18.8,pmxt_archive_orderbook
2126503,2026-05-28 02:07:17.336000+00:00,yes,0.5,,0.53,0.47,18.8,18.8,pmxt_archive_orderbook
2126503,2026-05-28 02:07:17.369000+00:00,yes,0.5,,0.53,0.47,18.8,18.8,pmxt_archive_orderbook
2126503,2026-05-28 02:07:17.395000+00:00,yes,0.5,,0.53,0.47,18.8,18.8,pmxt_archive_orderbook
2126503,2026-05-28 02:07:17.419000+00:00,yes,0.5,,0.53,0.47,18.8,18.8,pmxt_archive_orderbook
2126503,2026-05-28 02:07:17.425000+00:00,yes,0.5,,0.53,0.47,18.8,18.8,pmxt_archive_orderbook
2126503,2026-05-28 02:07:17.427000+00:00,yes,0.5,,0.53,0.47,18.8,18.8,pmxt_archive_orderbook
2126503,2026-05-28 02:07:17.430000+00:00,yes,0.5,,0.53,0.47,18.8,18.8,pmxt_archive_orderbook
2126503,2026-05-28 02:07:17.433000+00:00,yes,0.5,,0.53,0.47,18.8,18.8,pmxt_archive_orderbook
2126503,2026-05-28 02:07:17.443000+00:00,yes,0.5,,0.53,0.47,18.8,18.8,pmxt_archive_orderbook
2126503,2026-05-28 02:07:17.445000+00:00,yes,0.5,,0.53,0.47,18.8,18.8,pmxt_archive_orderbook
2126503,2026-05-28 02:07:17.446000+00:00,yes,0.5,,0.53,0.47,18.8,18.8,pmxt_archive_orderbook
2126503,2026-05-28 02:07:17.448000+00:00,yes,0.5,,0.53,0.47,18.8,18.8,pmxt_archive_orderbook
2126503,2026-05-28 02:07:17.459000+00:00,yes,0.5449999999999999,,0.62,0.47,2000.0,18.8,pmxt_archive_orderbook
2126503,2026-05-28 02:07:17.507000+00:00,yes,0.5,,0.62,0.38,2000.0,2000.0,pmxt_archive_orderbook
2126503,2026-05-28 02:07:17.511000+00:00,yes,0.5,,0.62,0.38,2000.0,2000.0,pmxt_archive_orderbook
2126503,2026-05-28 02:07:17.522000+00:00,yes,0.5,,0.62,0.38,2000.0,2000.0,pmxt_archive_orderbook
2126503,2026-05-28 02:07:17.530000+00:00,yes,0.5,,0.62,0.38,2000.0,2000.0,pmxt_archive_orderbook
2126503,2026-05-28 02:07:17.535000+00:00,yes,0.5,,0.62,0.38,2000.0,2000.0,pmxt_archive_orderbook
2126503,2026-05-28 02:07:17.538000+00:00,yes,0.5,,0.62,0.38,2000.0,2000.0,pmxt_archive_orderbook
2126503,2026-05-28 02:07:17.574000+00:00,yes,0.5,,0.62,0.38,2000.0,2000.0,pmxt_archive_orderbook
2126503,2026-05-28 02:07:17.586000+00:00,yes,0.5,,0.62,0.38,2000.0,2000.0,pmxt_archive_orderbook
2126503,2026-05-28 02:07:17.608000+00:00,yes,0.51,,0.64,0.38,888.0,2000.0,pmxt_archive_orderbook
2126503,2026-05-28 02:07:17.611000+00:00,yes,0.51,,0.64,0.38,888.0,2000.0,pmxt_archive_orderbook
2126503,2026-05-28 02:07:17.631000+00:00,yes,0.5,,0.64,0.36,888.0,888.0,pmxt_archive_orderbook
2126503,2026-05-28 02:07:17.634000+00:00,yes,0.5,,0.64,0.36,888.0,888.0,pmxt_archive_orderbook
2126503,2026-05-28 02:07:17.635000+00:00,yes,0.5,,0.64,0.36,888.0,888.0,pmxt_archive_orderbook
2126503,2026-05-28 02:07:17.638000+00:00,yes,0.5,,0.64,0.36,888.0,888.0,pmxt_archive_orderbook
2126503,2026-05-28 02:07:17.652000+00:00,yes,0.5,,0.64,0.36,888.0,888.0,pmxt_archive_orderbook
2126503,2026-05-28 02:07:17.653000+00:00,yes,0.5,,0.64,0.36,888.0,888.0,pmxt_archive_orderbook
2126503,2026-05-28 02:07:17.657000+00:00,yes,0.5,,0.64,0.36,888.0,888.0,pmxt_archive_orderbook
2126503,2026-05-28 02:07:17.688000+00:00,yes,0.51,,0.64,0.38,888.0,2000.0,pmxt_archive_orderbook
2126503,2026-05-28 02:07:17.689000+00:00,yes,0.5,,0.62,0.38,2000.0,2000.0,pmxt_archive_orderbook
2126503,2026-05-28 02:07:17.697000+00:00,yes,0.515,,0.65,0.38,20.0,2000.0,pmxt_archive_orderbook
2126503,2026-05-28 02:07:17.714000+00:00,yes,0.5,,0.65,0.35,20.0,20.0,pmxt_archive_orderbook
2126503,2026-05-28 02:07:17.729000+00:00,yes,0.5,,0.65,0.35,20.0,20.0,pmxt_archive_orderbook
2126503,2026-05-28 02:07:17.732000+00:00,yes,0.5,,0.65,0.35,20.0,20.0,pmxt_archive_orderbook
2126503,2026-05-28 02:07:17.760000+00:00,yes,0.505,,0.66,0.35,2000.0,20.0,pmxt_archive_orderbook
2126503,2026-05-28 02:07:17.762000+00:00,yes,0.505,,0.66,0.35,2000.0,20.0,pmxt_archive_orderbook
2126503,2026-05-28 02:07:17.784000+00:00,yes,0.5,,0.66,0.34,2000.0,2000.0,pmxt_archive_orderbook
2126503,2026-05-28 02:07:17.810000+00:00,yes,0.5,,0.66,0.34,2005.0,2000.0,pmxt_archive_orderbook
2126503,2026-05-28 02:07:17.813000+00:00,yes,0.5,,0.66,0.34,2005.0,2005.0,pmxt_archive_orderbook
2126503,2026-05-28 02:07:17.844000+00:00,yes,0.5,,0.66,0.34,2005.0,2005.0,pmxt_archive_orderbook
2126503,2026-05-28 02:07:17.873000+00:00,yes,0.5,,0.66,0.34,2005.0,2005.0,pmxt_archive_orderbook
2126503,2026-05-28 02:07:17.895000+00:00,yes,0.5,,0.66,0.34,2005.0,2005.0,pmxt_archive_orderbook
2126503,2026-05-28 02:07:17.900000+00:00,yes,0.5,,0.66,0.34,2005.0,2005.0,pmxt_archive_orderbook
2126503,2026-05-28 02:07:17.901000+00:00,yes,0.5,,0.66,0.34,2005.0,2005.0,pmxt_archive_orderbook
2126503,2026-05-28 02:07:17.904000+00:00,yes,0.5,,0.66,0.34,2005.0,2005.0,pmxt_archive_orderbook
2126503,2026-05-28 02:07:17.912000+00:00,yes,0.5,,0.66,0.34,2005.0,2005.0,pmxt_archive_orderbook
2126503,2026-05-28 02:07:17.920000+00:00,yes,0.5,,0.66,0.34,2005.0,2005.0,pmxt_archive_orderbook
2126503,2026-05-28 02:07:17.922000+00:00,yes,0.5,,0.66,0.34,2005.0,2005.0,pmxt_archive_orderbook
2126503,2026-05-28 02:07:17.930000+00:00,yes,0.5,,0.66,0.34,2005.0,2005.0,pmxt_archive_orderbook
2126503,2026-05-28 02:07:17.934000+00:00,yes,0.5,,0.66,0.34,2005.0,2005.0,pmxt_archive_orderbook
2126503,2026-05-28 02:07:17.941000+00:00,yes,0.5,,0.66,0.34,2005.0,2005.0,pmxt_archive_orderbook
2126503,2026-05-28 02:07:17.952000+00:00,yes,0.5,,0.66,0.34,2005.0,2005.0,pmxt_archive_orderbook
2126503,2026-05-28 02:07:17.957000+00:00,yes,0.495,,0.66,0.33,2005.0,54.0,pmxt_archive_orderbook
2126503,2026-05-28 02:07:17.965000+00:00,yes,0.5,,0.67,0.33,54.0,54.0,pmxt_archive_orderbook
2126503,2026-05-28 02:07:17.967000+00:00,yes,0.5,,0.67,0.33,54.0,54.0,pmxt_archive_orderbook
2126503,2026-05-28 02:07:17.970000+00:00,yes,0.5,,0.67,0.33,54.0,54.0,pmxt_archive_orderbook
2126503,2026-05-28 02:07:17.984000+00:00,yes,0.5,,0.67,0.33,54.0,54.0,pmxt_archive_orderbook
2126503,2026-05-28 02:07:17.992000+00:00,yes,0.5,,0.69,0.31,50.0,50.0,pmxt_archive_orderbook
2126503,2026-05-28 02:07:18.010000+00:00,yes,0.265,,0.17,0.36,10.0,406.38,pmxt_archive_orderbook
2126503,2026-05-28 02:07:18.011000+00:00,yes,0.265,,0.17,0.36,10.0,406.38,pmxt_archive_orderbook
2126503,2026-05-28 02:07:18.016000+00:00,yes,0.735,,0.64,0.83,331.71,8.36,pmxt_archive_orderbook
2126503,2026-05-28 02:07:18.017000+00:00,yes,0.265,,0.17,0.36,8.36,331.71,pmxt_archive_orderbook
2126503,2026-05-28 02:07:18.019000+00:00,yes,0.5,,0.64,0.36,328.71,331.71,pmxt_archive_orderbook
2126503,2026-05-28 02:07:18.020000+00:00,yes,0.735,,0.64,0.83,328.71,8.36,pmxt_archive_orderbook
2126503,2026-05-28 02:07:18.022000+00:00,yes,0.515,,0.66,0.37,38.0,10.0,pmxt_archive_orderbook
2126503,2026-05-28 02:07:18.023000+00:00,yes,0.265,,0.17,0.36,161.36,328.71,pmxt_archive_orderbook
2126503,2026-05-28 02:07:18.024000+00:00,yes,0.51,,0.66,0.36,38.0,328.71,pmxt_archive_orderbook
2126503,2026-05-28 02:07:18.030000+00:00,yes,0.5,,0.66,0.34,30.35,38.0,pmxt_archive_orderbook
2126503,2026-05-28 02:07:18.034000+00:00,yes,0.255,,0.17,0.34,153.0,3.35,pmxt_archive_orderbook
2126503,2026-05-28 02:07:18.047000+00:00,yes,0.51,,0.66,0.36,3.35,893.0,pmxt_archive_orderbook
2126503,2026-05-28 02:07:18.062000+00:00,yes,0.51,,0.66,0.36,3.35,893.0,pmxt_archive_orderbook
2126503,2026-05-28 02:07:18.065000+00:00,yes,0.515,,0.67,0.36,30.0,893.0,pmxt_archive_orderbook
2126503,2026-05-28 02:07:18.069000+00:00,yes,0.5,,0.67,0.33,30.0,30.0,pmxt_archive_orderbook
2126503,2026-05-28 02:07:18.083000+00:00,yes,0.5,,0.67,0.33,30.0,30.0,pmxt_archive_orderbook
2126503,2026-05-28 02:07:18.087000+00:00,yes,0.5,,0.67,0.33,30.0,30.0,pmxt_archive_orderbook
2126503,2026-05-28 02:07:18.118000+00:00,yes,0.5,,0.67,0.33,30.0,30.0,pmxt_archive_orderbook
2126503,2026-05-28 02:07:18.119000+00:00,yes,0.5,,0.67,0.33,30.0,30.0,pmxt_archive_orderbook
2126503,2026-05-28 02:07:18.121000+00:00,yes,0.5,,0.67,0.33,933.0,923.0,pmxt_archive_orderbook
2126503,2026-05-28 02:07:18.122000+00:00,yes,0.5,,0.67,0.33,933.0,933.0,pmxt_archive_orderbook
2126503,2026-05-28 02:07:18.123000+00:00,yes,0.5,,0.67,0.33,933.0,923.0,pmxt_archive_orderbook
2126503,2026-05-28 02:07:18.143000+00:00,yes,0.5,,0.67,0.33,933.0,933.0,pmxt_archive_orderbook
2126503,2026-05-28 02:07:18.147000+00:00,yes,0.5,,0.67,0.33,933.0,933.0,pmxt_archive_orderbook
2126503,2026-05-28 02:07:18.153000+00:00,yes,0.5,,0.67,0.33,933.0,933.0,pmxt_archive_orderbook
2126503,2026-05-28 02:07:18.156000+00:00,yes,0.5,,0.67,0.33,933.0,933.0,pmxt_archive_orderbook
2126503,2026-05-28 02:07:18.159000+00:00,yes,0.5,,0.67,0.33,933.0,933.0,pmxt_archive_orderbook
2126503,2026-05-28 02:07:18.191000+00:00,yes,0.5,,0.67,0.33,933.0,933.0,pmxt_archive_orderbook
2126503,2026-05-28 02:07:18.202000+00:00,yes,0.5,,0.67,0.33,933.0,933.0,pmxt_archive_orderbook
2126503,2026-05-28 02:07:18.206000+00:00,yes,0.5,,0.67,0.33,933.0,933.0,pmxt_archive_orderbook
2126503,2026-05-28 02:07:18.213000+00:00,yes,0.5,,0.67,0.33,933.0,933.0,pmxt_archive_orderbook
2126503,2026-05-28 02:07:18.219000+00:00,yes,0.505,,0.68,0.33,14.0,933.0,pmxt_archive_orderbook
2126503,2026-05-28 02:07:18.231000+00:00,yes,0.5,,0.72,0.28,20.0,20.0,pmxt_archive_orderbook
2126503,2026-05-28 02:07:18.260000+00:00,yes,0.5,,0.72,0.28,20.0,20.0,pmxt_archive_orderbook
2126503,2026-05-28 02:07:18.281000+00:00,yes,0.5,,0.72,0.28,20.0,20.0,pmxt_archive_orderbook
2126503,2026-05-28 02:07:18.284000+00:00,yes,0.5,,0.72,0.28,20.0,20.0,pmxt_archive_orderbook
2126503,2026-05-28 02:07:18.294000+00:00,yes,0.5,,0.72,0.28,20.0,20.0,pmxt_archive_orderbook
2126503,2026-05-28 02:07:18.308000+00:00,yes,0.5,,0.72,0.28,20.0,20.0,pmxt_archive_orderbook
2126503,2026-05-28 02:07:18.309000+00:00,yes,0.5,,0.72,0.28,20.0,20.0,pmxt_archive_orderbook
2126503,2026-05-28 02:07:18.328000+00:00,yes,0.505,,0.73,0.28,14.0,20.0,pmxt_archive_orderbook
2126503,2026-05-28 02:07:18.333000+00:00,yes,0.5,,0.73,0.27,14.0,14.0,pmxt_archive_orderbook
2126503,2026-05-28 02:07:18.334000+00:00,yes,0.5,,0.73,0.27,14.0,14.0,pmxt_archive_orderbook
2126503,2026-05-28 02:07:18.335000+00:00,yes,0.5,,0.73,0.27,14.0,14.0,pmxt_archive_orderbook
2126503,2026-05-28 02:07:18.343000+00:00,yes,0.5,,0.73,0.27,14.0,14.0,pmxt_archive_orderbook
2126503,2026-05-28 02:07:18.348000+00:00,yes,0.5,,0.73,0.27,14.0,14.0,pmxt_archive_orderbook
2126503,2026-05-28 02:07:18.353000+00:00,yes,0.5,,0.73,0.27,14.0,14.0,pmxt_archive_orderbook
2126503,2026-05-28 02:07:18.361000+00:00,yes,0.5,,0.73,0.27,14.0,14.0,pmxt_archive_orderbook
2126503,2026-05-28 02:07:18.372000+00:00,yes,0.5,,0.73,0.27,14.0,14.0,pmxt_archive_orderbook
2126503,2026-05-28 02:07:18.388000+00:00,yes,0.5,,0.73,0.27,14.0,14.0,pmxt_archive_orderbook
2126503,2026-05-28 02:07:18.393000+00:00,yes,0.5,,0.73,0.27,14.0,14.0,pmxt_archive_orderbook
2126503,2026-05-28 02:07:18.397000+00:00,yes,0.5,,0.73,0.27,14.0,14.0,pmxt_archive_orderbook
2126503,2026-05-28 02:07:18.403000+00:00,yes,0.5,,0.73,0.27,14.0,14.0,pmxt_archive_orderbook
2126503,2026-05-28 02:07:18.437000+00:00,yes,0.5,,0.73,0.27,14.0,14.0,pmxt_archive_orderbook
2126503,2026-05-28 02:07:18.454000+00:00,yes,0.5,,0.73,0.27,14.0,14.0,pmxt_archive_orderbook
2126503,2026-05-28 02:07:18.458000+00:00,yes,0.5,,0.73,0.27,14.0,14.0,pmxt_archive_orderbook
2126503,2026-05-28 02:07:18.462000+00:00,yes,0.5,,0.73,0.27,14.0,14.0,pmxt_archive_orderbook
2126503,2026-05-28 02:07:18.463000+00:00,yes,0.5,,0.73,0.27,14.0,14.0,pmxt_archive_orderbook
2126503,2026-05-28 02:07:18.464000+00:00,yes,0.5,,0.73,0.27,14.0,14.0,pmxt_archive_orderbook
2126503,2026-05-28 02:07:18.468000+00:00,yes,0.5,,0.73,0.27,14.0,14.0,pmxt_archive_orderbook
2126503,2026-05-28 02:07:18.469000+00:00,yes,0.5,,0.73,0.27,14.0,14.0,pmxt_archive_orderbook
2126503,2026-05-28 02:07:18.470000+00:00,yes,0.5,,0.73,0.27,14.0,14.0,pmxt_archive_orderbook
2126503,2026-05-28 02:07:18.479000+00:00,yes,0.5,,0.73,0.27,14.0,14.0,pmxt_archive_orderbook
2126503,2026-05-28 02:07:18.485000+00:00,yes,0.5,,0.73,0.27,14.0,14.0,pmxt_archive_orderbook
2126503,2026-05-28 02:07:18.486000+00:00,yes,0.5,,0.73,0.27,14.0,14.0,pmxt_archive_orderbook
2126503,2026-05-28 02:07:18.488000+00:00,yes,0.5,,0.73,0.27,14.0,14.0,pmxt_archive_orderbook
2126503,2026-05-28 02:07:18.501000+00:00,yes,0.5,,0.73,0.27,14.0,14.0,pmxt_archive_orderbook
2126503,2026-05-28 02:07:18.504000+00:00,yes,0.5,,0.73,0.27,14.0,14.0,pmxt_archive_orderbook
2126503,2026-05-28 02:07:18.506000+00:00,yes,0.5,,0.73,0.27,14.0,14.0,pmxt_archive_orderbook
2126503,2026-05-28 02:07:18.509000+00:00,yes,0.5,,0.73,0.27,14.0,14.0,pmxt_archive_orderbook
2126503,2026-05-28 02:07:18.516000+00:00,yes,0.5,,0.73,0.27,14.0,14.0,pmxt_archive_orderbook
2126503,2026-05-28 02:07:18.517000+00:00,yes,0.5,,0.73,0.27,14.0,14.0,pmxt_archive_orderbook
2126503,2026-05-28 02:07:18.520000+00:00,yes,0.5,,0.73,0.27,14.0,14.0,pmxt_archive_orderbook
2126503,2026-05-28 02:07:18.523000+00:00,yes,0.5,,0.73,0.27,14.0,14.0,pmxt_archive_orderbook
2126503,2026-05-28 02:07:18.550000+00:00,yes,0.5,,0.73,0.27,14.0,14.0,pmxt_archive_orderbook
2126503,2026-05-28 02:07:18.557000+00:00,yes,0.5,,0.73,0.27,14.0,14.0,pmxt_archive_orderbook
2126503,2026-05-28 02:07:18.564000+00:00,yes,0.5,,0.73,0.27,14.0,14.0,pmxt_archive_orderbook
2126503,2026-05-28 02:07:18.566000+00:00,yes,0.5,,0.73,0.27,14.0,14.0,pmxt_archive_orderbook
2126503,2026-05-28 02:07:18.568000+00:00,yes,0.5,,0.73,0.27,14.0,14.0,pmxt_archive_orderbook
2126503,2026-05-28 02:07:18.569000+00:00,yes,0.5,,0.73,0.27,14.0,14.0,pmxt_archive_orderbook
2126503,2026-05-28 02:07:18.571000+00:00,yes,0.5,,0.73,0.27,14.0,14.0,pmxt_archive_orderbook
2126503,2026-05-28 02:07:18.574000+00:00,yes,0.5,,0.73,0.27,14.0,14.0,pmxt_archive_orderbook
2126503,2026-05-28 02:07:18.576000+00:00,yes,0.5,,0.73,0.27,14.0,14.0,pmxt_archive_orderbook
2126503,2026-05-28 02:07:18.582000+00:00,yes,0.5,,0.73,0.27,14.0,14.0,pmxt_archive_orderbook
2126503,2026-05-28 02:07:18.590000+00:00,yes,0.5,,0.73,0.27,14.0,14.0,pmxt_archive_orderbook
2126503,2026-05-28 02:07:18.594000+00:00,yes,0.5,,0.73,0.27,14.0,14.0,pmxt_archive_orderbook
2126503,2026-05-28 02:07:18.598000+00:00,yes,0.5,,0.73,0.27,14.0,14.0,pmxt_archive_orderbook
2126503,2026-05-28 02:07:18.606000+00:00,yes,0.5,,0.73,0.27,14.0,14.0,pmxt_archive_orderbook
2126503,2026-05-28 02:07:18.614000+00:00,yes,0.5,,0.73,0.27,24.0,14.0,pmxt_archive_orderbook
2126503,2026-05-28 02:07:18.615000+00:00,yes,0.5,,0.73,0.27,24.0,14.0,pmxt_archive_orderbook
2126503,2026-05-28 02:07:18.621000+00:00,yes,0.5,,0.73,0.27,24.0,24.0,pmxt_archive_orderbook
2126503,2026-05-28 02:07:18.625000+00:00,yes,0.5,,0.73,0.27,24.0,24.0,pmxt_archive_orderbook
2126503,2026-05-28 02:07:18.631000+00:00,yes,0.5,,0.73,0.27,24.0,24.0,pmxt_archive_orderbook
2126503,2026-05-28 02:07:18.639000+00:00,yes,0.5,,0.73,0.27,24.0,24.0,pmxt_archive_orderbook
2126503,2026-05-28 02:07:18.643000+00:00,yes,0.5,,0.73,0.27,24.0,24.0,pmxt_archive_orderbook
2126503,2026-05-28 02:07:18.646000+00:00,yes,0.5,,0.73,0.27,24.0,24.0,pmxt_archive_orderbook
2126503,2026-05-28 02:07:18.648000+00:00,yes,0.5,,0.73,0.27,24.0,24.0,pmxt_archive_orderbook
2126503,2026-05-28 02:07:18.649000+00:00,yes,0.5,,0.73,0.27,24.0,24.0,pmxt_archive_orderbook
2126503,2026-05-28 02:07:18.671000+00:00,yes,0.5,,0.73,0.27,24.0,24.0,pmxt_archive_orderbook
2126503,2026-05-28 02:07:18.672000+00:00,yes,0.5,,0.73,0.27,24.0,24.0,pmxt_archive_orderbook
2126503,2026-05-28 02:07:18.673000+00:00,yes,0.5,,0.73,0.27,24.0,24.0,pmxt_archive_orderbook
2126503,2026-05-28 02:07:18.687000+00:00,yes,0.5,,0.73,0.27,24.0,24.0,pmxt_archive_orderbook
2126503,2026-05-28 02:07:18.689000+00:00,yes,0.5,,0.73,0.27,24.0,24.0,pmxt_archive_orderbook
2126503,2026-05-28 02:07:18.692000+00:00,yes,0.505,,0.74,0.27,28.0,24.0,pmxt_archive_orderbook
2126503,2026-05-28 02:07:18.704000+00:00,yes,0.5,,0.74,0.26,28.0,28.0,pmxt_archive_orderbook
2126503,2026-05-28 02:07:18.706000+00:00,yes,0.5,,0.74,0.26,28.0,28.0,pmxt_archive_orderbook
2126503,2026-05-28 02:07:18.725000+00:00,yes,0.5,,0.74,0.26,28.0,28.0,pmxt_archive_orderbook
2126503,2026-05-28 02:07:18.727000+00:00,yes,0.5,,0.74,0.26,28.0,28.0,pmxt_archive_orderbook
2126503,2026-05-28 02:07:18.762000+00:00,yes,0.5,,0.74,0.26,28.0,28.0,pmxt_archive_orderbook
2126503,2026-05-28 02:07:18.766000+00:00,yes,0.5,,0.74,0.26,28.0,28.0,pmxt_archive_orderbook
2126503,2026-05-28 02:07:18.768000+00:00,yes,0.5,,0.74,0.26,28.0,28.0,pmxt_archive_orderbook
2126503,2026-05-28 02:07:18.777000+00:00,yes,0.5,,0.74,0.26,28.0,28.0,pmxt_archive_orderbook
2126503,2026-05-28 02:07:18.778000+00:00,yes,0.5,,0.74,0.26,28.0,28.0,pmxt_archive_orderbook
2126503,2026-05-28 02:07:18.784000+00:00,yes,0.5,,0.74,0.26,28.0,28.0,pmxt_archive_orderbook
2126503,2026-05-28 02:07:18.785000+00:00,yes,0.5,,0.74,0.26,28.0,28.0,pmxt_archive_orderbook
2126503,2026-05-28 02:07:18.787000+00:00,yes,0.495,,0.74,0.25,28.0,14.0,pmxt_archive_orderbook
2126503,2026-05-28 02:07:18.801000+00:00,yes,0.5,,0.75,0.25,14.0,14.0,pmxt_archive_orderbook
2126503,2026-05-28 02:07:18.806000+00:00,yes,0.5,,0.75,0.25,14.0,14.0,pmxt_archive_orderbook
2126503,2026-05-28 02:07:18.813000+00:00,yes,0.5,,0.75,0.25,14.0,14.0,pmxt_archive_orderbook
2126503,2026-05-28 02:07:18.815000+00:00,yes,0.5,,0.75,0.25,14.0,14.0,pmxt_archive_orderbook
2126503,2026-05-28 02:07:18.818000+00:00,yes,0.5,,0.75,0.25,14.0,14.0,pmxt_archive_orderbook
2126503,2026-05-28 02:07:18.819000+00:00,yes,0.5,,0.75,0.25,14.0,14.0,pmxt_archive_orderbook
2126503,2026-05-28 02:07:18.838000+00:00,yes,0.5,,0.75,0.25,14.0,14.0,pmxt_archive_orderbook
2126503,2026-05-28 02:07:18.842000+00:00,yes,0.5,,0.75,0.25,14.0,14.0,pmxt_archive_orderbook
2126503,2026-05-28 02:07:18.843000+00:00,yes,0.5,,0.75,0.25,14.0,14.0,pmxt_archive_orderbook
2126503,2026-05-28 02:07:18.846000+00:00,yes,0.5,,0.75,0.25,14.0,14.0,pmxt_archive_orderbook
2126503,2026-05-28 02:07:18.849000+00:00,yes,0.5,,0.75,0.25,14.0,14.0,pmxt_archive_orderbook
2126503,2026-05-28 02:07:18.853000+00:00,yes,0.5,,0.75,0.25,14.0,14.0,pmxt_archive_orderbook
2126503,2026-05-28 02:07:18.856000+00:00,yes,0.5,,0.75,0.25,14.0,14.0,pmxt_archive_orderbook
2126503,2026-05-28 02:07:18.858000+00:00,yes,0.5,,0.75,0.25,14.0,14.0,pmxt_archive_orderbook
2126503,2026-05-28 02:07:18.861000+00:00,yes,0.5,,0.75,0.25,14.0,14.0,pmxt_archive_orderbook
2126503,2026-05-28 02:07:18.864000+00:00,yes,0.5,,0.75,0.25,14.0,14.0,pmxt_archive_orderbook
2126503,2026-05-28 02:07:18.870000+00:00,yes,0.5,,0.75,0.25,14.0,14.0,pmxt_archive_orderbook
2126503,2026-05-28 02:07:18.873000+00:00,yes,0.5,,0.75,0.25,14.0,14.0,pmxt_archive_orderbook
2126503,2026-05-28 02:07:18.882000+00:00,yes,0.5,,0.75,0.25,14.0,14.0,pmxt_archive_orderbook
2126503,2026-05-28 02:07:18.886000+00:00,yes,0.5,,0.75,0.25,14.0,14.0,pmxt_archive_orderbook
2126503,2026-05-28 02:07:18.897000+00:00,yes,0.5,,0.75,0.25,14.0,14.0,pmxt_archive_orderbook
2126503,2026-05-28 02:07:18.898000+00:00,yes,0.5,,0.75,0.25,14.0,14.0,pmxt_archive_orderbook
2126503,2026-05-28 02:07:18.908000+00:00,yes,0.5,,0.75,0.25,14.0,14.0,pmxt_archive_orderbook
2126503,2026-05-28 02:07:18.914000+00:00,yes,0.5,,0.75,0.25,14.0,14.0,pmxt_archive_orderbook
2126503,2026-05-28 02:07:18.916000+00:00,yes,0.5,,0.75,0.25,14.0,14.0,pmxt_archive_orderbook
2126503,2026-05-28 02:07:18.917000+00:00,yes,0.5,,0.75,0.25,14.0,14.0,pmxt_archive_orderbook
2126503,2026-05-28 02:07:18.918000+00:00,yes,0.5,,0.75,0.25,14.0,14.0,pmxt_archive_orderbook
2126503,2026-05-28 02:07:18.921000+00:00,yes,0.5,,0.75,0.25,14.0,14.0,pmxt_archive_orderbook
2126503,2026-05-28 02:07:18.923000+00:00,yes,0.5,,0.75,0.25,14.0,14.0,pmxt_archive_orderbook
2126503,2026-05-28 02:07:18.927000+00:00,yes,0.5,,0.75,0.25,14.0,14.0,pmxt_archive_orderbook
2126503,2026-05-28 02:07:18.940000+00:00,yes,0.5,,0.75,0.25,14.0,14.0,pmxt_archive_orderbook
2126503,2026-05-28 02:07:18.941000+00:00,yes,0.5,,0.75,0.25,14.0,14.0,pmxt_archive_orderbook
2126503,2026-05-28 02:07:18.943000+00:00,yes,0.5,,0.75,0.25,14.0,14.0,pmxt_archive_orderbook
2126503,2026-05-28 02:07:18.947000+00:00,yes,0.5,,0.75,0.25,14.0,14.0,pmxt_archive_orderbook
2126503,2026-05-28 02:07:18.993000+00:00,yes,0.5,,0.75,0.25,14.0,14.0,pmxt_archive_orderbook
2126503,2026-05-28 02:07:19.006000+00:00,yes,0.5,,0.75,0.25,14.0,14.0,pmxt_archive_orderbook
2126503,2026-05-28 02:07:19.007000+00:00,yes,0.5,,0.75,0.25,14.0,14.0,pmxt_archive_orderbook
2126503,2026-05-28 02:07:19.008000+00:00,yes,0.5,,0.75,0.25,14.0,14.0,pmxt_archive_orderbook
2126503,2026-05-28 02:07:19.013000+00:00,yes,0.5,,0.75,0.25,14.0,14.0,pmxt_archive_orderbook
2126503,2026-05-28 02:07:19.018000+00:00,yes,0.5,,0.75,0.25,14.0,14.0,pmxt_archive_orderbook
2126503,2026-05-28 02:07:19.024000+00:00,yes,0.5,,0.75,0.25,4.0,14.0,pmxt_archive_orderbook
2126503,2026-05-28 02:07:19.040000+00:00,yes,0.235,,0.22,0.25,10.0,4.0,pmxt_archive_orderbook
2126503,2026-05-28 02:07:19.046000+00:00,yes,0.235,,0.22,0.25,10.0,4.0,pmxt_archive_orderbook
2126503,2026-05-28 02:07:19.052000+00:00,yes,0.375,,0.5,0.25,2200.0,4.0,pmxt_archive_orderbook
2126503,2026-05-28 02:07:19.053000+00:00,yes,0.375,,0.5,0.25,2200.0,4.0,pmxt_archive_orderbook
2126503,2026-05-28 02:07:19.056000+00:00,yes,0.375,,0.5,0.25,2200.0,4.0,pmxt_archive_orderbook
2126503,2026-05-28 02:07:19.061000+00:00,yes,0.375,,0.5,0.25,2200.0,4.0,pmxt_archive_orderbook
2126503,2026-05-28 02:07:19.064000+00:00,yes,0.375,,0.5,0.25,2200.0,4.0,pmxt_archive_orderbook
2126503,2026-05-28 02:07:19.076000+00:00,yes,0.375,,0.5,0.25,2200.0,4.0,pmxt_archive_orderbook
2126503,2026-05-28 02:07:19.083000+00:00,yes,0.375,,0.5,0.25,2200.0,4.0,pmxt_archive_orderbook
2126503,2026-05-28 02:07:19.097000+00:00,yes,0.375,,0.5,0.25,2200.0,4.0,pmxt_archive_orderbook
2126503,2026-05-28 02:07:19.099000+00:00,yes,0.375,,0.5,0.25,2200.0,4.0,pmxt_archive_orderbook
2126503,2026-05-28 02:07:19.109000+00:00,yes,0.375,,0.5,0.25,2200.0,4.0,pmxt_archive_orderbook
2126503,2026-05-28 02:07:19.127000+00:00,yes,0.375,,0.5,0.25,2200.0,4.0,pmxt_archive_orderbook
2126503,2026-05-28 02:07:19.128000+00:00,yes,0.375,,0.5,0.25,2200.0,4.0,pmxt_archive_orderbook
2126503,2026-05-28 02:07:19.136000+00:00,yes,0.375,,0.5,0.25,2200.0,4.0,pmxt_archive_orderbook
2126503,2026-05-28 02:07:19.142000+00:00,yes,0.375,,0.5,0.25,2200.0,4.0,pmxt_archive_orderbook
2126503,2026-05-28 02:07:19.144000+00:00,yes,0.39,,0.5,0.28,2200.0,20.0,pmxt_archive_orderbook
2126503,2026-05-28 02:07:19.147000+00:00,yes,0.39,,0.5,0.28,2200.0,20.0,pmxt_archive_orderbook
2126503,2026-05-28 02:07:19.155000+00:00,yes,0.39,,0.5,0.28,2200.0,20.0,pmxt_archive_orderbook
2126503,2026-05-28 02:07:19.158000+00:00,yes,0.39,,0.5,0.28,2200.0,20.0,pmxt_archive_orderbook
2126503,2026-05-28 02:07:19.171000+00:00,yes,0.39,,0.5,0.28,2200.0,20.0,pmxt_archive_orderbook
2126503,2026-05-28 02:07:19.176000+00:00,yes,0.39,,0.5,0.28,2200.0,20.0,pmxt_archive_orderbook
2126503,2026-05-28 02:07:19.181000+00:00,yes,0.39,,0.5,0.28,2200.0,20.0,pmxt_archive_orderbook
2126503,2026-05-28 02:07:19.182000+00:00,yes,0.39,,0.5,0.28,2200.0,20.0,pmxt_archive_orderbook
2126503,2026-05-28 02:07:19.184000+00:00,yes,0.39,,0.5,0.28,2200.0,20.0,pmxt_archive_orderbook
2126503,2026-05-28 02:07:19.186000+00:00,yes,0.39,,0.5,0.28,2200.0,20.0,pmxt_archive_orderbook
2126503,2026-05-28 02:07:19.189000+00:00,yes,0.39,,0.5,0.28,2200.0,20.0,pmxt_archive_orderbook
2126503,2026-05-28 02:07:19.190000+00:00,yes,0.39,,0.5,0.28,2200.0,20.0,pmxt_archive_orderbook
2126503,2026-05-28 02:07:19.195000+00:00,yes,0.47500000000000003,,0.67,0.28,629.0,20.0,pmxt_archive_orderbook
2126503,2026-05-28 02:07:19.211000+00:00,yes,0.47500000000000003,,0.67,0.28,629.0,20.0,pmxt_archive_orderbook
2126503,2026-05-28 02:07:19.217000+00:00,yes,0.48000000000000004,,0.68,0.28,6.0,20.0,pmxt_archive_orderbook
2126503,2026-05-28 02:07:19.219000+00:00,yes,0.48000000000000004,,0.68,0.28,6.0,20.0,pmxt_archive_orderbook
2126503,2026-05-28 02:07:19.233000+00:00,yes,0.505,,0.73,0.28,14.0,20.0,pmxt_archive_orderbook
2126503,2026-05-28 02:07:19.255000+00:00,yes,0.5,,0.73,0.27,14.0,14.0,pmxt_archive_orderbook
2126503,2026-05-28 02:07:19.268000+00:00,yes,0.5,,0.73,0.27,14.0,14.0,pmxt_archive_orderbook
2126503,2026-05-28 02:07:19.282000+00:00,yes,0.5,,0.73,0.27,14.0,14.0,pmxt_archive_orderbook
2126503,2026-05-28 02:07:19.299000+00:00,yes,0.5,,0.75,0.25,10.0,10.0,pmxt_archive_orderbook
2126503,2026-05-28 02:07:19.309000+00:00,yes,0.5,,0.75,0.25,10.0,10.0,pmxt_archive_orderbook
2126503,2026-05-28 02:07:19.311000+00:00,yes,0.5,,0.75,0.25,10.0,10.0,pmxt_archive_orderbook
2126503,2026-05-28 02:07:19.312000+00:00,yes,0.5,,0.75,0.25,10.0,10.0,pmxt_archive_orderbook
2126503,2026-05-28 02:07:19.334000+00:00,yes,0.5,,0.75,0.25,10.0,10.0,pmxt_archive_orderbook
2126503,2026-05-28 02:07:19.342000+00:00,yes,0.5,,0.75,0.25,10.0,10.0,pmxt_archive_orderbook
2126503,2026-05-28 02:07:19.343000+00:00,yes,0.5,,0.75,0.25,10.0,10.0,pmxt_archive_orderbook
2126503,2026-05-28 02:07:19.353000+00:00,yes,0.5,,0.75,0.25,10.0,10.0,pmxt_archive_orderbook
2126503,2026-05-28 02:07:19.365000+00:00,yes,0.5,,0.75,0.25,10.0,10.0,pmxt_archive_orderbook
2126503,2026-05-28 02:07:19.367000+00:00,yes,0.5,,0.75,0.25,10.0,10.0,pmxt_archive_orderbook
2126503,2026-05-28 02:07:19.379000+00:00,yes,0.5,,0.75,0.25,10.0,10.0,pmxt_archive_orderbook
2126503,2026-05-28 02:07:19.382000+00:00,yes,0.5,,0.75,0.25,10.0,10.0,pmxt_archive_orderbook
2126503,2026-05-28 02:07:19.390000+00:00,yes,0.5,,0.75,0.25,10.0,10.0,pmxt_archive_orderbook
2126503,2026-05-28 02:07:19.393000+00:00,yes,0.5,,0.75,0.25,10.0,10.0,pmxt_archive_orderbook
2126503,2026-05-28 02:07:19.394000+00:00,yes,0.5,,0.75,0.25,10.0,10.0,pmxt_archive_orderbook
2126503,2026-05-28 02:07:19.404000+00:00,yes,0.5,,0.75,0.25,10.0,10.0,pmxt_archive_orderbook
2126503,2026-05-28 02:07:19.413000+00:00,yes,0.5,,0.75,0.25,10.0,10.0,pmxt_archive_orderbook
2126503,2026-05-28 02:07:19.414000+00:00,yes,0.5,,0.75,0.25,10.0,10.0,pmxt_archive_orderbook
2126503,2026-05-28 02:07:19.450000+00:00,yes,0.5,,0.75,0.25,10.0,10.0,pmxt_archive_orderbook
2126503,2026-05-28 02:07:19.464000+00:00,yes,0.5,,0.75,0.25,10.0,10.0,pmxt_archive_orderbook
2126503,2026-05-28 02:07:19.466000+00:00,yes,0.5,,0.75,0.25,10.0,10.0,pmxt_archive_orderbook
2126503,2026-05-28 02:07:19.484000+00:00,yes,0.5,,0.75,0.25,10.0,10.0,pmxt_archive_orderbook
2126503,2026-05-28 02:07:19.485000+00:00,yes,0.5,,0.75,0.25,10.0,10.0,pmxt_archive_orderbook
2126503,2026-05-28 02:07:19.489000+00:00,yes,0.5,,0.75,0.25,10.0,10.0,pmxt_archive_orderbook
2126503,2026-05-28 02:07:19.499000+00:00,yes,0.5,,0.75,0.25,10.0,10.0,pmxt_archive_orderbook
2126503,2026-05-28 02:07:19.514000+00:00,yes,0.5,,0.75,0.25,10.0,10.0,pmxt_archive_orderbook
2126503,2026-05-28 02:07:19.537000+00:00,yes,0.5,,0.75,0.25,10.0,10.0,pmxt_archive_orderbook
2126503,2026-05-28 02:07:19.540000+00:00,yes,0.5,,0.75,0.25,10.0,10.0,pmxt_archive_orderbook
2126503,2026-05-28 02:07:19.547000+00:00,yes,0.5,,0.75,0.25,10.0,10.0,pmxt_archive_orderbook
2126503,2026-05-28 02:07:19.552000+00:00,yes,0.5,,0.75,0.25,10.0,10.0,pmxt_archive_orderbook
2126503,2026-05-28 02:07:19.554000+00:00,yes,0.5,,0.75,0.25,10.0,10.0,pmxt_archive_orderbook
2126503,2026-05-28 02:07:19.571000+00:00,yes,0.5,,0.75,0.25,10.0,10.0,pmxt_archive_orderbook
2126503,2026-05-28 02:07:19.923000+00:00,yes,0.235,,0.22,0.25,10.0,4.0,pmxt_archive_orderbook
2126503,2026-05-28 02:07:19.929000+00:00,yes,0.235,,0.22,0.25,10.0,4.0,pmxt_archive_orderbook
2126503,2026-05-28 02:07:19.930000+00:00,yes,0.235,,0.22,0.25,10.0,4.0,pmxt_archive_orderbook
2126503,2026-05-28 02:07:19.942000+00:00,yes,0.235,,0.22,0.25,10.0,4.0,pmxt_archive_orderbook
2126503,2026-05-28 02:07:19.968000+00:00,yes,0.495,,0.74,0.25,52.0,4.0,pmxt_archive_orderbook
2126503,2026-05-28 02:07:19.975000+00:00,yes,0.495,,0.74,0.25,52.0,4.0,pmxt_archive_orderbook
2126503,2026-05-28 02:07:20.005000+00:00,yes,0.495,,0.74,0.25,52.0,4.0,pmxt_archive_orderbook
2126503,2026-05-28 02:07:20.020000+00:00,yes,0.255,,0.25,0.26,14.0,47.46,pmxt_archive_orderbook
2126503,2026-05-28 02:07:20.054000+00:00,yes,0.255,,0.25,0.26,14.0,47.46,pmxt_archive_orderbook
2126503,2026-05-28 02:07:20.060000+00:00,yes,0.255,,0.25,0.26,14.0,47.46,pmxt_archive_orderbook
2126503,2026-05-28 02:07:20.075000+00:00,yes,0.5,,0.74,0.26,24.0,47.46,pmxt_archive_orderbook
2126503,2026-05-28 02:07:20.089000+00:00,yes,0.5,,0.74,0.26,24.0,24.0,pmxt_archive_orderbook
2126503,2026-05-28 02:07:20.108000+00:00,yes,0.745,,0.74,0.75,24.0,2.0,pmxt_archive_orderbook
2126503,2026-05-28 02:07:20.124000+00:00,yes,0.5,,0.74,0.26,147.0,147.0,pmxt_archive_orderbook
2126503,2026-05-28 02:07:20.126000+00:00,yes,0.5,,0.74,0.26,147.0,147.0,pmxt_archive_orderbook
2126503,2026-05-28 02:07:20.134000+00:00,yes,0.5,,0.74,0.26,147.0,147.0,pmxt_archive_orderbook
2126503,2026-05-28 02:07:20.144000+00:00,yes,0.5,,0.74,0.26,147.0,147.0,pmxt_archive_orderbook
2126503,2026-05-28 02:07:20.148000+00:00,yes,0.5,,0.74,0.26,147.0,147.0,pmxt_archive_orderbook
2126503,2026-05-28 02:07:20.150000+00:00,yes,0.5,,0.74,0.26,147.0,147.0,pmxt_archive_orderbook
2126503,2026-05-28 02:07:20.153000+00:00,yes,0.5,,0.74,0.26,147.0,147.0,pmxt_archive_orderbook
2126503,2026-05-28 02:07:20.166000+00:00,yes,0.5,,0.74,0.26,147.0,147.0,pmxt_archive_orderbook
2126503,2026-05-28 02:07:20.169000+00:00,yes,0.5,,0.74,0.26,147.0,147.0,pmxt_archive_orderbook
2126503,2026-05-28 02:07:20.172000+00:00,yes,0.5,,0.74,0.26,147.0,147.0,pmxt_archive_orderbook
2126503,2026-05-28 02:07:20.175000+00:00,yes,0.5,,0.74,0.26,147.0,147.0,pmxt_archive_orderbook
2126503,2026-05-28 02:07:20.176000+00:00,yes,0.5,,0.74,0.26,147.0,147.0,pmxt_archive_orderbook
2126503,2026-05-28 02:07:20.178000+00:00,yes,0.5,,0.74,0.26,147.0,147.0,pmxt_archive_orderbook
2126503,2026-05-28 02:07:20.182000+00:00,yes,0.5,,0.74,0.26,147.0,147.0,pmxt_archive_orderbook
2126503,2026-05-28 02:07:20.183000+00:00,yes,0.5,,0.74,0.26,175.0,175.0,pmxt_archive_orderbook
2126503,2026-05-28 02:07:20.203000+00:00,yes,0.5,,0.74,0.26,175.0,175.0,pmxt_archive_orderbook
2126503,2026-05-28 02:07:20.228000+00:00,yes,0.5,,0.74,0.26,175.0,175.0,pmxt_archive_orderbook
2126503,2026-05-28 02:07:20.251000+00:00,yes,0.5,,0.74,0.26,175.0,175.0,pmxt_archive_orderbook
2126503,2026-05-28 02:07:20.304000+00:00,yes,0.5,,0.74,0.26,175.0,175.0,pmxt_archive_orderbook
2126503,2026-05-28 02:07:20.344000+00:00,yes,0.5,,0.74,0.26,175.0,175.0,pmxt_archive_orderbook
2126503,2026-05-28 02:07:20.371000+00:00,yes,0.5,,0.74,0.26,175.0,175.0,pmxt_archive_orderbook
2126503,2026-05-28 02:07:20.387000+00:00,yes,0.5,,0.74,0.26,175.0,175.0,pmxt_archive_orderbook
2126503,2026-05-28 02:07:20.463000+00:00,yes,0.5,,0.74,0.26,52.0,52.0,pmxt_archive_orderbook
2126503,2026-05-28 02:07:20.469000+00:00,yes,0.5,,0.74,0.26,52.0,52.0,pmxt_archive_orderbook
2126503,2026-05-28 02:07:20.498000+00:00,yes,0.5,,0.74,0.26,170.0,52.0,pmxt_archive_orderbook
2126503,2026-05-28 02:07:20.503000+00:00,yes,0.5,,0.74,0.26,170.0,52.0,pmxt_archive_orderbook
2126503,2026-05-28 02:07:20.517000+00:00,yes,0.5,,0.74,0.26,170.0,170.0,pmxt_archive_orderbook
2126503,2026-05-28 02:07:20.518000+00:00,yes,0.5,,0.74,0.26,170.0,170.0,pmxt_archive_orderbook
2126503,2026-05-28 02:07:20.601000+00:00,yes,0.5,,0.74,0.26,170.0,170.0,pmxt_archive_orderbook
2126503,2026-05-28 02:07:20.633000+00:00,yes,0.5,,0.74,0.26,170.0,170.0,pmxt_archive_orderbook
2126503,2026-05-28 02:07:20.792000+00:00,yes,0.5,,0.74,0.26,170.0,170.0,pmxt_archive_orderbook
2126503,2026-05-28 02:07:20.794000+00:00,yes,0.5,,0.74,0.26,170.0,170.0,pmxt_archive_orderbook
2126503,2026-05-28 02:07:20.800000+00:00,yes,0.5,,0.74,0.26,170.0,170.0,pmxt_archive_orderbook
2126503,2026-05-28 02:07:20.804000+00:00,yes,0.5,,0.74,0.26,170.0,170.0,pmxt_archive_orderbook
2126503,2026-05-28 02:07:20.821000+00:00,yes,0.5,,0.74,0.26,170.0,170.0,pmxt_archive_orderbook
2126503,2026-05-28 02:07:20.830000+00:00,yes,0.5,,0.74,0.26,170.0,170.0,pmxt_archive_orderbook
2126503,2026-05-28 02:07:20.904000+00:00,yes,0.5,,0.74,0.26,170.0,170.0,pmxt_archive_orderbook
2126503,2026-05-28 02:07:20.945000+00:00,yes,0.5,,0.74,0.26,170.0,170.0,pmxt_archive_orderbook
2126503,2026-05-28 02:07:20.986000+00:00,yes,0.5,,0.74,0.26,170.0,170.0,pmxt_archive_orderbook
2126503,2026-05-28 02:07:20.992000+00:00,yes,0.5,,0.74,0.26,170.0,170.0,pmxt_archive_orderbook
2126503,2026-05-28 02:07:20.999000+00:00,yes,0.5,,0.74,0.26,170.0,170.0,pmxt_archive_orderbook
2126503,2026-05-28 02:07:21+00:00,yes,0.5,,0.74,0.26,170.0,170.0,pmxt_archive_orderbook
2126503,2026-05-28 02:07:21.003000+00:00,yes,0.485,,0.74,0.23,170.0,16.46,pmxt_archive_orderbook
2126503,2026-05-28 02:07:21.004000+00:00,yes,0.815,,0.77,0.86,16.46,6.0,pmxt_archive_orderbook
2126503,2026-05-28 02:07:21.013000+00:00,yes,0.49,,0.75,0.23,40.0,16.46,pmxt_archive_orderbook
2126503,2026-05-28 02:07:21.021000+00:00,yes,0.505,,0.78,0.23,32.05,16.46,pmxt_archive_orderbook
2126503,2026-05-28 02:07:21.023000+00:00,yes,0.5,,0.77,0.23,48.92,16.46,pmxt_archive_orderbook
2126503,2026-05-28 02:07:21.024000+00:00,yes,0.505,,0.78,0.23,32.05,16.46,pmxt_archive_orderbook
2126503,2026-05-28 02:07:21.040000+00:00,yes,0.5,,0.78,0.22,32.05,32.05,pmxt_archive_orderbook
2126503,2026-05-28 02:07:21.047000+00:00,yes,0.505,,0.79,0.22,118.0,32.05,pmxt_archive_orderbook
2126503,2026-05-28 02:07:21.053000+00:00,yes,0.5,,0.79,0.21,118.0,118.0,pmxt_archive_orderbook
2126503,2026-05-28 02:07:21.063000+00:00,yes,0.5,,0.79,0.21,118.0,118.0,pmxt_archive_orderbook
2126503,2026-05-28 02:07:21.086000+00:00,yes,0.5,,0.79,0.21,118.0,118.0,pmxt_archive_orderbook
2126503,2026-05-28 02:07:21.095000+00:00,yes,0.5,,0.79,0.21,118.0,118.0,pmxt_archive_orderbook
2126503,2026-05-28 02:07:21.103000+00:00,yes,0.5,,0.79,0.21,118.0,118.0,pmxt_archive_orderbook
2126503,2026-05-28 02:07:21.126000+00:00,yes,0.5,,0.79,0.21,118.0,118.0,pmxt_archive_orderbook
2126503,2026-05-28 02:07:21.127000+00:00,yes,0.5,,0.79,0.21,118.0,118.0,pmxt_archive_orderbook
2126503,2026-05-28 02:07:21.144000+00:00,yes,0.505,,0.8,0.21,250.0,118.0,pmxt_archive_orderbook
2126503,2026-05-28 02:07:21.150000+00:00,yes,0.5,,0.8,0.2,250.0,250.0,pmxt_archive_orderbook
2126503,2026-05-28 02:07:21.158000+00:00,yes,0.5,,0.8,0.2,250.0,250.0,pmxt_archive_orderbook
2126503,2026-05-28 02:07:21.175000+00:00,yes,0.5,,0.8,0.2,278.0,250.0,pmxt_archive_orderbook
2126503,2026-05-28 02:07:21.184000+00:00,yes,0.5,,0.8,0.2,278.0,250.0,pmxt_archive_orderbook
2126503,2026-05-28 02:07:21.185000+00:00,yes,0.5,,0.8,0.2,278.0,250.0,pmxt_archive_orderbook
2126503,2026-05-28 02:07:21.227000+00:00,yes,0.5,,0.8,0.2,278.0,278.0,pmxt_archive_orderbook
2126503,2026-05-28 02:07:21.247000+00:00,yes,0.5,,0.8,0.2,278.0,278.0,pmxt_archive_orderbook
2126503,2026-05-28 02:07:21.257000+00:00,yes,0.5,,0.8,0.2,278.0,278.0,pmxt_archive_orderbook
2126503,2026-05-28 02:07:21.267000+00:00,yes,0.5,,0.8,0.2,278.0,278.0,pmxt_archive_orderbook
2126503,2026-05-28 02:07:21.308000+00:00,yes,0.5,,0.8,0.2,278.0,278.0,pmxt_archive_orderbook
2126503,2026-05-28 02:07:21.309000+00:00,yes,0.5,,0.8,0.2,278.0,278.0,pmxt_archive_orderbook
2126503,2026-05-28 02:07:21.310000+00:00,yes,0.5,,0.8,0.2,278.0,278.0,pmxt_archive_orderbook
2126503,2026-05-28 02:07:21.314000+00:00,yes,0.5,,0.8,0.2,278.0,278.0,pmxt_archive_orderbook
2126503,2026-05-28 02:07:21.323000+00:00,yes,0.5,,0.8,0.2,278.0,278.0,pmxt_archive_orderbook
2126503,2026-05-28 02:07:21.331000+00:00,yes,0.5,,0.8,0.2,278.0,278.0,pmxt_archive_orderbook
2126503,2026-05-28 02:07:21.360000+00:00,yes,0.5,,0.8,0.2,278.0,278.0,pmxt_archive_orderbook
2126503,2026-05-28 02:07:21.368000+00:00,yes,0.5,,0.8,0.2,278.0,278.0,pmxt_archive_orderbook
2126503,2026-05-28 02:07:21.384000+00:00,yes,0.5,,0.8,0.2,278.0,278.0,pmxt_archive_orderbook
2126503,2026-05-28 02:07:21.398000+00:00,yes,0.5,,0.8,0.2,278.0,278.0,pmxt_archive_orderbook
2126503,2026-05-28 02:07:21.415000+00:00,yes,0.5,,0.8,0.2,278.0,278.0,pmxt_archive_orderbook
2126503,2026-05-28 02:07:21.423000+00:00,yes,0.5,,0.8,0.2,278.0,278.0,pmxt_archive_orderbook
2126503,2026-05-28 02:07:21.481000+00:00,yes,0.5,,0.8,0.2,278.0,278.0,pmxt_archive_orderbook
2126503,2026-05-28 02:07:21.491000+00:00,yes,0.5,,0.8,0.2,278.0,278.0,pmxt_archive_orderbook
2126503,2026-05-28 02:07:21.504000+00:00,yes,0.5,,0.8,0.2,278.0,278.0,pmxt_archive_orderbook
2126503,2026-05-28 02:07:21.512000+00:00,yes,0.5,,0.8,0.2,328.0,328.0,pmxt_archive_orderbook
2126503,2026-05-28 02:07:21.513000+00:00,yes,0.51,,0.82,0.2,60.0,328.0,pmxt_archive_orderbook
2126503,2026-05-28 02:07:21.520000+00:00,yes,0.51,,0.82,0.2,60.0,328.0,pmxt_archive_orderbook
2126503,2026-05-28 02:07:21.534000+00:00,yes,0.5,,0.82,0.18,60.0,60.0,pmxt_archive_orderbook
2126503,2026-05-28 02:07:21.573000+00:00,yes,0.5,,0.82,0.18,60.0,60.0,pmxt_archive_orderbook
2126503,2026-05-28 02:07:21.583000+00:00,yes,0.5,,0.82,0.18,60.0,60.0,pmxt_archive_orderbook
2126503,2026-05-28 02:07:21.597000+00:00,yes,0.5,,0.82,0.18,60.0,60.0,pmxt_archive_orderbook
2126503,2026-05-28 02:07:21.616000+00:00,yes,0.5,,0.82,0.18,60.0,60.0,pmxt_archive_orderbook
2126503,2026-05-28 02:07:21.621000+00:00,yes,0.5,,0.82,0.18,60.0,60.0,pmxt_archive_orderbook
2126503,2026-05-28 02:07:21.622000+00:00,yes,0.5,,0.82,0.18,60.0,60.0,pmxt_archive_orderbook
2126503,2026-05-28 02:07:21.623000+00:00,yes,0.5,,0.82,0.18,60.0,60.0,pmxt_archive_orderbook
2126503,2026-05-28 02:07:21.626000+00:00,yes,0.5,,0.82,0.18,60.0,60.0,pmxt_archive_orderbook
2126503,2026-05-28 02:07:21.629000+00:00,yes,0.5,,0.82,0.18,60.0,60.0,pmxt_archive_orderbook
2126503,2026-05-28 02:07:21.639000+00:00,yes,0.5,,0.82,0.18,60.0,60.0,pmxt_archive_orderbook
2126503,2026-05-28 02:07:21.665000+00:00,yes,0.5,,0.82,0.18,60.0,60.0,pmxt_archive_orderbook
2126503,2026-05-28 02:07:21.673000+00:00,yes,0.5,,0.82,0.18,60.0,60.0,pmxt_archive_orderbook
2126503,2026-05-28 02:07:21.682000+00:00,yes,0.5,,0.82,0.18,60.0,60.0,pmxt_archive_orderbook
2126503,2026-05-28 02:07:21.711000+00:00,yes,0.5,,0.82,0.18,60.0,60.0,pmxt_archive_orderbook
2126503,2026-05-28 02:07:21.744000+00:00,yes,0.5,,0.82,0.18,60.0,60.0,pmxt_archive_orderbook
2126503,2026-05-28 02:07:21.848000+00:00,yes,0.5,,0.82,0.18,60.0,60.0,pmxt_archive_orderbook
2126503,2026-05-28 02:07:21.886000+00:00,yes,0.5,,0.82,0.18,60.0,60.0,pmxt_archive_orderbook
2126503,2026-05-28 02:07:21.898000+00:00,yes,0.5,,0.82,0.18,60.0,60.0,pmxt_archive_orderbook
2126503,2026-05-28 02:07:21.914000+00:00,yes,0.5,,0.82,0.18,60.0,60.0,pmxt_archive_orderbook
2126503,2026-05-28 02:07:21.941000+00:00,yes,0.5,,0.82,0.18,60.0,60.0,pmxt_archive_orderbook
2126503,2026-05-28 02:07:22.016000+00:00,yes,0.5,,0.82,0.18,60.0,60.0,pmxt_archive_orderbook
2126503,2026-05-28 02:07:22.035000+00:00,yes,0.16499999999999998,,0.15,0.18,22.7,60.0,pmxt_archive_orderbook
2126503,2026-05-28 02:07:22.042000+00:00,yes,0.16499999999999998,,0.15,0.18,10.9,60.0,pmxt_archive_orderbook
2126503,2026-05-28 02:07:22.053000+00:00,yes,0.5,,0.82,0.18,74.0,60.0,pmxt_archive_orderbook
2126503,2026-05-28 02:07:22.077000+00:00,yes,0.505,,0.83,0.18,14.0,74.0,pmxt_archive_orderbook
2126503,2026-05-28 02:07:22.099000+00:00,yes,0.5,,0.83,0.17,14.0,14.0,pmxt_archive_orderbook
2126503,2026-05-28 02:07:22.118000+00:00,yes,0.5,,0.83,0.17,14.0,14.0,pmxt_archive_orderbook
2126503,2026-05-28 02:07:22.119000+00:00,yes,0.5,,0.83,0.17,14.0,14.0,pmxt_archive_orderbook
2126503,2026-05-28 02:07:22.128000+00:00,yes,0.5,,0.83,0.17,14.0,14.0,pmxt_archive_orderbook
2126503,2026-05-28 02:07:22.130000+00:00,yes,0.5,,0.83,0.17,14.0,14.0,pmxt_archive_orderbook
2126503,2026-05-28 02:07:22.132000+00:00,yes,0.5,,0.83,0.17,14.0,14.0,pmxt_archive_orderbook
2126503,2026-05-28 02:07:22.137000+00:00,yes,0.5,,0.83,0.17,14.0,14.0,pmxt_archive_orderbook
2126503,2026-05-28 02:07:22.165000+00:00,yes,0.5,,0.83,0.17,14.0,14.0,pmxt_archive_orderbook
2126503,2026-05-28 02:07:22.181000+00:00,yes,0.5,,0.83,0.17,14.0,14.0,pmxt_archive_orderbook
2126503,2026-05-28 02:07:22.203000+00:00,yes,0.5,,0.83,0.17,14.0,14.0,pmxt_archive_orderbook
2126503,2026-05-28 02:07:22.204000+00:00,yes,0.5,,0.83,0.17,14.0,14.0,pmxt_archive_orderbook
2126503,2026-05-28 02:07:22.233000+00:00,yes,0.5,,0.83,0.17,14.0,14.0,pmxt_archive_orderbook
2126503,2026-05-28 02:07:22.241000+00:00,yes,0.5,,0.83,0.17,14.0,14.0,pmxt_archive_orderbook
2126503,2026-05-28 02:07:22.259000+00:00,yes,0.5,,0.83,0.17,14.0,14.0,pmxt_archive_orderbook
2126503,2026-05-28 02:07:22.282000+00:00,yes,0.5,,0.83,0.17,14.0,14.0,pmxt_archive_orderbook
2126503,2026-05-28 02:07:22.307000+00:00,yes,0.5,,0.83,0.17,14.0,14.0,pmxt_archive_orderbook
2126503,2026-05-28 02:07:22.320000+00:00,yes,0.5,,0.83,0.17,14.0,14.0,pmxt_archive_orderbook
2126503,2026-05-28 02:07:22.335000+00:00,yes,0.5,,0.83,0.17,14.0,14.0,pmxt_archive_orderbook
2126503,2026-05-28 02:07:22.350000+00:00,yes,0.5,,0.83,0.17,14.0,14.0,pmxt_archive_orderbook
2126503,2026-05-28 02:07:22.355000+00:00,yes,0.5,,0.83,0.17,14.0,14.0,pmxt_archive_orderbook
2126503,2026-05-28 02:07:22.407000+00:00,yes,0.5,,0.83,0.17,14.0,14.0,pmxt_archive_orderbook
2126503,2026-05-28 02:07:22.468000+00:00,yes,0.5,,0.83,0.17,14.0,14.0,pmxt_archive_orderbook
2126503,2026-05-28 02:07:22.497000+00:00,yes,0.5,,0.83,0.17,14.0,14.0,pmxt_archive_orderbook
2126503,2026-05-28 02:07:22.520000+00:00,yes,0.5,,0.83,0.17,14.0,14.0,pmxt_archive_orderbook
2126503,2026-05-28 02:07:22.522000+00:00,yes,0.5,,0.83,0.17,14.0,14.0,pmxt_archive_orderbook
2126503,2026-05-28 02:07:22.538000+00:00,yes,0.5,,0.83,0.17,14.0,14.0,pmxt_archive_orderbook
2126503,2026-05-28 02:07:22.545000+00:00,yes,0.5,,0.83,0.17,14.0,14.0,pmxt_archive_orderbook
2126503,2026-05-28 02:07:22.576000+00:00,yes,0.5,,0.83,0.17,14.0,14.0,pmxt_archive_orderbook
2126503,2026-05-28 02:07:22.580000+00:00,yes,0.5,,0.83,0.17,14.0,14.0,pmxt_archive_orderbook
2126503,2026-05-28 02:07:22.588000+00:00,yes,0.5,,0.83,0.17,42.0,42.0,pmxt_archive_orderbook
2126503,2026-05-28 02:07:22.596000+00:00,yes,0.5,,0.83,0.17,42.0,42.0,pmxt_archive_orderbook
2126503,2026-05-28 02:07:22.602000+00:00,yes,0.5,,0.83,0.17,42.0,42.0,pmxt_archive_orderbook
2126503,2026-05-28 02:07:22.610000+00:00,yes,0.5,,0.83,0.17,42.0,42.0,pmxt_archive_orderbook
2126503,2026-05-28 02:07:22.618000+00:00,yes,0.5,,0.83,0.17,42.0,42.0,pmxt_archive_orderbook
2126503,2026-05-28 02:07:22.669000+00:00,yes,0.5,,0.83,0.17,28.0,42.0,pmxt_archive_orderbook
2126503,2026-05-28 02:07:22.672000+00:00,yes,0.5,,0.83,0.17,56.0,42.0,pmxt_archive_orderbook
2126503,2026-05-28 02:07:22.687000+00:00,yes,0.5,,0.83,0.17,28.0,28.0,pmxt_archive_orderbook
2126503,2026-05-28 02:07:22.700000+00:00,yes,0.5,,0.83,0.17,28.0,28.0,pmxt_archive_orderbook
2126503,2026-05-28 02:07:22.709000+00:00,yes,0.5,,0.83,0.17,28.0,28.0,pmxt_archive_orderbook
2126503,2026-05-28 02:07:22.747000+00:00,yes,0.5,,0.83,0.17,28.0,28.0,pmxt_archive_orderbook
2126503,2026-05-28 02:07:22.756000+00:00,yes,0.505,,0.83,0.18,28.0,60.0,pmxt_archive_orderbook
2126503,2026-05-28 02:07:22.766000+00:00,yes,0.5,,0.82,0.18,60.0,60.0,pmxt_archive_orderbook
2126503,2026-05-28 02:07:22.772000+00:00,yes,0.5,,0.82,0.18,60.0,60.0,pmxt_archive_orderbook
2126503,2026-05-28 02:07:22.780000+00:00,yes,0.5,,0.82,0.18,60.0,60.0,pmxt_archive_orderbook
2126503,2026-05-28 02:07:22.784000+00:00,yes,0.5,,0.82,0.18,60.0,60.0,pmxt_archive_orderbook
2126503,2026-05-28 02:07:22.787000+00:00,yes,0.5,,0.82,0.18,60.0,60.0,pmxt_archive_orderbook
2126503,2026-05-28 02:07:22.817000+00:00,yes,0.505,,0.83,0.18,28.0,60.0,pmxt_archive_orderbook
2126503,2026-05-28 02:07:22.824000+00:00,yes,0.5,,0.83,0.17,28.0,28.0,pmxt_archive_orderbook
2126503,2026-05-28 02:07:22.840000+00:00,yes,0.5,,0.83,0.17,28.0,28.0,pmxt_archive_orderbook
2126503,2026-05-28 02:07:22.844000+00:00,yes,0.5,,0.83,0.17,28.0,28.0,pmxt_archive_orderbook
2126503,2026-05-28 02:07:22.875000+00:00,yes,0.5,,0.83,0.17,28.0,28.0,pmxt_archive_orderbook
2126503,2026-05-28 02:07:22.880000+00:00,yes,0.5,,0.83,0.17,28.0,28.0,pmxt_archive_orderbook
2126503,2026-05-28 02:07:22.881000+00:00,yes,0.5,,0.83,0.17,28.0,28.0,pmxt_archive_orderbook
2126503,2026-05-28 02:07:22.909000+00:00,yes,0.5,,0.83,0.17,28.0,28.0,pmxt_archive_orderbook
2126503,2026-05-28 02:07:22.916000+00:00,yes,0.505,,0.83,0.18,28.0,60.0,pmxt_archive_orderbook
2126503,2026-05-28 02:07:22.917000+00:00,yes,0.5,,0.82,0.18,60.0,60.0,pmxt_archive_orderbook
2126503,2026-05-28 02:07:22.918000+00:00,yes,0.5,,0.82,0.18,60.0,60.0,pmxt_archive_orderbook
2126503,2026-05-28 02:07:22.925000+00:00,yes,0.5,,0.82,0.18,60.0,60.0,pmxt_archive_orderbook
2126503,2026-05-28 02:07:22.926000+00:00,yes,0.5,,0.82,0.18,60.0,60.0,pmxt_archive_orderbook
2126503,2026-05-28 02:07:22.929000+00:00,yes,0.5,,0.82,0.18,60.0,60.0,pmxt_archive_orderbook
2126503,2026-05-28 02:07:22.952000+00:00,yes,0.5,,0.82,0.18,60.0,60.0,pmxt_archive_orderbook
2126503,2026-05-28 02:07:22.954000+00:00,yes,0.5,,0.82,0.18,60.0,60.0,pmxt_archive_orderbook
2126503,2026-05-28 02:07:22.974000+00:00,yes,0.5,,0.82,0.18,60.0,60.0,pmxt_archive_orderbook
2126503,2026-05-28 02:07:22.976000+00:00,yes,0.5,,0.82,0.18,60.0,60.0,pmxt_archive_orderbook
2126503,2026-05-28 02:07:22.981000+00:00,yes,0.5,,0.82,0.18,60.0,60.0,pmxt_archive_orderbook
2126503,2026-05-28 02:07:22.986000+00:00,yes,0.5,,0.82,0.18,88.0,60.0,pmxt_archive_orderbook
2126503,2026-05-28 02:07:22.989000+00:00,yes,0.5,,0.82,0.18,88.0,88.0,pmxt_archive_orderbook
2126503,2026-05-28 02:07:22.994000+00:00,yes,0.5,,0.82,0.18,88.0,88.0,pmxt_archive_orderbook
2126503,2026-05-28 02:07:23.004000+00:00,yes,0.5,,0.82,0.18,88.0,82.0,pmxt_archive_orderbook
2126503,2026-05-28 02:07:23.052000+00:00,yes,0.6499999999999999,,0.82,0.48,82.0,90.0,pmxt_archive_orderbook
2126503,2026-05-28 02:07:23.056000+00:00,yes,0.6499999999999999,,0.82,0.48,82.0,90.0,pmxt_archive_orderbook
2126503,2026-05-28 02:07:23.064000+00:00,yes,0.55,,0.82,0.28,82.0,60.0,pmxt_archive_orderbook
2126503,2026-05-28 02:07:23.073000+00:00,yes,0.5,,0.82,0.18,82.0,54.0,pmxt_archive_orderbook
2126503,2026-05-28 02:07:23.075000+00:00,yes,0.5,,0.82,0.18,54.0,54.0,pmxt_archive_orderbook
2126503,2026-05-28 02:07:23.080000+00:00,yes,0.5,,0.82,0.18,54.0,54.0,pmxt_archive_orderbook
2126503,2026-05-28 02:07:23.089000+00:00,yes,0.5,,0.82,0.18,54.0,54.0,pmxt_archive_orderbook
2126503,2026-05-28 02:07:23.091000+00:00,yes,0.5,,0.82,0.18,54.0,54.0,pmxt_archive_orderbook
2126503,2026-05-28 02:07:23.098000+00:00,yes,0.5,,0.82,0.18,54.0,54.0,pmxt_archive_orderbook
2126503,2026-05-28 02:07:23.108000+00:00,yes,0.5,,0.82,0.18,54.0,82.0,pmxt_archive_orderbook
2126503,2026-05-28 02:07:23.169000+00:00,yes,0.5,,0.82,0.18,110.0,82.0,pmxt_archive_orderbook
2126503,2026-05-28 02:07:23.170000+00:00,yes,0.5,,0.82,0.18,110.0,82.0,pmxt_archive_orderbook
2126503,2026-05-28 02:07:23.173000+00:00,yes,0.5,,0.82,0.18,110.0,110.0,pmxt_archive_orderbook
2126503,2026-05-28 02:07:23.180000+00:00,yes,0.5,,0.82,0.18,110.0,110.0,pmxt_archive_orderbook
2126503,2026-05-28 02:07:23.194000+00:00,yes,0.5,,0.82,0.18,110.0,110.0,pmxt_archive_orderbook
2126503,2026-05-28 02:07:23.212000+00:00,yes,0.5,,0.82,0.18,110.0,110.0,pmxt_archive_orderbook
2126503,2026-05-28 02:07:23.237000+00:00,yes,0.5,,0.82,0.18,110.0,110.0,pmxt_archive_orderbook
2126503,2026-05-28 02:07:23.261000+00:00,yes,0.5,,0.82,0.18,110.0,110.0,pmxt_archive_orderbook
2126503,2026-05-28 02:07:23.266000+00:00,yes,0.5,,0.82,0.18,110.0,110.0,pmxt_archive_orderbook
2126503,2026-05-28 02:07:23.288000+00:00,yes,0.5,,0.82,0.18,110.0,110.0,pmxt_archive_orderbook
2126503,2026-05-28 02:07:23.303000+00:00,yes,0.5,,0.82,0.18,110.0,110.0,pmxt_archive_orderbook
2126503,2026-05-28 02:07:23.306000+00:00,yes,0.5,,0.82,0.18,110.0,110.0,pmxt_archive_orderbook
2126503,2026-05-28 02:07:23.315000+00:00,yes,0.5,,0.82,0.18,110.0,110.0,pmxt_archive_orderbook
2126503,2026-05-28 02:07:23.371000+00:00,yes,0.5,,0.82,0.18,110.0,110.0,pmxt_archive_orderbook
2126503,2026-05-28 02:07:23.400000+00:00,yes,0.5,,0.82,0.18,110.0,110.0,pmxt_archive_orderbook
2126503,2026-05-28 02:07:23.416000+00:00,yes,0.5,,0.82,0.18,110.0,110.0,pmxt_archive_orderbook
2126503,2026-05-28 02:07:23.417000+00:00,yes,0.5,,0.82,0.18,110.0,110.0,pmxt_archive_orderbook
2126503,2026-05-28 02:07:23.432000+00:00,yes,0.5,,0.82,0.18,82.0,110.0,pmxt_archive_orderbook
2126503,2026-05-28 02:07:23.501000+00:00,yes,0.5,,0.82,0.18,82.0,110.0,pmxt_archive_orderbook
2126503,2026-05-28 02:07:23.556000+00:00,yes,0.5,,0.82,0.18,82.0,82.0,pmxt_archive_orderbook
2126503,2026-05-28 02:07:23.611000+00:00,yes,0.5,,0.82,0.18,82.0,110.0,pmxt_archive_orderbook
2126503,2026-05-28 02:07:23.620000+00:00,yes,0.5,,0.82,0.18,82.0,82.0,pmxt_archive_orderbook
2126503,2026-05-28 02:07:23.644000+00:00,yes,0.5,,0.82,0.18,82.0,110.0,pmxt_archive_orderbook
2126503,2026-05-28 02:07:23.692000+00:00,yes,0.5,,0.82,0.18,82.0,82.0,pmxt_archive_orderbook
2126503,2026-05-28 02:07:23.784000+00:00,yes,0.5,,0.82,0.18,82.0,82.0,pmxt_archive_orderbook
2126503,2026-05-28 02:07:23.816000+00:00,yes,0.5,,0.82,0.18,82.0,82.0,pmxt_archive_orderbook
2126503,2026-05-28 02:07:23.920000+00:00,yes,0.5,,0.82,0.18,82.0,82.0,pmxt_archive_orderbook
2126503,2026-05-28 02:07:23.943000+00:00,yes,0.5,,0.82,0.18,82.0,82.0,pmxt_archive_orderbook
2126503,2026-05-28 02:07:23.963000+00:00,yes,0.5,,0.82,0.18,82.0,82.0,pmxt_archive_orderbook
2126503,2026-05-28 02:07:23.982000+00:00,yes,0.5,,0.82,0.18,82.0,82.0,pmxt_archive_orderbook
2126503,2026-05-28 02:07:24.021000+00:00,yes,0.5,,0.82,0.18,54.0,54.0,pmxt_archive_orderbook
2126503,2026-05-28 02:07:24.032000+00:00,yes,0.5,,0.82,0.18,54.0,82.0,pmxt_archive_orderbook
2126503,2026-05-28 02:07:24.057000+00:00,yes,0.5,,0.82,0.18,54.0,82.0,pmxt_archive_orderbook
2126503,2026-05-28 02:07:24.059000+00:00,yes,0.5,,0.82,0.18,54.0,54.0,pmxt_archive_orderbook
2126503,2026-05-28 02:07:24.061000+00:00,yes,0.5,,0.82,0.18,54.0,82.0,pmxt_archive_orderbook
2126503,2026-05-28 02:07:24.079000+00:00,yes,0.5,,0.82,0.18,54.0,82.0,pmxt_archive_orderbook
2126503,2026-05-28 02:07:24.152000+00:00,yes,0.5,,0.82,0.18,82.0,82.0,pmxt_archive_orderbook
2126503,2026-05-28 02:07:24.154000+00:00,yes,0.5,,0.82,0.18,82.0,82.0,pmxt_archive_orderbook
2126503,2026-05-28 02:07:24.170000+00:00,yes,0.5,,0.82,0.18,82.0,82.0,pmxt_archive_orderbook
2126503,2026-05-28 02:07:24.172000+00:00,yes,0.5,,0.82,0.18,82.0,82.0,pmxt_archive_orderbook
2126503,2026-05-28 02:07:24.201000+00:00,yes,0.5,,0.82,0.18,82.0,82.0,pmxt_archive_orderbook
2126503,2026-05-28 02:07:24.219000+00:00,yes,0.5,,0.82,0.18,82.0,82.0,pmxt_archive_orderbook
2126503,2026-05-28 02:07:24.244000+00:00,yes,0.5,,0.82,0.18,82.0,82.0,pmxt_archive_orderbook
2126503,2026-05-28 02:07:24.255000+00:00,yes,0.5,,0.82,0.18,82.0,82.0,pmxt_archive_orderbook
2126503,2026-05-28 02:07:24.285000+00:00,yes,0.5,,0.82,0.18,82.0,54.0,pmxt_archive_orderbook
2126503,2026-05-28 02:07:24.295000+00:00,yes,0.5,,0.82,0.18,54.0,54.0,pmxt_archive_orderbook
2126503,2026-05-28 02:07:24.296000+00:00,yes,0.5,,0.82,0.18,54.0,54.0,pmxt_archive_orderbook
2126503,2026-05-28 02:07:24.364000+00:00,yes,0.5,,0.82,0.18,54.0,54.0,pmxt_archive_orderbook
2126503,2026-05-28 02:07:24.365000+00:00,yes,0.5,,0.82,0.18,82.0,82.0,pmxt_archive_orderbook
2126503,2026-05-28 02:07:24.378000+00:00,yes,0.5,,0.82,0.18,82.0,82.0,pmxt_archive_orderbook
2126503,2026-05-28 02:07:24.510000+00:00,yes,0.5,,0.82,0.18,82.0,82.0,pmxt_archive_orderbook
2126503,2026-05-28 02:07:24.586000+00:00,yes,0.5,,0.82,0.18,82.0,82.0,pmxt_archive_orderbook
2126503,2026-05-28 02:07:24.696000+00:00,yes,0.5,,0.82,0.18,82.0,82.0,pmxt_archive_orderbook
2126503,2026-05-28 02:07:24.801000+00:00,yes,0.5,,0.82,0.18,82.0,82.0,pmxt_archive_orderbook
2126503,2026-05-28 02:07:24.834000+00:00,yes,0.5,,0.82,0.18,82.0,82.0,pmxt_archive_orderbook
2126503,2026-05-28 02:07:24.839000+00:00,yes,0.5,,0.82,0.18,82.0,82.0,pmxt_archive_orderbook
2126503,2026-05-28 02:07:24.901000+00:00,yes,0.5,,0.82,0.18,82.0,82.0,pmxt_archive_orderbook
2126503,2026-05-28 02:07:24.944000+00:00,yes,0.5,,0.82,0.18,82.0,82.0,pmxt_archive_orderbook
2126503,2026-05-28 02:07:25.026000+00:00,yes,0.5,,0.82,0.18,82.0,82.0,pmxt_archive_orderbook
2126503,2026-05-28 02:07:25.072000+00:00,yes,0.5,,0.82,0.18,82.0,82.0,pmxt_archive_orderbook
2126503,2026-05-28 02:07:25.091000+00:00,yes,0.5,,0.82,0.18,82.0,82.0,pmxt_archive_orderbook
2126503,2026-05-28 02:07:25.092000+00:00,yes,0.5,,0.82,0.18,82.0,82.0,pmxt_archive_orderbook
2126503,2026-05-28 02:07:25.186000+00:00,yes,0.5,,0.82,0.18,82.0,82.0,pmxt_archive_orderbook
2126503,2026-05-28 02:07:25.458000+00:00,yes,0.5,,0.82,0.18,82.0,82.0,pmxt_archive_orderbook
2126503,2026-05-28 02:07:25.598000+00:00,yes,0.5,,0.82,0.18,82.0,82.0,pmxt_archive_orderbook
2126503,2026-05-28 02:07:25.784000+00:00,yes,0.5,,0.82,0.18,82.0,82.0,pmxt_archive_orderbook
2126503,2026-05-28 02:07:25.893000+00:00,yes,0.5,,0.82,0.18,82.0,82.0,pmxt_archive_orderbook
2126503,2026-05-28 02:07:25.945000+00:00,yes,0.5,,0.82,0.18,82.0,82.0,pmxt_archive_orderbook
2126503,2026-05-28 02:07:26.011000+00:00,yes,0.5,,0.82,0.18,48.24,82.0,pmxt_archive_orderbook
2126503,2026-05-28 02:07:26.013000+00:00,yes,0.5,,0.82,0.18,48.24,82.0,pmxt_archive_orderbook
2126503,2026-05-28 02:07:26.022000+00:00,yes,0.175,,0.17,0.18,28.0,48.24,pmxt_archive_orderbook
2126503,2026-05-28 02:07:26.085000+00:00,yes,0.175,,0.17,0.18,56.0,48.24,pmxt_archive_orderbook
2126503,2026-05-28 02:07:26.092000+00:00,yes,0.175,,0.17,0.18,56.0,48.24,pmxt_archive_orderbook
2126503,2026-05-28 02:07:26.170000+00:00,yes,0.175,,0.17,0.18,56.0,48.24,pmxt_archive_orderbook
2126503,2026-05-28 02:07:26.202000+00:00,yes,0.495,,0.81,0.18,8.0,48.24,pmxt_archive_orderbook
2126503,2026-05-28 02:07:26.239000+00:00,yes,0.495,,0.81,0.18,8.0,48.24,pmxt_archive_orderbook
2126503,2026-05-28 02:07:26.245000+00:00,yes,0.495,,0.81,0.18,8.0,76.24,pmxt_archive_orderbook
2126503,2026-05-28 02:07:26.389000+00:00,yes,0.5,,0.82,0.18,76.24,76.24,pmxt_archive_orderbook
2126503,2026-05-28 02:07:26.398000+00:00,yes,0.5,,0.82,0.18,76.24,76.24,pmxt_archive_orderbook
2126503,2026-05-28 02:07:26.479000+00:00,yes,0.5,,0.82,0.18,76.24,76.24,pmxt_archive_orderbook
2126503,2026-05-28 02:07:26.500000+00:00,yes,0.5,,0.82,0.18,76.24,76.24,pmxt_archive_orderbook
2126503,2026-05-28 02:07:26.584000+00:00,yes,0.5,,0.82,0.18,76.24,76.24,pmxt_archive_orderbook
2126503,2026-05-28 02:07:26.610000+00:00,yes,0.5,,0.82,0.18,76.24,76.24,pmxt_archive_orderbook
2126503,2026-05-28 02:07:26.614000+00:00,yes,0.5,,0.82,0.18,76.24,76.24,pmxt_archive_orderbook
2126503,2026-05-28 02:07:26.733000+00:00,yes,0.5,,0.82,0.18,76.24,76.24,pmxt_archive_orderbook
2126503,2026-05-28 02:07:26.753000+00:00,yes,0.5,,0.82,0.18,76.24,76.24,pmxt_archive_orderbook
2126503,2026-05-28 02:07:26.817000+00:00,yes,0.5,,0.82,0.18,76.24,76.24,pmxt_archive_orderbook
2126503,2026-05-28 02:07:26.855000+00:00,yes,0.5,,0.82,0.18,76.24,76.24,pmxt_archive_orderbook
2126503,2026-05-28 02:07:26.900000+00:00,yes,0.5,,0.82,0.18,76.24,76.24,pmxt_archive_orderbook
2126503,2026-05-28 02:07:26.905000+00:00,yes,0.5,,0.82,0.18,76.24,76.24,pmxt_archive_orderbook
2126503,2026-05-28 02:07:26.922000+00:00,yes,0.5,,0.82,0.18,76.24,76.24,pmxt_archive_orderbook
2126503,2026-05-28 02:07:26.941000+00:00,yes,0.5,,0.82,0.18,76.24,76.24,pmxt_archive_orderbook
2126503,2026-05-28 02:07:26.984000+00:00,yes,0.5,,0.82,0.18,76.24,76.24,pmxt_archive_orderbook
2126503,2026-05-28 02:07:27.008000+00:00,yes,0.495,,0.82,0.17,76.24,22.6,pmxt_archive_orderbook
2126503,2026-05-28 02:07:27.014000+00:00,yes,0.84,,0.83,0.85,22.6,28.0,pmxt_archive_orderbook
2126503,2026-05-28 02:07:27.025000+00:00,yes,0.84,,0.83,0.85,22.6,22.0,pmxt_archive_orderbook
2126503,2026-05-28 02:07:27.039000+00:00,yes,0.15500000000000003,,0.14,0.17,40.22,22.6,pmxt_archive_orderbook
2126503,2026-05-28 02:07:27.041000+00:00,yes,0.15500000000000003,,0.14,0.17,40.22,22.6,pmxt_archive_orderbook
2126503,2026-05-28 02:07:27.052000+00:00,yes,0.48000000000000004,,0.79,0.17,157.0,22.6,pmxt_archive_orderbook
2126503,2026-05-28 02:07:27.065000+00:00,yes,0.49000000000000005,,0.81,0.17,38.86,22.6,pmxt_archive_orderbook
2126503,2026-05-28 02:07:27.075000+00:00,yes,0.495,,0.82,0.17,48.24,22.6,pmxt_archive_orderbook
2126503,2026-05-28 02:07:27.097000+00:00,yes,0.495,,0.82,0.17,48.24,22.6,pmxt_archive_orderbook
2126503,2026-05-28 02:07:27.119000+00:00,yes,0.495,,0.82,0.17,48.24,22.6,pmxt_archive_orderbook
2126503,2026-05-28 02:07:27.142000+00:00,yes,0.495,,0.82,0.17,48.24,22.6,pmxt_archive_orderbook
2126503,2026-05-28 02:07:27.143000+00:00,yes,0.495,,0.82,0.17,48.24,22.6,pmxt_archive_orderbook
2126503,2026-05-28 02:07:27.164000+00:00,yes,0.495,,0.82,0.17,48.24,22.6,pmxt_archive_orderbook
2126503,2026-05-28 02:07:27.211000+00:00,yes,0.495,,0.82,0.17,20.24,22.6,pmxt_archive_orderbook
2126503,2026-05-28 02:07:27.220000+00:00,yes,0.5,,0.83,0.17,50.6,50.6,pmxt_archive_orderbook
2126503,2026-05-28 02:07:27.246000+00:00,yes,0.5,,0.83,0.17,50.6,50.6,pmxt_archive_orderbook
2126503,2026-05-28 02:07:27.259000+00:00,yes,0.5,,0.83,0.17,50.6,50.6,pmxt_archive_orderbook
2126503,2026-05-28 02:07:27.274000+00:00,yes,0.5,,0.83,0.17,50.6,50.6,pmxt_archive_orderbook
2126503,2026-05-28 02:07:27.275000+00:00,yes,0.5,,0.83,0.17,50.6,50.6,pmxt_archive_orderbook
2126503,2026-05-28 02:07:27.276000+00:00,yes,0.5,,0.83,0.17,50.6,50.6,pmxt_archive_orderbook
2126503,2026-05-28 02:07:27.294000+00:00,yes,0.5,,0.83,0.17,50.6,50.6,pmxt_archive_orderbook
2126503,2026-05-28 02:07:27.330000+00:00,yes,0.5,,0.83,0.17,50.6,50.6,pmxt_archive_orderbook
2126503,2026-05-28 02:07:27.331000+00:00,yes,0.5,,0.83,0.17,50.6,50.6,pmxt_archive_orderbook
2126503,2026-05-28 02:07:27.346000+00:00,yes,0.5,,0.83,0.17,50.6,50.6,pmxt_archive_orderbook
2126503,2026-05-28 02:07:27.380000+00:00,yes,0.5,,0.83,0.17,50.6,50.6,pmxt_archive_orderbook
2126503,2026-05-28 02:07:27.388000+00:00,yes,0.5,,0.83,0.17,50.6,50.6,pmxt_archive_orderbook
2126503,2026-05-28 02:07:27.396000+00:00,yes,0.5,,0.83,0.17,50.6,50.6,pmxt_archive_orderbook
2126503,2026-05-28 02:07:27.406000+00:00,yes,0.5,,0.83,0.17,50.6,50.6,pmxt_archive_orderbook
2126503,2026-05-28 02:07:27.410000+00:00,yes,0.5,,0.83,0.17,50.6,50.6,pmxt_archive_orderbook
2126503,2026-05-28 02:07:27.421000+00:00,yes,0.5,,0.83,0.17,58.6,58.6,pmxt_archive_orderbook
2126503,2026-05-28 02:07:27.432000+00:00,yes,0.5,,0.83,0.17,86.6,58.6,pmxt_archive_orderbook
2126503,2026-05-28 02:07:27.435000+00:00,yes,0.5,,0.83,0.17,86.6,86.6,pmxt_archive_orderbook
2126503,2026-05-28 02:07:27.464000+00:00,yes,0.5,,0.83,0.17,86.6,86.6,pmxt_archive_orderbook
2126503,2026-05-28 02:07:27.486000+00:00,yes,0.5,,0.83,0.17,86.6,86.6,pmxt_archive_orderbook
2126503,2026-05-28 02:07:27.564000+00:00,yes,0.5,,0.83,0.17,86.6,86.6,pmxt_archive_orderbook
2126503,2026-05-28 02:07:27.640000+00:00,yes,0.5,,0.83,0.17,86.6,86.6,pmxt_archive_orderbook
2126503,2026-05-28 02:07:27.673000+00:00,yes,0.5,,0.83,0.17,114.6,114.6,pmxt_archive_orderbook
2126503,2026-05-28 02:07:27.689000+00:00,yes,0.5,,0.83,0.17,114.6,114.6,pmxt_archive_orderbook
2126503,2026-05-28 02:07:27.747000+00:00,yes,0.5,,0.83,0.17,114.6,114.6,pmxt_archive_orderbook
2126503,2026-05-28 02:07:27.789000+00:00,yes,0.5,,0.83,0.17,114.6,114.6,pmxt_archive_orderbook
2126503,2026-05-28 02:07:27.884000+00:00,yes,0.5,,0.83,0.17,114.6,114.6,pmxt_archive_orderbook
2126503,2026-05-28 02:07:27.917000+00:00,yes,0.5,,0.83,0.17,114.6,114.6,pmxt_archive_orderbook
2126503,2026-05-28 02:07:27.923000+00:00,yes,0.5,,0.83,0.17,114.6,114.6,pmxt_archive_orderbook
2126503,2026-05-28 02:07:27.949000+00:00,yes,0.5,,0.83,0.17,114.6,114.6,pmxt_archive_orderbook
2126503,2026-05-28 02:07:28.018000+00:00,yes,0.5,,0.83,0.17,114.6,114.6,pmxt_archive_orderbook
2126503,2026-05-28 02:07:28.030000+00:00,yes,0.5,,0.83,0.17,114.6,114.6,pmxt_archive_orderbook
2126503,2026-05-28 02:07:28.041000+00:00,yes,0.5,,0.83,0.17,114.6,114.6,pmxt_archive_orderbook
2126503,2026-05-28 02:07:28.055000+00:00,yes,0.5,,0.83,0.17,114.6,114.6,pmxt_archive_orderbook
2126503,2026-05-28 02:07:28.065000+00:00,yes,0.5,,0.83,0.17,114.6,114.6,pmxt_archive_orderbook
2126503,2026-05-28 02:07:28.066000+00:00,yes,0.5,,0.83,0.17,114.6,114.6,pmxt_archive_orderbook
2126503,2026-05-28 02:07:28.068000+00:00,yes,0.5,,0.83,0.17,114.6,114.6,pmxt_archive_orderbook
2126503,2026-05-28 02:07:28.071000+00:00,yes,0.5,,0.83,0.17,114.6,114.6,pmxt_archive_orderbook
2126503,2026-05-28 02:07:28.075000+00:00,yes,0.5,,0.83,0.17,114.6,114.6,pmxt_archive_orderbook
2126503,2026-05-28 02:07:28.080000+00:00,yes,0.5,,0.83,0.17,114.6,114.6,pmxt_archive_orderbook
2126503,2026-05-28 02:07:28.083000+00:00,yes,0.5,,0.83,0.17,114.6,114.6,pmxt_archive_orderbook
2126503,2026-05-28 02:07:28.092000+00:00,yes,0.5,,0.83,0.17,114.6,106.6,pmxt_archive_orderbook
2126503,2026-05-28 02:07:28.130000+00:00,yes,0.505,,0.84,0.17,8.0,106.6,pmxt_archive_orderbook
2126503,2026-05-28 02:07:28.173000+00:00,yes,0.5,,0.84,0.16,8.0,8.0,pmxt_archive_orderbook
2126503,2026-05-28 02:07:28.179000+00:00,yes,0.5,,0.84,0.16,8.0,8.0,pmxt_archive_orderbook
2126503,2026-05-28 02:07:28.291000+00:00,yes,0.5,,0.84,0.16,36.0,36.0,pmxt_archive_orderbook
2126503,2026-05-28 02:07:28.336000+00:00,yes,0.5,,0.84,0.16,36.0,36.0,pmxt_archive_orderbook
2126503,2026-05-28 02:07:28.404000+00:00,yes,0.5,,0.84,0.16,36.0,36.0,pmxt_archive_orderbook
2126503,2026-05-28 02:07:28.469000+00:00,yes,0.5,,0.84,0.16,36.0,36.0,pmxt_archive_orderbook
2126503,2026-05-28 02:07:28.482000+00:00,yes,0.5,,0.84,0.16,36.0,36.0,pmxt_archive_orderbook
2126503,2026-05-28 02:07:28.557000+00:00,yes,0.5,,0.84,0.16,36.0,36.0,pmxt_archive_orderbook
2126503,2026-05-28 02:07:28.581000+00:00,yes,0.5,,0.84,0.16,36.0,36.0,pmxt_archive_orderbook
2126503,2026-05-28 02:07:28.604000+00:00,yes,0.5,,0.84,0.16,36.0,36.0,pmxt_archive_orderbook
2126503,2026-05-28 02:07:28.648000+00:00,yes,0.5,,0.84,0.16,36.0,36.0,pmxt_archive_orderbook
2126503,2026-05-28 02:07:28.688000+00:00,yes,0.5,,0.84,0.16,36.0,36.0,pmxt_archive_orderbook
2126503,2026-05-28 02:07:28.714000+00:00,yes,0.5,,0.84,0.16,36.0,36.0,pmxt_archive_orderbook
2126503,2026-05-28 02:07:28.719000+00:00,yes,0.5,,0.84,0.16,36.0,36.0,pmxt_archive_orderbook
2126503,2026-05-28 02:07:28.728000+00:00,yes,0.5,,0.84,0.16,36.0,36.0,pmxt_archive_orderbook
2126503,2026-05-28 02:07:28.733000+00:00,yes,0.5,,0.84,0.16,36.0,36.0,pmxt_archive_orderbook
2126503,2026-05-28 02:07:28.795000+00:00,yes,0.5,,0.84,0.16,36.0,36.0,pmxt_archive_orderbook
2126503,2026-05-28 02:07:28.883000+00:00,yes,0.5,,0.84,0.16,36.0,36.0,pmxt_archive_orderbook
2126503,2026-05-28 02:07:28.886000+00:00,yes,0.5,,0.84,0.16,36.0,36.0,pmxt_archive_orderbook
2126503,2026-05-28 02:07:28.890000+00:00,yes,0.5,,0.84,0.16,36.0,36.0,pmxt_archive_orderbook
2126503,2026-05-28 02:07:28.992000+00:00,yes,0.5,,0.84,0.16,36.0,36.0,pmxt_archive_orderbook
2126503,2026-05-28 02:07:29.003000+00:00,yes,0.5,,0.84,0.16,36.0,36.0,pmxt_archive_orderbook
2126503,2026-05-28 02:07:29.005000+00:00,yes,0.5,,0.84,0.16,36.0,36.0,pmxt_archive_orderbook
2126503,2026-05-28 02:07:29.007000+00:00,yes,0.5,,0.84,0.16,36.0,36.0,pmxt_archive_orderbook
2126503,2026-05-28 02:07:29.036000+00:00,yes,0.5,,0.84,0.16,36.0,36.0,pmxt_archive_orderbook
2126503,2026-05-28 02:07:29.056000+00:00,yes,0.5,,0.84,0.16,36.0,36.0,pmxt_archive_orderbook
2126503,2026-05-28 02:07:29.083000+00:00,yes,0.5,,0.84,0.16,36.0,36.0,pmxt_archive_orderbook
2126503,2026-05-28 02:07:29.132000+00:00,yes,0.5,,0.84,0.16,36.0,36.0,pmxt_archive_orderbook
2126503,2026-05-28 02:07:29.135000+00:00,yes,0.5,,0.84,0.16,8.0,36.0,pmxt_archive_orderbook
2126503,2026-05-28 02:07:29.203000+00:00,yes,0.5,,0.84,0.16,8.0,8.0,pmxt_archive_orderbook
2126503,2026-05-28 02:07:29.205000+00:00,yes,0.5,,0.84,0.16,8.0,8.0,pmxt_archive_orderbook
2126503,2026-05-28 02:07:29.209000+00:00,yes,0.5,,0.84,0.16,8.0,8.0,pmxt_archive_orderbook
2126503,2026-05-28 02:07:29.332000+00:00,yes,0.5,,0.84,0.16,8.0,8.0,pmxt_archive_orderbook
2126503,2026-05-28 02:07:29.350000+00:00,yes,0.5,,0.84,0.16,8.0,8.0,pmxt_archive_orderbook
2126503,2026-05-28 02:07:29.356000+00:00,yes,0.5,,0.84,0.16,8.0,8.0,pmxt_archive_orderbook
2126503,2026-05-28 02:07:29.439000+00:00,yes,0.5,,0.84,0.16,8.0,8.0,pmxt_archive_orderbook
2126503,2026-05-28 02:07:29.486000+00:00,yes,0.5,,0.84,0.16,8.0,8.0,pmxt_archive_orderbook
2126503,2026-05-28 02:07:29.517000+00:00,yes,0.5,,0.84,0.16,8.0,8.0,pmxt_archive_orderbook
2126503,2026-05-28 02:07:29.554000+00:00,yes,0.5,,0.84,0.16,8.0,8.0,pmxt_archive_orderbook
2126503,2026-05-28 02:07:29.593000+00:00,yes,0.5,,0.84,0.16,8.0,8.0,pmxt_archive_orderbook
2126503,2026-05-28 02:07:29.599000+00:00,yes,0.5,,0.84,0.16,8.0,8.0,pmxt_archive_orderbook
2126503,2026-05-28 02:07:29.642000+00:00,yes,0.5,,0.84,0.16,8.0,8.0,pmxt_archive_orderbook
2126503,2026-05-28 02:07:29.683000+00:00,yes,0.5,,0.84,0.16,8.0,8.0,pmxt_archive_orderbook
2126503,2026-05-28 02:07:29.732000+00:00,yes,0.5,,0.84,0.16,8.0,8.0,pmxt_archive_orderbook
2126503,2026-05-28 02:07:29.745000+00:00,yes,0.5,,0.84,0.16,8.0,8.0,pmxt_archive_orderbook
2126503,2026-05-28 02:07:29.747000+00:00,yes,0.5,,0.84,0.16,8.0,8.0,pmxt_archive_orderbook
2126503,2026-05-28 02:07:29.850000+00:00,yes,0.5,,0.84,0.16,8.0,8.0,pmxt_archive_orderbook
2126503,2026-05-28 02:07:29.959000+00:00,yes,0.5,,0.84,0.16,8.0,8.0,pmxt_archive_orderbook
2126503,2026-05-28 02:07:29.976000+00:00,yes,0.5,,0.84,0.16,8.0,8.0,pmxt_archive_orderbook
2126503,2026-05-28 02:07:30.024000+00:00,yes,0.5,,0.84,0.16,8.0,8.0,pmxt_archive_orderbook
2126503,2026-05-28 02:07:30.044000+00:00,yes,0.5,,0.84,0.16,8.0,8.0,pmxt_archive_orderbook
2126503,2026-05-28 02:07:30.054000+00:00,yes,0.5,,0.84,0.16,8.0,8.0,pmxt_archive_orderbook
2126503,2026-05-28 02:07:30.090000+00:00,yes,0.5,,0.84,0.16,8.0,8.0,pmxt_archive_orderbook
2126503,2026-05-28 02:07:30.150000+00:00,yes,0.5,,0.84,0.16,8.0,8.0,pmxt_archive_orderbook
2126503,2026-05-28 02:07:30.170000+00:00,yes,0.5,,0.84,0.16,8.0,8.0,pmxt_archive_orderbook
2126503,2026-05-28 02:07:30.228000+00:00,yes,0.5,,0.84,0.16,8.0,8.0,pmxt_archive_orderbook
2126503,2026-05-28 02:07:30.363000+00:00,yes,0.5,,0.84,0.16,8.0,8.0,pmxt_archive_orderbook
2126503,2026-05-28 02:07:30.377000+00:00,yes,0.5,,0.84,0.16,8.0,8.0,pmxt_archive_orderbook
2126503,2026-05-28 02:07:30.382000+00:00,yes,0.5,,0.84,0.16,8.0,8.0,pmxt_archive_orderbook
2126503,2026-05-28 02:07:30.421000+00:00,yes,0.5,,0.84,0.16,8.0,8.0,pmxt_archive_orderbook
2126503,2026-05-28 02:07:30.444000+00:00,yes,0.5,,0.84,0.16,8.0,8.0,pmxt_archive_orderbook
2126503,2026-05-28 02:07:30.448000+00:00,yes,0.5,,0.84,0.16,8.0,8.0,pmxt_archive_orderbook
2126503,2026-05-28 02:07:30.453000+00:00,yes,0.5,,0.84,0.16,8.0,8.0,pmxt_archive_orderbook
2126503,2026-05-28 02:07:30.568000+00:00,yes,0.5,,0.84,0.16,8.0,8.0,pmxt_archive_orderbook
2126503,2026-05-28 02:07:30.636000+00:00,yes,0.5,,0.84,0.16,8.0,8.0,pmxt_archive_orderbook
2126503,2026-05-28 02:07:30.655000+00:00,yes,0.5,,0.84,0.16,8.0,8.0,pmxt_archive_orderbook
2126503,2026-05-28 02:07:30.715000+00:00,yes,0.5,,0.84,0.16,8.0,8.0,pmxt_archive_orderbook
2126503,2026-05-28 02:07:30.834000+00:00,yes,0.5,,0.84,0.16,8.0,8.0,pmxt_archive_orderbook
2126503,2026-05-28 02:07:30.904000+00:00,yes,0.5,,0.84,0.16,8.0,8.0,pmxt_archive_orderbook
2126503,2026-05-28 02:07:30.969000+00:00,yes,0.5,,0.84,0.16,8.0,8.0,pmxt_archive_orderbook
2126503,2026-05-28 02:07:30.997000+00:00,yes,0.5,,0.84,0.16,8.0,8.0,pmxt_archive_orderbook
2126503,2026-05-28 02:07:31.106000+00:00,yes,0.5,,0.84,0.16,8.0,8.0,pmxt_archive_orderbook
2126503,2026-05-28 02:07:31.128000+00:00,yes,0.5,,0.84,0.16,8.0,8.0,pmxt_archive_orderbook
2126503,2026-05-28 02:07:31.168000+00:00,yes,0.5,,0.84,0.16,8.0,8.0,pmxt_archive_orderbook
2126503,2026-05-28 02:07:31.190000+00:00,yes,0.5,,0.84,0.16,8.0,8.0,pmxt_archive_orderbook
2126503,2026-05-28 02:07:31.202000+00:00,yes,0.5,,0.84,0.16,8.0,8.0,pmxt_archive_orderbook
2126503,2026-05-28 02:07:31.249000+00:00,yes,0.5,,0.84,0.16,8.0,8.0,pmxt_archive_orderbook
2126503,2026-05-28 02:07:31.255000+00:00,yes,0.5,,0.84,0.16,8.0,8.0,pmxt_archive_orderbook
2126503,2026-05-28 02:07:31.323000+00:00,yes,0.5,,0.84,0.16,8.0,8.0,pmxt_archive_orderbook
2126503,2026-05-28 02:07:31.342000+00:00,yes,0.5,,0.84,0.16,8.0,8.0,pmxt_archive_orderbook
2126503,2026-05-28 02:07:31.349000+00:00,yes,0.5,,0.84,0.16,8.0,8.0,pmxt_archive_orderbook
2126503,2026-05-28 02:07:31.377000+00:00,yes,0.5,,0.84,0.16,8.0,8.0,pmxt_archive_orderbook
2126503,2026-05-28 02:07:31.576000+00:00,yes,0.5,,0.84,0.16,8.0,8.0,pmxt_archive_orderbook
2126503,2026-05-28 02:07:31.735000+00:00,yes,0.5,,0.84,0.16,8.0,8.0,pmxt_archive_orderbook
2126503,2026-05-28 02:07:31.840000+00:00,yes,0.5,,0.84,0.16,8.0,8.0,pmxt_archive_orderbook
2126503,2026-05-28 02:07:32.030000+00:00,yes,0.5,,0.84,0.16,8.0,8.0,pmxt_archive_orderbook
2126503,2026-05-28 02:07:32.036000+00:00,yes,0.5,,0.84,0.16,8.0,8.0,pmxt_archive_orderbook
2126503,2026-05-28 02:07:32.037000+00:00,yes,0.5,,0.84,0.16,8.0,8.0,pmxt_archive_orderbook
2126503,2026-05-28 02:07:32.039000+00:00,yes,0.5,,0.84,0.16,8.0,8.0,pmxt_archive_orderbook
2126503,2026-05-28 02:07:32.100000+00:00,yes,0.5,,0.84,0.16,8.0,8.0,pmxt_archive_orderbook
2126503,2026-05-28 02:07:32.109000+00:00,yes,0.5,,0.84,0.16,8.0,8.0,pmxt_archive_orderbook
2126503,2026-05-28 02:07:32.189000+00:00,yes,0.5,,0.84,0.16,8.0,8.0,pmxt_archive_orderbook
2126503,2026-05-28 02:07:32.470000+00:00,yes,0.5,,0.84,0.16,8.0,8.0,pmxt_archive_orderbook
2126503,2026-05-28 02:07:32.536000+00:00,yes,0.5,,0.84,0.16,8.0,8.0,pmxt_archive_orderbook
2126503,2026-05-28 02:07:32.598000+00:00,yes,0.5,,0.84,0.16,8.0,8.0,pmxt_archive_orderbook
2126503,2026-05-28 02:07:32.718000+00:00,yes,0.5,,0.84,0.16,8.0,8.0,pmxt_archive_orderbook
2126503,2026-05-28 02:07:32.800000+00:00,yes,0.5,,0.84,0.16,8.0,8.0,pmxt_archive_orderbook
2126503,2026-05-28 02:07:33.003000+00:00,yes,0.5,,0.84,0.16,8.0,8.0,pmxt_archive_orderbook
2126503,2026-05-28 02:07:33.139000+00:00,yes,0.155,,0.15,0.16,116.36,8.0,pmxt_archive_orderbook
2126503,2026-05-28 02:07:33.164000+00:00,yes,0.155,,0.15,0.16,116.36,8.0,pmxt_archive_orderbook
2126503,2026-05-28 02:07:33.185000+00:00,yes,0.155,,0.15,0.16,116.36,8.0,pmxt_archive_orderbook
2126503,2026-05-28 02:07:33.222000+00:00,yes,0.155,,0.15,0.16,116.36,8.0,pmxt_archive_orderbook
2126503,2026-05-28 02:07:33.289000+00:00,yes,0.155,,0.15,0.16,116.36,8.0,pmxt_archive_orderbook
2126503,2026-05-28 02:07:33.438000+00:00,yes,0.155,,0.15,0.16,116.36,8.0,pmxt_archive_orderbook
2126503,2026-05-28 02:07:33.585000+00:00,yes,0.155,,0.15,0.16,116.36,8.0,pmxt_archive_orderbook
2126503,2026-05-28 02:07:34.007000+00:00,yes,0.155,,0.15,0.16,116.36,8.0,pmxt_archive_orderbook
2126503,2026-05-28 02:07:34.163000+00:00,yes,0.315,,0.47,0.16,5.03,8.0,pmxt_archive_orderbook
2126503,2026-05-28 02:07:34.179000+00:00,yes,0.5,,0.84,0.16,58.0,8.0,pmxt_archive_orderbook
2126503,2026-05-28 02:07:34.253000+00:00,yes,0.5,,0.84,0.16,58.0,58.0,pmxt_archive_orderbook
2126503,2026-05-28 02:07:34.261000+00:00,yes,0.5,,0.84,0.16,58.0,58.0,pmxt_archive_orderbook
2126503,2026-05-28 02:07:34.298000+00:00,yes,0.5,,0.84,0.16,58.0,58.0,pmxt_archive_orderbook
2126503,2026-05-28 02:07:35.114000+00:00,yes,0.5,,0.84,0.16,58.0,58.0,pmxt_archive_orderbook
2126503,2026-05-28 02:07:35.115000+00:00,yes,0.5,,0.84,0.16,58.0,58.0,pmxt_archive_orderbook
2126503,2026-05-28 02:07:35.146000+00:00,yes,0.5,,0.84,0.16,58.0,58.0,pmxt_archive_orderbook
2126503,2026-05-28 02:07:35.389000+00:00,yes,0.5,,0.84,0.16,58.0,58.0,pmxt_archive_orderbook
2126503,2026-05-28 02:07:35.485000+00:00,yes,0.5,,0.84,0.16,58.0,58.0,pmxt_archive_orderbook
2126503,2026-05-28 02:07:35.486000+00:00,yes,0.5,,0.84,0.16,86.0,86.0,pmxt_archive_orderbook
2126503,2026-05-28 02:07:35.526000+00:00,yes,0.5,,0.84,0.16,86.0,86.0,pmxt_archive_orderbook
2126503,2026-05-28 02:07:35.655000+00:00,yes,0.5,,0.84,0.16,58.0,86.0,pmxt_archive_orderbook
2126503,2026-05-28 02:07:35.673000+00:00,yes,0.5,,0.84,0.16,58.0,58.0,pmxt_archive_orderbook
2126503,2026-05-28 02:07:35.788000+00:00,yes,0.5,,0.84,0.16,58.0,58.0,pmxt_archive_orderbook
2126503,2026-05-28 02:07:35.861000+00:00,yes,0.5,,0.84,0.16,58.0,58.0,pmxt_archive_orderbook
2126503,2026-05-28 02:07:35.922000+00:00,yes,0.5,,0.84,0.16,58.0,58.0,pmxt_archive_orderbook
2126503,2026-05-28 02:07:35.975000+00:00,yes,0.5,,0.84,0.16,58.0,58.0,pmxt_archive_orderbook
2126503,2026-05-28 02:07:36.664000+00:00,yes,0.5,,0.84,0.16,58.0,58.0,pmxt_archive_orderbook
2126503,2026-05-28 02:07:36.744000+00:00,yes,0.5,,0.84,0.16,58.0,58.0,pmxt_archive_orderbook
2126503,2026-05-28 02:24:02.014000+00:00,yes,0.115,,0.19,0.04,312.46,1666.76,pmxt_archive_orderbook
2126503,2026-05-28 02:24:02.130000+00:00,yes,0.115,,0.19,0.04,312.46,1666.76,pmxt_archive_orderbook
2126503,2026-05-28 02:24:02.141000+00:00,yes,0.49,,0.94,0.04,10.0,1666.76,pmxt_archive_orderbook
2126503,2026-05-28 02:24:02.640000+00:00,yes,0.49,,0.94,0.04,10.0,1666.76,pmxt_archive_orderbook
2126503,2026-05-28 02:24:02.655000+00:00,yes,0.49,,0.94,0.04,10.0,1666.76,pmxt_archive_orderbook
2126503,2026-05-28 02:24:02.657000+00:00,yes,0.49,,0.94,0.04,10.0,1666.76,pmxt_archive_orderbook
2126503,2026-05-28 02:24:02.669000+00:00,yes,0.49,,0.94,0.04,10.0,1666.76,pmxt_archive_orderbook
2126503,2026-05-28 02:24:03.003000+00:00,yes,0.5,,0.96,0.04,172.19,1666.76,pmxt_archive_orderbook
2126503,2026-05-28 02:24:03.084000+00:00,yes,0.5,,0.96,0.04,64.0,64.0,pmxt_archive_orderbook
2126503,2026-05-28 02:24:03.153000+00:00,yes,0.5,,0.96,0.04,64.0,64.0,pmxt_archive_orderbook
2126503,2026-05-28 02:24:03.432000+00:00,yes,0.5,,0.96,0.04,64.0,64.0,pmxt_archive_orderbook
2126503,2026-05-28 02:24:03.459000+00:00,yes,0.5,,0.96,0.04,64.0,64.0,pmxt_archive_orderbook
2126503,2026-05-28 02:24:03.564000+00:00,yes,0.5,,0.96,0.04,64.0,64.0,pmxt_archive_orderbook
2126503,2026-05-28 02:24:03.567000+00:00,yes,0.5,,0.96,0.04,64.0,64.0,pmxt_archive_orderbook
2126503,2026-05-28 02:24:03.581000+00:00,yes,0.5,,0.96,0.04,64.0,64.0,pmxt_archive_orderbook
2126503,2026-05-28 02:24:03.612000+00:00,yes,0.5,,0.96,0.04,64.0,64.0,pmxt_archive_orderbook
2126503,2026-05-28 02:24:03.763000+00:00,yes,0.5,,0.96,0.04,64.0,64.0,pmxt_archive_orderbook
2126503,2026-05-28 02:24:03.816000+00:00,yes,0.5,,0.96,0.04,42.0,64.0,pmxt_archive_orderbook
2126503,2026-05-28 02:24:03.827000+00:00,yes,0.5,,0.96,0.04,42.0,42.0,pmxt_archive_orderbook
2126503,2026-05-28 02:24:03.865000+00:00,yes,0.5,,0.96,0.04,20.0,20.0,pmxt_archive_orderbook
2126503,2026-05-28 02:24:03.977000+00:00,yes,0.5,,0.96,0.04,20.0,20.0,pmxt_archive_orderbook
2126503,2026-05-28 02:24:04.068000+00:00,yes,0.5,,0.96,0.04,20.0,20.0,pmxt_archive_orderbook
2126503,2026-05-28 02:24:04.072000+00:00,yes,0.5,,0.96,0.04,20.0,20.0,pmxt_archive_orderbook
2126503,2026-05-28 02:24:04.086000+00:00,yes,0.5,,0.96,0.04,20.0,20.0,pmxt_archive_orderbook
2126503,2026-05-28 02:24:04.089000+00:00,yes,0.5,,0.96,0.04,20.0,20.0,pmxt_archive_orderbook
2126503,2026-05-28 02:24:04.188000+00:00,yes,0.5,,0.96,0.04,20.0,20.0,pmxt_archive_orderbook
2126503,2026-05-28 02:24:04.218000+00:00,yes,0.5,,0.96,0.04,20.0,20.0,pmxt_archive_orderbook
2126503,2026-05-28 02:24:04.248000+00:00,yes,0.5,,0.96,0.04,20.0,20.0,pmxt_archive_orderbook
2126503,2026-05-28 02:24:04.251000+00:00,yes,0.5,,0.96,0.04,20.0,20.0,pmxt_archive_orderbook
2126503,2026-05-28 02:24:04.255000+00:00,yes,0.5,,0.96,0.04,20.0,20.0,pmxt_archive_orderbook
2126503,2026-05-28 02:24:04.256000+00:00,yes,0.5,,0.96,0.04,20.0,20.0,pmxt_archive_orderbook
2126503,2026-05-28 02:24:04.260000+00:00,yes,0.5,,0.96,0.04,20.0,20.0,pmxt_archive_orderbook
2126503,2026-05-28 02:24:04.263000+00:00,yes,0.5,,0.96,0.04,20.0,20.0,pmxt_archive_orderbook
2126503,2026-05-28 02:24:04.265000+00:00,yes,0.5,,0.96,0.04,20.0,20.0,pmxt_archive_orderbook
2126503,2026-05-28 02:24:04.359000+00:00,yes,0.5,,0.96,0.04,20.0,20.0,pmxt_archive_orderbook
2126503,2026-05-28 02:24:04.380000+00:00,yes,0.5,,0.96,0.04,20.0,20.0,pmxt_archive_orderbook
2126503,2026-05-28 02:24:04.389000+00:00,yes,0.5,,0.96,0.04,20.0,20.0,pmxt_archive_orderbook
2126503,2026-05-28 02:24:04.423000+00:00,yes,0.5,,0.96,0.04,20.0,20.0,pmxt_archive_orderbook
2126503,2026-05-28 02:24:04.458000+00:00,yes,0.5,,0.96,0.04,20.0,20.0,pmxt_archive_orderbook
2126503,2026-05-28 02:24:04.487000+00:00,yes,0.5,,0.96,0.04,50.0,20.0,pmxt_archive_orderbook
2126503,2026-05-28 02:24:04.492000+00:00,yes,0.5,,0.96,0.04,60.0,50.0,pmxt_archive_orderbook
2126503,2026-05-28 02:24:04.527000+00:00,yes,0.5,,0.96,0.04,60.0,60.0,pmxt_archive_orderbook
2126503,2026-05-28 02:24:04.606000+00:00,yes,0.5,,0.96,0.04,60.0,60.0,pmxt_archive_orderbook
2126503,2026-05-28 02:24:04.624000+00:00,yes,0.5,,0.96,0.04,60.0,60.0,pmxt_archive_orderbook
2126503,2026-05-28 02:24:04.662000+00:00,yes,0.5,,0.96,0.04,60.0,60.0,pmxt_archive_orderbook
2126503,2026-05-28 02:24:04.664000+00:00,yes,0.5,,0.96,0.04,60.0,60.0,pmxt_archive_orderbook
2126503,2026-05-28 02:24:04.760000+00:00,yes,0.5,,0.96,0.04,60.0,60.0,pmxt_archive_orderbook
2126503,2026-05-28 02:24:04.789000+00:00,yes,0.5,,0.96,0.04,60.0,60.0,pmxt_archive_orderbook
2126503,2026-05-28 02:24:04.834000+00:00,yes,0.5,,0.96,0.04,30.0,60.0,pmxt_archive_orderbook
2126503,2026-05-28 02:24:04.889000+00:00,yes,0.5,,0.96,0.04,20.0,30.0,pmxt_archive_orderbook
2126503,2026-05-28 02:24:04.998000+00:00,yes,0.5,,0.96,0.04,20.0,20.0,pmxt_archive_orderbook
2126503,2026-05-28 02:24:05.202000+00:00,yes,0.5,,0.96,0.04,20.0,20.0,pmxt_archive_orderbook
2126503,2026-05-28 02:24:05.271000+00:00,yes,0.5,,0.96,0.04,20.0,20.0,pmxt_archive_orderbook
2126503,2026-05-28 02:24:05.395000+00:00,yes,0.5,,0.96,0.04,20.0,20.0,pmxt_archive_orderbook
2126503,2026-05-28 02:24:05.451000+00:00,yes,0.5,,0.96,0.04,20.0,20.0,pmxt_archive_orderbook
2126503,2026-05-28 02:24:05.716000+00:00,yes,0.5,,0.96,0.04,20.0,20.0,pmxt_archive_orderbook
2126503,2026-05-28 02:24:05.789000+00:00,yes,0.5,,0.96,0.04,20.0,20.0,pmxt_archive_orderbook
2126503,2026-05-28 02:24:05.818000+00:00,yes,0.5,,0.96,0.04,20.0,20.0,pmxt_archive_orderbook
2126503,2026-05-28 02:24:05.928000+00:00,yes,0.5,,0.96,0.04,20.0,20.0,pmxt_archive_orderbook
2126503,2026-05-28 02:24:06.189000+00:00,yes,0.5,,0.96,0.04,20.0,20.0,pmxt_archive_orderbook
2126503,2026-05-28 02:24:06.195000+00:00,yes,0.5,,0.96,0.04,20.0,20.0,pmxt_archive_orderbook
2126503,2026-05-28 02:24:06.232000+00:00,yes,0.5,,0.96,0.04,20.0,20.0,pmxt_archive_orderbook
2126503,2026-05-28 02:24:06.318000+00:00,yes,0.5,,0.96,0.04,20.0,20.0,pmxt_archive_orderbook
2126503,2026-05-28 02:24:06.366000+00:00,yes,0.5,,0.96,0.04,20.0,20.0,pmxt_archive_orderbook
2126503,2026-05-28 02:24:06.407000+00:00,yes,0.5,,0.96,0.04,20.0,20.0,pmxt_archive_orderbook
2126503,2026-05-28 02:24:06.431000+00:00,yes,0.5,,0.96,0.04,20.0,20.0,pmxt_archive_orderbook
2126503,2026-05-28 02:24:06.485000+00:00,yes,0.5,,0.96,0.04,20.0,20.0,pmxt_archive_orderbook
2126503,2026-05-28 02:24:06.590000+00:00,yes,0.5,,0.96,0.04,20.0,20.0,pmxt_archive_orderbook
2126503,2026-05-28 02:24:06.631000+00:00,yes,0.5,,0.96,0.04,20.0,20.0,pmxt_archive_orderbook
2126503,2026-05-28 02:24:06.633000+00:00,yes,0.5,,0.96,0.04,20.0,20.0,pmxt_archive_orderbook
2126503,2026-05-28 02:24:06.642000+00:00,yes,0.5,,0.96,0.04,20.0,20.0,pmxt_archive_orderbook
2126503,2026-05-28 02:24:06.644000+00:00,yes,0.5,,0.96,0.04,20.0,20.0,pmxt_archive_orderbook
2126503,2026-05-28 02:24:06.653000+00:00,yes,0.5,,0.96,0.04,20.0,20.0,pmxt_archive_orderbook
2126503,2026-05-28 02:24:06.988000+00:00,yes,0.5,,0.96,0.04,20.0,20.0,pmxt_archive_orderbook
2126503,2026-05-28 02:24:07.060000+00:00,yes,0.5,,0.96,0.04,20.0,20.0,pmxt_archive_orderbook
2126503,2026-05-28 02:24:07.456000+00:00,yes,0.5,,0.96,0.04,20.0,20.0,pmxt_archive_orderbook
2126503,2026-05-28 02:24:07.464000+00:00,yes,0.5,,0.96,0.04,20.0,20.0,pmxt_archive_orderbook
2126503,2026-05-28 02:24:07.500000+00:00,yes,0.5,,0.96,0.04,20.0,20.0,pmxt_archive_orderbook
2126503,2026-05-28 02:24:07.502000+00:00,yes,0.5,,0.96,0.04,20.0,20.0,pmxt_archive_orderbook
2126503,2026-05-28 02:24:07.504000+00:00,yes,0.5,,0.96,0.04,20.0,20.0,pmxt_archive_orderbook
2126503,2026-05-28 02:24:07.505000+00:00,yes,0.5,,0.96,0.04,20.0,20.0,pmxt_archive_orderbook
2126503,2026-05-28 02:24:07.507000+00:00,yes,0.5,,0.96,0.04,20.0,20.0,pmxt_archive_orderbook
2126503,2026-05-28 02:24:07.530000+00:00,yes,0.5,,0.96,0.04,20.0,20.0,pmxt_archive_orderbook
2126503,2026-05-28 02:24:07.840000+00:00,yes,0.5,,0.96,0.04,20.0,20.0,pmxt_archive_orderbook
2126503,2026-05-28 02:24:07.847000+00:00,yes,0.5,,0.96,0.04,20.0,20.0,pmxt_archive_orderbook
2126503,2026-05-28 02:24:07.917000+00:00,yes,0.5,,0.96,0.04,20.0,20.0,pmxt_archive_orderbook
2126503,2026-05-28 02:24:08.127000+00:00,yes,0.5,,0.96,0.04,20.0,20.0,pmxt_archive_orderbook
2126503,2026-05-28 02:24:08.223000+00:00,yes,0.5,,0.96,0.04,20.0,20.0,pmxt_archive_orderbook
2126503,2026-05-28 02:24:08.249000+00:00,yes,0.5,,0.96,0.04,131.5,131.5,pmxt_archive_orderbook
2126503,2026-05-28 02:24:08.804000+00:00,yes,0.5,,0.96,0.04,131.5,131.5,pmxt_archive_orderbook
2126503,2026-05-28 02:24:08.814000+00:00,yes,0.5,,0.96,0.04,131.5,131.5,pmxt_archive_orderbook
2126503,2026-05-28 02:24:08.815000+00:00,yes,0.5,,0.96,0.04,131.5,131.5,pmxt_archive_orderbook
2126503,2026-05-28 02:24:08.825000+00:00,yes,0.5,,0.96,0.04,131.5,131.5,pmxt_archive_orderbook
2126503,2026-05-28 02:24:08.829000+00:00,yes,0.5,,0.96,0.04,131.5,131.5,pmxt_archive_orderbook
2126503,2026-05-28 02:24:08.894000+00:00,yes,0.5,,0.96,0.04,131.5,131.5,pmxt_archive_orderbook
2126503,2026-05-28 02:24:08.935000+00:00,yes,0.5,,0.96,0.04,131.5,131.5,pmxt_archive_orderbook
2126503,2026-05-28 02:24:08.939000+00:00,yes,0.5,,0.96,0.04,131.5,131.5,pmxt_archive_orderbook
2126503,2026-05-28 02:24:08.943000+00:00,yes,0.5,,0.96,0.04,131.5,131.5,pmxt_archive_orderbook
2126503,2026-05-28 02:24:08.950000+00:00,yes,0.5,,0.96,0.04,131.5,131.5,pmxt_archive_orderbook
2126503,2026-05-28 02:24:08.954000+00:00,yes,0.5,,0.96,0.04,131.5,131.5,pmxt_archive_orderbook
2126503,2026-05-28 02:24:08.957000+00:00,yes,0.5,,0.96,0.04,131.5,131.5,pmxt_archive_orderbook
2126503,2026-05-28 02:24:08.961000+00:00,yes,0.5,,0.96,0.04,131.5,131.5,pmxt_archive_orderbook
2126503,2026-05-28 02:24:08.968000+00:00,yes,0.5,,0.96,0.04,131.5,131.5,pmxt_archive_orderbook
2126503,2026-05-28 02:24:09.002000+00:00,yes,0.5,,0.96,0.04,131.5,131.5,pmxt_archive_orderbook
2126503,2026-05-28 02:24:09.016000+00:00,yes,0.5,,0.96,0.04,131.5,131.5,pmxt_archive_orderbook
2126503,2026-05-28 02:24:09.076000+00:00,yes,0.5,,0.96,0.04,131.5,131.5,pmxt_archive_orderbook
2126503,2026-05-28 02:24:09.077000+00:00,yes,0.5,,0.96,0.04,131.5,131.5,pmxt_archive_orderbook
2126503,2026-05-28 02:24:09.091000+00:00,yes,0.5,,0.96,0.04,131.5,131.5,pmxt_archive_orderbook
2126503,2026-05-28 02:24:09.094000+00:00,yes,0.5,,0.96,0.04,131.5,131.5,pmxt_archive_orderbook
2126503,2026-05-28 02:24:09.096000+00:00,yes,0.5,,0.96,0.04,131.5,131.5,pmxt_archive_orderbook
2126503,2026-05-28 02:24:09.100000+00:00,yes,0.5,,0.96,0.04,131.5,131.5,pmxt_archive_orderbook
2126503,2026-05-28 02:24:09.101000+00:00,yes,0.5,,0.96,0.04,131.5,131.5,pmxt_archive_orderbook
2126503,2026-05-28 02:24:09.102000+00:00,yes,0.5,,0.96,0.04,131.5,131.5,pmxt_archive_orderbook
2126503,2026-05-28 02:24:09.105000+00:00,yes,0.5,,0.96,0.04,131.5,131.5,pmxt_archive_orderbook
2126503,2026-05-28 02:24:09.108000+00:00,yes,0.5,,0.96,0.04,131.5,131.5,pmxt_archive_orderbook
2126503,2026-05-28 02:24:09.117000+00:00,yes,0.5,,0.96,0.04,131.5,131.5,pmxt_archive_orderbook
2126503,2026-05-28 02:24:09.127000+00:00,yes,0.5,,0.96,0.04,131.5,131.5,pmxt_archive_orderbook
2126503,2026-05-28 02:24:09.133000+00:00,yes,0.5,,0.96,0.04,131.5,131.5,pmxt_archive_orderbook
2126503,2026-05-28 02:24:09.189000+00:00,yes,0.5,,0.96,0.04,131.5,131.5,pmxt_archive_orderbook
2126503,2026-05-28 02:24:09.191000+00:00,yes,0.5,,0.96,0.04,131.5,131.5,pmxt_archive_orderbook
2126503,2026-05-28 02:24:09.195000+00:00,yes,0.5,,0.96,0.04,131.5,131.5,pmxt_archive_orderbook
2126503,2026-05-28 02:24:09.387000+00:00,yes,0.5,,0.96,0.04,131.5,131.5,pmxt_archive_orderbook
2126503,2026-05-28 02:24:09.621000+00:00,yes,0.5,,0.96,0.04,131.5,131.5,pmxt_archive_orderbook
2126503,2026-05-28 02:24:09.637000+00:00,yes,0.5,,0.96,0.04,131.5,131.5,pmxt_archive_orderbook
2126503,2026-05-28 02:24:09.823000+00:00,yes,0.5,,0.96,0.04,131.5,131.5,pmxt_archive_orderbook
2126503,2026-05-28 02:24:09.826000+00:00,yes,0.5,,0.96,0.04,131.5,131.5,pmxt_archive_orderbook
2126503,2026-05-28 02:24:09.836000+00:00,yes,0.5,,0.96,0.04,131.5,131.5,pmxt_archive_orderbook
2126503,2026-05-28 02:24:09.877000+00:00,yes,0.5,,0.96,0.04,131.5,131.5,pmxt_archive_orderbook
2126503,2026-05-28 02:24:09.880000+00:00,yes,0.5,,0.96,0.04,131.5,131.5,pmxt_archive_orderbook
2126503,2026-05-28 02:24:09.882000+00:00,yes,0.5,,0.96,0.04,131.5,131.5,pmxt_archive_orderbook
2126503,2026-05-28 02:24:09.885000+00:00,yes,0.5,,0.96,0.04,131.5,131.5,pmxt_archive_orderbook
2126503,2026-05-28 02:24:09.930000+00:00,yes,0.5,,0.96,0.04,131.5,131.5,pmxt_archive_orderbook
2126503,2026-05-28 02:24:09.932000+00:00,yes,0.5,,0.96,0.04,131.5,131.5,pmxt_archive_orderbook
2126503,2026-05-28 02:24:09.934000+00:00,yes,0.5,,0.96,0.04,131.5,131.5,pmxt_archive_orderbook
2126503,2026-05-28 02:24:09.936000+00:00,yes,0.5,,0.96,0.04,131.5,131.5,pmxt_archive_orderbook
2126503,2026-05-28 02:24:09.979000+00:00,yes,0.5,,0.96,0.04,131.5,131.5,pmxt_archive_orderbook
2126503,2026-05-28 02:24:09.995000+00:00,yes,0.5,,0.96,0.04,131.5,131.5,pmxt_archive_orderbook
2126503,2026-05-28 02:24:10.345000+00:00,yes,0.5,,0.96,0.04,131.5,131.5,pmxt_archive_orderbook
2126503,2026-05-28 02:24:10.346000+00:00,yes,0.5,,0.96,0.04,131.5,131.5,pmxt_archive_orderbook
2126503,2026-05-28 02:24:10.350000+00:00,yes,0.5,,0.96,0.04,131.5,131.5,pmxt_archive_orderbook
2126503,2026-05-28 02:24:10.354000+00:00,yes,0.5,,0.96,0.04,131.5,131.5,pmxt_archive_orderbook
2126503,2026-05-28 02:24:10.535000+00:00,yes,0.5,,0.96,0.04,20.0,131.5,pmxt_archive_orderbook
2126503,2026-05-28 02:24:10.546000+00:00,yes,0.5,,0.96,0.04,20.0,20.0,pmxt_archive_orderbook
2126503,2026-05-28 02:24:10.589000+00:00,yes,0.49,,0.94,0.04,10.0,20.0,pmxt_archive_orderbook
2126503,2026-05-28 02:24:10.610000+00:00,yes,0.495,,0.94,0.05,10.0,20.0,pmxt_archive_orderbook
2126503,2026-05-28 02:24:10.612000+00:00,yes,0.495,,0.94,0.05,10.0,20.0,pmxt_archive_orderbook
2126503,2026-05-28 02:24:10.613000+00:00,yes,0.495,,0.94,0.05,10.0,20.0,pmxt_archive_orderbook
2126503,2026-05-28 02:24:10.618000+00:00,yes,0.495,,0.94,0.05,10.0,20.0,pmxt_archive_orderbook
2126503,2026-05-28 02:24:10.620000+00:00,yes,0.495,,0.94,0.05,10.0,20.0,pmxt_archive_orderbook
2126503,2026-05-28 02:24:10.622000+00:00,yes,0.495,,0.94,0.05,10.0,20.0,pmxt_archive_orderbook
2126503,2026-05-28 02:24:10.626000+00:00,yes,0.495,,0.94,0.05,10.0,20.0,pmxt_archive_orderbook
2126503,2026-05-28 02:24:10.630000+00:00,yes,0.495,,0.94,0.05,10.0,20.0,pmxt_archive_orderbook
2126503,2026-05-28 02:24:10.632000+00:00,yes,0.495,,0.94,0.05,10.0,20.0,pmxt_archive_orderbook
2126503,2026-05-28 02:24:10.634000+00:00,yes,0.495,,0.94,0.05,10.0,20.0,pmxt_archive_orderbook
2126503,2026-05-28 02:24:10.635000+00:00,yes,0.495,,0.94,0.05,10.0,20.0,pmxt_archive_orderbook
2126503,2026-05-28 02:24:10.637000+00:00,yes,0.495,,0.94,0.05,10.0,20.0,pmxt_archive_orderbook
2126503,2026-05-28 02:24:10.638000+00:00,yes,0.495,,0.94,0.05,10.0,20.0,pmxt_archive_orderbook
2126503,2026-05-28 02:24:10.643000+00:00,yes,0.495,,0.94,0.05,10.0,20.0,pmxt_archive_orderbook
2126503,2026-05-28 02:24:10.653000+00:00,yes,0.5,,0.95,0.05,43.0,20.0,pmxt_archive_orderbook
2126503,2026-05-28 02:24:10.681000+00:00,yes,0.5,,0.95,0.05,43.0,43.0,pmxt_archive_orderbook
2126503,2026-05-28 02:24:10.688000+00:00,yes,0.5,,0.95,0.05,43.0,43.0,pmxt_archive_orderbook
2126503,2026-05-28 02:24:10.690000+00:00,yes,0.5,,0.95,0.05,43.0,43.0,pmxt_archive_orderbook
2126503,2026-05-28 02:24:10.692000+00:00,yes,0.5,,0.95,0.05,43.0,43.0,pmxt_archive_orderbook
2126503,2026-05-28 02:24:10.712000+00:00,yes,0.5,,0.95,0.05,43.0,43.0,pmxt_archive_orderbook
2126503,2026-05-28 02:24:10.832000+00:00,yes,0.5,,0.95,0.05,43.0,43.0,pmxt_archive_orderbook
2126503,2026-05-28 02:24:10.847000+00:00,yes,0.5,,0.95,0.05,43.0,43.0,pmxt_archive_orderbook
2126503,2026-05-28 02:24:10.946000+00:00,yes,0.5,,0.95,0.05,43.0,43.0,pmxt_archive_orderbook
2126503,2026-05-28 02:24:10.969000+00:00,yes,0.035,,0.03,0.04,1688.66,172.19,pmxt_archive_orderbook
2126503,2026-05-28 02:24:10.975000+00:00,yes,0.04,,0.04,0.04,375.0,172.19,pmxt_archive_orderbook
2126503,2026-05-28 02:24:10.988000+00:00,yes,0.04,,0.04,0.04,375.0,172.19,pmxt_archive_orderbook
2126503,2026-05-28 02:24:10.992000+00:00,yes,0.045,,0.05,0.04,1020.0,172.19,pmxt_archive_orderbook
2126503,2026-05-28 02:24:11.003000+00:00,yes,0.045,,0.05,0.04,1020.0,172.19,pmxt_archive_orderbook
2126503,2026-05-28 02:24:11.013000+00:00,yes,0.045,,0.05,0.04,1020.0,172.19,pmxt_archive_orderbook
2126503,2026-05-28 02:24:11.018000+00:00,yes,0.5,,0.95,0.05,93.0,93.0,pmxt_archive_orderbook
2126503,2026-05-28 02:24:11.041000+00:00,yes,0.5,,0.95,0.05,93.0,93.0,pmxt_archive_orderbook
2126503,2026-05-28 02:24:11.093000+00:00,yes,0.5,,0.95,0.05,93.0,93.0,pmxt_archive_orderbook
2126503,2026-05-28 02:24:11.112000+00:00,yes,0.5,,0.95,0.05,93.0,93.0,pmxt_archive_orderbook
2126503,2026-05-28 02:24:11.116000+00:00,yes,0.5,,0.95,0.05,93.0,93.0,pmxt_archive_orderbook
2126503,2026-05-28 02:24:11.118000+00:00,yes,0.5,,0.95,0.05,93.0,93.0,pmxt_archive_orderbook
2126503,2026-05-28 02:24:11.124000+00:00,yes,0.5,,0.95,0.05,93.0,93.0,pmxt_archive_orderbook
2126503,2026-05-28 02:24:11.148000+00:00,yes,0.5,,0.95,0.05,43.0,93.0,pmxt_archive_orderbook
2126503,2026-05-28 02:24:11.151000+00:00,yes,0.5,,0.95,0.05,43.0,93.0,pmxt_archive_orderbook
2126503,2026-05-28 02:24:11.155000+00:00,yes,0.5,,0.95,0.05,43.0,43.0,pmxt_archive_orderbook
2126503,2026-05-28 02:24:11.158000+00:00,yes,0.5,,0.95,0.05,43.0,43.0,pmxt_archive_orderbook
2126503,2026-05-28 02:24:11.160000+00:00,yes,0.5,,0.95,0.05,43.0,43.0,pmxt_archive_orderbook
2126503,2026-05-28 02:24:11.174000+00:00,yes,0.495,,0.95,0.04,43.0,22.0,pmxt_archive_orderbook
2126503,2026-05-28 02:24:11.211000+00:00,yes,0.5,,0.96,0.04,22.0,22.0,pmxt_archive_orderbook
2126503,2026-05-28 02:24:11.275000+00:00,yes,0.5,,0.96,0.04,22.0,22.0,pmxt_archive_orderbook
2126503,2026-05-28 02:24:11.282000+00:00,yes,0.5,,0.96,0.04,22.0,22.0,pmxt_archive_orderbook
2126503,2026-05-28 02:24:11.285000+00:00,yes,0.5,,0.96,0.04,22.0,22.0,pmxt_archive_orderbook
2126503,2026-05-28 02:24:11.287000+00:00,yes,0.5,,0.96,0.04,22.0,22.0,pmxt_archive_orderbook
2126503,2026-05-28 02:24:11.288000+00:00,yes,0.5,,0.96,0.04,22.0,22.0,pmxt_archive_orderbook
2126503,2026-05-28 02:24:11.289000+00:00,yes,0.5,,0.96,0.04,22.0,22.0,pmxt_archive_orderbook
2126503,2026-05-28 02:24:11.291000+00:00,yes,0.5,,0.96,0.04,22.0,22.0,pmxt_archive_orderbook
2126503,2026-05-28 02:24:11.297000+00:00,yes,0.5,,0.96,0.04,22.0,22.0,pmxt_archive_orderbook
2126503,2026-05-28 02:24:11.298000+00:00,yes,0.5,,0.96,0.04,22.0,22.0,pmxt_archive_orderbook
2126503,2026-05-28 02:24:11.302000+00:00,yes,0.5,,0.96,0.04,22.0,22.0,pmxt_archive_orderbook
2126503,2026-05-28 02:24:11.305000+00:00,yes,0.5,,0.96,0.04,22.0,22.0,pmxt_archive_orderbook
2126503,2026-05-28 02:24:11.324000+00:00,yes,0.5,,0.96,0.04,22.0,22.0,pmxt_archive_orderbook
2126503,2026-05-28 02:24:11.339000+00:00,yes,0.5,,0.96,0.04,22.0,22.0,pmxt_archive_orderbook
2126503,2026-05-28 02:24:11.346000+00:00,yes,0.5,,0.96,0.04,22.0,22.0,pmxt_archive_orderbook
2126503,2026-05-28 02:24:11.372000+00:00,yes,0.5,,0.96,0.04,22.0,22.0,pmxt_archive_orderbook
2126503,2026-05-28 02:24:11.388000+00:00,yes,0.5,,0.96,0.04,22.0,22.0,pmxt_archive_orderbook
2126503,2026-05-28 02:24:11.413000+00:00,yes,0.5,,0.96,0.04,22.0,22.0,pmxt_archive_orderbook
2126503,2026-05-28 02:24:11.421000+00:00,yes,0.5,,0.96,0.04,22.0,22.0,pmxt_archive_orderbook
2126503,2026-05-28 02:24:11.445000+00:00,yes,0.505,,0.97,0.04,254.0,22.0,pmxt_archive_orderbook
2126503,2026-05-28 02:24:11.446000+00:00,yes,0.505,,0.97,0.04,254.0,22.0,pmxt_archive_orderbook
2126503,2026-05-28 02:24:11.447000+00:00,yes,0.505,,0.97,0.04,254.0,22.0,pmxt_archive_orderbook
2126503,2026-05-28 02:24:11.451000+00:00,yes,0.5,,0.97,0.03,354.0,254.0,pmxt_archive_orderbook
2126503,2026-05-28 02:24:11.498000+00:00,yes,0.5,,0.97,0.03,354.0,354.0,pmxt_archive_orderbook
2126503,2026-05-28 02:24:11.502000+00:00,yes,0.5,,0.97,0.03,354.0,354.0,pmxt_archive_orderbook
2126503,2026-05-28 02:24:11.539000+00:00,yes,0.5,,0.97,0.03,354.0,354.0,pmxt_archive_orderbook
2126503,2026-05-28 02:24:11.586000+00:00,yes,0.5,,0.97,0.03,354.0,354.0,pmxt_archive_orderbook
2126503,2026-05-28 02:24:11.591000+00:00,yes,0.5,,0.97,0.03,354.0,354.0,pmxt_archive_orderbook
2126503,2026-05-28 02:24:11.592000+00:00,yes,0.5,,0.97,0.03,354.0,354.0,pmxt_archive_orderbook
2126503,2026-05-28 02:24:11.593000+00:00,yes,0.5,,0.97,0.03,354.0,354.0,pmxt_archive_orderbook
2126503,2026-05-28 02:24:11.596000+00:00,yes,0.5,,0.97,0.03,354.0,354.0,pmxt_archive_orderbook
2126503,2026-05-28 02:24:11.597000+00:00,yes,0.5,,0.97,0.03,354.0,354.0,pmxt_archive_orderbook
2126503,2026-05-28 02:24:11.599000+00:00,yes,0.5,,0.97,0.03,354.0,354.0,pmxt_archive_orderbook
2126503,2026-05-28 02:24:11.601000+00:00,yes,0.5,,0.97,0.03,354.0,354.0,pmxt_archive_orderbook
2126503,2026-05-28 02:24:11.602000+00:00,yes,0.5,,0.97,0.03,354.0,354.0,pmxt_archive_orderbook
2126503,2026-05-28 02:24:11.612000+00:00,yes,0.5,,0.97,0.03,354.0,354.0,pmxt_archive_orderbook
2126503,2026-05-28 02:24:11.626000+00:00,yes,0.5,,0.97,0.03,354.0,354.0,pmxt_archive_orderbook
2126503,2026-05-28 02:24:11.650000+00:00,yes,0.5,,0.97,0.03,354.0,354.0,pmxt_archive_orderbook
2126503,2026-05-28 02:24:11.651000+00:00,yes,0.5,,0.97,0.03,354.0,354.0,pmxt_archive_orderbook
2126503,2026-05-28 02:24:11.677000+00:00,yes,0.5,,0.97,0.03,354.0,354.0,pmxt_archive_orderbook
2126503,2026-05-28 02:24:11.715000+00:00,yes,0.495,,0.97,0.02,354.0,8.0,pmxt_archive_orderbook
2126503,2026-05-28 02:24:11.724000+00:00,yes,0.5,,0.98,0.02,8.0,8.0,pmxt_archive_orderbook
2126503,2026-05-28 02:24:11.734000+00:00,yes,0.5,,0.98,0.02,8.0,8.0,pmxt_archive_orderbook
2126503,2026-05-28 02:24:11.742000+00:00,yes,0.5,,0.98,0.02,8.0,8.0,pmxt_archive_orderbook
2126503,2026-05-28 02:24:11.745000+00:00,yes,0.5,,0.98,0.02,8.0,30.0,pmxt_archive_orderbook
2126503,2026-05-28 02:24:11.754000+00:00,yes,0.5,,0.98,0.02,30.0,30.0,pmxt_archive_orderbook
2126503,2026-05-28 02:24:11.756000+00:00,yes,0.5,,0.98,0.02,30.0,30.0,pmxt_archive_orderbook
2126503,2026-05-28 02:24:11.768000+00:00,yes,0.5,,0.98,0.02,30.0,30.0,pmxt_archive_orderbook
2126503,2026-05-28 02:24:11.777000+00:00,yes,0.5,,0.98,0.02,30.0,30.0,pmxt_archive_orderbook
2126503,2026-05-28 02:24:11.779000+00:00,yes,0.5,,0.98,0.02,30.0,30.0,pmxt_archive_orderbook
2126503,2026-05-28 02:24:11.780000+00:00,yes,0.5,,0.98,0.02,30.0,30.0,pmxt_archive_orderbook
2126503,2026-05-28 02:24:11.783000+00:00,yes,0.5,,0.98,0.02,30.0,30.0,pmxt_archive_orderbook
2126503,2026-05-28 02:24:11.786000+00:00,yes,0.5,,0.98,0.02,30.0,30.0,pmxt_archive_orderbook
2126503,2026-05-28 02:24:11.795000+00:00,yes,0.5,,0.98,0.02,30.0,30.0,pmxt_archive_orderbook
2126503,2026-05-28 02:24:11.796000+00:00,yes,0.5,,0.98,0.02,30.0,30.0,pmxt_archive_orderbook
2126503,2026-05-28 02:24:11.804000+00:00,yes,0.5,,0.98,0.02,30.0,30.0,pmxt_archive_orderbook
2126503,2026-05-28 02:24:11.979000+00:00,yes,0.5,,0.98,0.02,30.0,30.0,pmxt_archive_orderbook
2126503,2026-05-28 02:24:12.084000+00:00,yes,0.5,,0.98,0.02,30.0,30.0,pmxt_archive_orderbook
2126503,2026-05-28 02:24:12.089000+00:00,yes,0.5,,0.98,0.02,30.0,30.0,pmxt_archive_orderbook
2126503,2026-05-28 02:24:12.093000+00:00,yes,0.5,,0.98,0.02,30.0,30.0,pmxt_archive_orderbook
2126503,2026-05-28 02:24:12.097000+00:00,yes,0.5,,0.98,0.02,30.0,30.0,pmxt_archive_orderbook
2126503,2026-05-28 02:24:12.117000+00:00,yes,0.5,,0.98,0.02,30.0,30.0,pmxt_archive_orderbook
2126503,2026-05-28 02:24:12.295000+00:00,yes,0.5,,0.98,0.02,30.0,30.0,pmxt_archive_orderbook
2126503,2026-05-28 02:24:12.302000+00:00,yes,0.5,,0.98,0.02,30.0,30.0,pmxt_archive_orderbook
2126503,2026-05-28 02:24:12.305000+00:00,yes,0.5,,0.98,0.02,30.0,30.0,pmxt_archive_orderbook
2126503,2026-05-28 02:24:12.323000+00:00,yes,0.5,,0.98,0.02,30.0,30.0,pmxt_archive_orderbook
2126503,2026-05-28 02:24:12.359000+00:00,yes,0.5,,0.98,0.02,30.0,30.0,pmxt_archive_orderbook
2126503,2026-05-28 02:24:12.360000+00:00,yes,0.5,,0.98,0.02,30.0,30.0,pmxt_archive_orderbook
2126503,2026-05-28 02:24:12.367000+00:00,yes,0.5,,0.98,0.02,30.0,30.0,pmxt_archive_orderbook
2126503,2026-05-28 02:24:12.369000+00:00,yes,0.5,,0.98,0.02,30.0,30.0,pmxt_archive_orderbook
2126503,2026-05-28 02:24:12.371000+00:00,yes,0.5,,0.98,0.02,30.0,30.0,pmxt_archive_orderbook
2126503,2026-05-28 02:24:12.375000+00:00,yes,0.5,,0.98,0.02,30.0,30.0,pmxt_archive_orderbook
2126503,2026-05-28 02:24:12.377000+00:00,yes,0.5,,0.98,0.02,30.0,30.0,pmxt_archive_orderbook
2126503,2026-05-28 02:24:12.379000+00:00,yes,0.5,,0.98,0.02,30.0,30.0,pmxt_archive_orderbook
2126503,2026-05-28 02:24:12.380000+00:00,yes,0.5,,0.98,0.02,30.0,30.0,pmxt_archive_orderbook
2126503,2026-05-28 02:24:12.382000+00:00,yes,0.5,,0.98,0.02,30.0,30.0,pmxt_archive_orderbook
2126503,2026-05-28 02:24:12.410000+00:00,yes,0.5,,0.98,0.02,30.0,30.0,pmxt_archive_orderbook
2126503,2026-05-28 02:24:12.416000+00:00,yes,0.5,,0.98,0.02,30.0,30.0,pmxt_archive_orderbook
2126503,2026-05-28 02:24:12.417000+00:00,yes,0.5,,0.98,0.02,30.0,30.0,pmxt_archive_orderbook
2126503,2026-05-28 02:24:12.577000+00:00,yes,0.5,,0.98,0.02,30.0,30.0,pmxt_archive_orderbook
2126503,2026-05-28 02:24:12.578000+00:00,yes,0.5,,0.98,0.02,30.0,30.0,pmxt_archive_orderbook
2126503,2026-05-28 02:24:12.587000+00:00,yes,0.5,,0.98,0.02,30.0,30.0,pmxt_archive_orderbook
2126503,2026-05-28 02:24:12.589000+00:00,yes,0.5,,0.98,0.02,30.0,30.0,pmxt_archive_orderbook
2126503,2026-05-28 02:24:12.605000+00:00,yes,0.5,,0.98,0.02,30.0,30.0,pmxt_archive_orderbook
2126503,2026-05-28 02:24:12.606000+00:00,yes,0.5,,0.98,0.02,30.0,30.0,pmxt_archive_orderbook
2126503,2026-05-28 02:24:12.620000+00:00,yes,0.5,,0.98,0.02,30.0,30.0,pmxt_archive_orderbook
2126503,2026-05-28 02:24:12.697000+00:00,yes,0.5,,0.98,0.02,30.0,30.0,pmxt_archive_orderbook
2126503,2026-05-28 02:24:12.708000+00:00,yes,0.5,,0.98,0.02,30.0,30.0,pmxt_archive_orderbook
2126503,2026-05-28 02:24:12.711000+00:00,yes,0.5,,0.98,0.02,30.0,30.0,pmxt_archive_orderbook
2126503,2026-05-28 02:24:12.712000+00:00,yes,0.5,,0.98,0.02,30.0,30.0,pmxt_archive_orderbook
2126503,2026-05-28 02:24:12.722000+00:00,yes,0.5,,0.98,0.02,30.0,30.0,pmxt_archive_orderbook
2126503,2026-05-28 02:24:12.723000+00:00,yes,0.5,,0.98,0.02,30.0,30.0,pmxt_archive_orderbook
2126503,2026-05-28 02:24:12.927000+00:00,yes,0.5,,0.98,0.02,30.0,30.0,pmxt_archive_orderbook
2126503,2026-05-28 02:24:12.930000+00:00,yes,0.5,,0.98,0.02,30.0,30.0,pmxt_archive_orderbook
2126503,2026-05-28 02:24:12.934000+00:00,yes,0.5,,0.98,0.02,30.0,30.0,pmxt_archive_orderbook
2126503,2026-05-28 02:24:12.937000+00:00,yes,0.5,,0.98,0.02,30.0,30.0,pmxt_archive_orderbook
2126503,2026-05-28 02:24:12.954000+00:00,yes,0.5,,0.98,0.02,30.0,30.0,pmxt_archive_orderbook
2126503,2026-05-28 02:24:12.956000+00:00,yes,0.5,,0.98,0.02,30.0,30.0,pmxt_archive_orderbook
2126503,2026-05-28 02:24:12.960000+00:00,yes,0.5,,0.98,0.02,30.0,30.0,pmxt_archive_orderbook
2126503,2026-05-28 02:24:12.962000+00:00,yes,0.5,,0.98,0.02,30.0,30.0,pmxt_archive_orderbook
2126503,2026-05-28 02:24:12.991000+00:00,yes,0.5,,0.98,0.02,30.0,30.0,pmxt_archive_orderbook
2126503,2026-05-28 02:24:12.992000+00:00,yes,0.5,,0.98,0.02,30.0,30.0,pmxt_archive_orderbook
2126503,2026-05-28 02:24:12.993000+00:00,yes,0.5,,0.98,0.02,30.0,30.0,pmxt_archive_orderbook
2126503,2026-05-28 02:24:12.997000+00:00,yes,0.5,,0.98,0.02,30.0,30.0,pmxt_archive_orderbook
2126503,2026-05-28 02:24:13.016000+00:00,yes,0.5,,0.98,0.02,30.0,30.0,pmxt_archive_orderbook
2126503,2026-05-28 02:24:13.017000+00:00,yes,0.5,,0.98,0.02,30.0,30.0,pmxt_archive_orderbook
2126503,2026-05-28 02:24:13.019000+00:00,yes,0.5,,0.98,0.02,30.0,30.0,pmxt_archive_orderbook
2126503,2026-05-28 02:24:13.023000+00:00,yes,0.5,,0.98,0.02,30.0,30.0,pmxt_archive_orderbook
2126503,2026-05-28 02:24:13.030000+00:00,yes,0.5,,0.98,0.02,30.0,30.0,pmxt_archive_orderbook
2126503,2026-05-28 02:24:13.062000+00:00,yes,0.5,,0.98,0.02,30.0,30.0,pmxt_archive_orderbook
2126503,2026-05-28 02:24:13.065000+00:00,yes,0.5,,0.98,0.02,30.0,30.0,pmxt_archive_orderbook
2126503,2026-05-28 02:24:13.066000+00:00,yes,0.5,,0.98,0.02,30.0,30.0,pmxt_archive_orderbook
2126503,2026-05-28 02:24:13.070000+00:00,yes,0.5,,0.98,0.02,30.0,30.0,pmxt_archive_orderbook
2126503,2026-05-28 02:24:13.073000+00:00,yes,0.5,,0.98,0.02,30.0,30.0,pmxt_archive_orderbook
2126503,2026-05-28 02:24:13.080000+00:00,yes,0.5,,0.98,0.02,30.0,30.0,pmxt_archive_orderbook
2126503,2026-05-28 02:24:13.083000+00:00,yes,0.5,,0.98,0.02,30.0,30.0,pmxt_archive_orderbook
2126503,2026-05-28 02:24:13.085000+00:00,yes,0.5,,0.98,0.02,30.0,30.0,pmxt_archive_orderbook
2126503,2026-05-28 02:24:13.205000+00:00,yes,0.5,,0.98,0.02,30.0,30.0,pmxt_archive_orderbook
2126503,2026-05-28 02:24:13.209000+00:00,yes,0.5,,0.98,0.02,30.0,30.0,pmxt_archive_orderbook
2126503,2026-05-28 02:24:13.213000+00:00,yes,0.5,,0.98,0.02,30.0,30.0,pmxt_archive_orderbook
2126503,2026-05-28 02:24:13.220000+00:00,yes,0.5,,0.98,0.02,30.0,30.0,pmxt_archive_orderbook
2126503,2026-05-28 02:24:13.261000+00:00,yes,0.5,,0.98,0.02,30.0,30.0,pmxt_archive_orderbook
2126503,2026-05-28 02:24:13.269000+00:00,yes,0.5,,0.98,0.02,30.0,30.0,pmxt_archive_orderbook
2126503,2026-05-28 02:24:13.275000+00:00,yes,0.5,,0.98,0.02,30.0,30.0,pmxt_archive_orderbook
2126503,2026-05-28 02:24:13.277000+00:00,yes,0.5,,0.98,0.02,30.0,30.0,pmxt_archive_orderbook
2126503,2026-05-28 02:24:13.284000+00:00,yes,0.5,,0.98,0.02,30.0,30.0,pmxt_archive_orderbook
2126503,2026-05-28 02:24:13.301000+00:00,yes,0.5,,0.98,0.02,30.0,30.0,pmxt_archive_orderbook
2126503,2026-05-28 02:24:13.331000+00:00,yes,0.5,,0.98,0.02,30.0,30.0,pmxt_archive_orderbook
2126503,2026-05-28 02:24:13.378000+00:00,yes,0.5,,0.98,0.02,30.0,30.0,pmxt_archive_orderbook
2126503,2026-05-28 02:24:13.385000+00:00,yes,0.5,,0.98,0.02,30.0,30.0,pmxt_archive_orderbook
2126503,2026-05-28 02:24:13.388000+00:00,yes,0.5,,0.98,0.02,30.0,30.0,pmxt_archive_orderbook
2126503,2026-05-28 02:24:13.390000+00:00,yes,0.5,,0.98,0.02,30.0,30.0,pmxt_archive_orderbook
2126503,2026-05-28 02:24:13.393000+00:00,yes,0.5,,0.98,0.02,30.0,30.0,pmxt_archive_orderbook
2126503,2026-05-28 02:24:13.402000+00:00,yes,0.5,,0.98,0.02,30.0,30.0,pmxt_archive_orderbook
2126503,2026-05-28 02:24:13.422000+00:00,yes,0.5,,0.98,0.02,30.0,30.0,pmxt_archive_orderbook
2126503,2026-05-28 02:24:13.543000+00:00,yes,0.5,,0.98,0.02,30.0,30.0,pmxt_archive_orderbook
2126503,2026-05-28 02:24:13.580000+00:00,yes,0.5,,0.98,0.02,30.0,30.0,pmxt_archive_orderbook
2126503,2026-05-28 02:24:13.582000+00:00,yes,0.5,,0.98,0.02,30.0,30.0,pmxt_archive_orderbook
2126503,2026-05-28 02:24:13.741000+00:00,yes,0.5,,0.98,0.02,30.0,30.0,pmxt_archive_orderbook
2126503,2026-05-28 02:24:13.747000+00:00,yes,0.5,,0.98,0.02,30.0,30.0,pmxt_archive_orderbook
2126503,2026-05-28 02:24:13.749000+00:00,yes,0.5,,0.98,0.02,30.0,30.0,pmxt_archive_orderbook
2126503,2026-05-28 02:24:13.762000+00:00,yes,0.5,,0.98,0.02,30.0,30.0,pmxt_archive_orderbook
2126503,2026-05-28 02:24:13.765000+00:00,yes,0.5,,0.98,0.02,30.0,30.0,pmxt_archive_orderbook
2126503,2026-05-28 02:24:13.771000+00:00,yes,0.5,,0.98,0.02,30.0,30.0,pmxt_archive_orderbook
2126503,2026-05-28 02:24:13.773000+00:00,yes,0.5,,0.98,0.02,30.0,30.0,pmxt_archive_orderbook
2126503,2026-05-28 02:24:13.782000+00:00,yes,0.5,,0.98,0.02,30.0,30.0,pmxt_archive_orderbook
2126503,2026-05-28 02:24:13.784000+00:00,yes,0.5,,0.98,0.02,30.0,30.0,pmxt_archive_orderbook
2126503,2026-05-28 02:24:13.786000+00:00,yes,0.5,,0.98,0.02,30.0,30.0,pmxt_archive_orderbook
2126503,2026-05-28 02:24:13.825000+00:00,yes,0.5,,0.98,0.02,30.0,30.0,pmxt_archive_orderbook
2126503,2026-05-28 02:24:13.830000+00:00,yes,0.5,,0.98,0.02,30.0,30.0,pmxt_archive_orderbook
2126503,2026-05-28 02:24:13.837000+00:00,yes,0.5,,0.98,0.02,30.0,30.0,pmxt_archive_orderbook
2126503,2026-05-28 02:24:13.843000+00:00,yes,0.5,,0.98,0.02,30.0,30.0,pmxt_archive_orderbook
2126503,2026-05-28 02:24:13.845000+00:00,yes,0.5,,0.98,0.02,30.0,30.0,pmxt_archive_orderbook
2126503,2026-05-28 02:24:13.877000+00:00,yes,0.5,,0.98,0.02,30.0,30.0,pmxt_archive_orderbook
2126503,2026-05-28 02:24:13.896000+00:00,yes,0.5,,0.98,0.02,30.0,30.0,pmxt_archive_orderbook
2126503,2026-05-28 02:24:13.906000+00:00,yes,0.5,,0.98,0.02,30.0,30.0,pmxt_archive_orderbook
2126503,2026-05-28 02:24:13.913000+00:00,yes,0.5,,0.98,0.02,30.0,30.0,pmxt_archive_orderbook
2126503,2026-05-28 02:24:13.917000+00:00,yes,0.5,,0.98,0.02,30.0,30.0,pmxt_archive_orderbook
2126503,2026-05-28 02:24:13.924000+00:00,yes,0.5,,0.98,0.02,30.0,30.0,pmxt_archive_orderbook
2126503,2026-05-28 02:24:13.928000+00:00,yes,0.5,,0.98,0.02,30.0,30.0,pmxt_archive_orderbook
2126503,2026-05-28 02:24:14.024000+00:00,yes,0.5,,0.98,0.02,30.0,30.0,pmxt_archive_orderbook
2126503,2026-05-28 02:24:14.032000+00:00,yes,0.5,,0.98,0.02,30.0,30.0,pmxt_archive_orderbook
2126503,2026-05-28 02:24:14.045000+00:00,yes,0.5,,0.98,0.02,30.0,30.0,pmxt_archive_orderbook
2126503,2026-05-28 02:24:14.047000+00:00,yes,0.5,,0.98,0.02,30.0,30.0,pmxt_archive_orderbook
2126503,2026-05-28 02:24:14.107000+00:00,yes,0.5,,0.98,0.02,30.0,30.0,pmxt_archive_orderbook
2126503,2026-05-28 02:24:14.161000+00:00,yes,0.5,,0.98,0.02,30.0,30.0,pmxt_archive_orderbook
2126503,2026-05-28 02:24:14.163000+00:00,yes,0.5,,0.98,0.02,30.0,30.0,pmxt_archive_orderbook
2126503,2026-05-28 02:24:14.168000+00:00,yes,0.5,,0.98,0.02,30.0,30.0,pmxt_archive_orderbook
2126503,2026-05-28 02:24:14.172000+00:00,yes,0.5,,0.98,0.02,30.0,30.0,pmxt_archive_orderbook
2126503,2026-05-28 02:24:14.173000+00:00,yes,0.5,,0.98,0.02,30.0,30.0,pmxt_archive_orderbook
2126503,2026-05-28 02:24:14.175000+00:00,yes,0.5,,0.98,0.02,30.0,30.0,pmxt_archive_orderbook
2126503,2026-05-28 02:24:14.186000+00:00,yes,0.5,,0.98,0.02,30.0,30.0,pmxt_archive_orderbook
2126503,2026-05-28 02:24:14.188000+00:00,yes,0.5,,0.98,0.02,30.0,30.0,pmxt_archive_orderbook
2126503,2026-05-28 02:24:14.202000+00:00,yes,0.5,,0.98,0.02,30.0,30.0,pmxt_archive_orderbook
2126503,2026-05-28 02:24:14.206000+00:00,yes,0.5,,0.98,0.02,30.0,30.0,pmxt_archive_orderbook
2126503,2026-05-28 02:24:14.215000+00:00,yes,0.5,,0.98,0.02,30.0,30.0,pmxt_archive_orderbook
2126503,2026-05-28 02:24:14.219000+00:00,yes,0.5,,0.98,0.02,30.0,30.0,pmxt_archive_orderbook
2126503,2026-05-28 02:24:14.389000+00:00,yes,0.5,,0.98,0.02,30.0,30.0,pmxt_archive_orderbook
2126503,2026-05-28 02:24:14.397000+00:00,yes,0.5,,0.98,0.02,30.0,30.0,pmxt_archive_orderbook
2126503,2026-05-28 02:24:14.400000+00:00,yes,0.5,,0.98,0.02,30.0,30.0,pmxt_archive_orderbook
2126503,2026-05-28 02:24:14.403000+00:00,yes,0.5,,0.98,0.02,30.0,30.0,pmxt_archive_orderbook
2126503,2026-05-28 02:24:14.413000+00:00,yes,0.5,,0.98,0.02,30.0,30.0,pmxt_archive_orderbook
2126503,2026-05-28 02:24:14.416000+00:00,yes,0.5,,0.98,0.02,30.0,30.0,pmxt_archive_orderbook
2126503,2026-05-28 02:24:14.776000+00:00,yes,0.5,,0.98,0.02,30.0,30.0,pmxt_archive_orderbook
2126503,2026-05-28 02:24:15.043000+00:00,yes,0.5,,0.98,0.02,30.0,30.0,pmxt_archive_orderbook
2126503,2026-05-28 02:24:15.397000+00:00,yes,0.5,,0.98,0.02,30.0,30.0,pmxt_archive_orderbook
2126503,2026-05-28 02:24:15.409000+00:00,yes,0.5,,0.98,0.02,30.0,30.0,pmxt_archive_orderbook
2126503,2026-05-28 02:24:15.412000+00:00,yes,0.5,,0.98,0.02,30.0,30.0,pmxt_archive_orderbook
2126503,2026-05-28 02:24:15.415000+00:00,yes,0.5,,0.98,0.02,30.0,30.0,pmxt_archive_orderbook
2126503,2026-05-28 02:24:15.424000+00:00,yes,0.5,,0.98,0.02,30.0,30.0,pmxt_archive_orderbook
2126503,2026-05-28 02:24:15.428000+00:00,yes,0.5,,0.98,0.02,30.0,30.0,pmxt_archive_orderbook
2126503,2026-05-28 02:24:15.435000+00:00,yes,0.5,,0.98,0.02,30.0,30.0,pmxt_archive_orderbook
2126503,2026-05-28 02:24:15.440000+00:00,yes,0.5,,0.98,0.02,30.0,30.0,pmxt_archive_orderbook
2126503,2026-05-28 02:24:15.462000+00:00,yes,0.5,,0.98,0.02,30.0,30.0,pmxt_archive_orderbook
2126503,2026-05-28 02:24:15.508000+00:00,yes,0.5,,0.98,0.02,30.0,30.0,pmxt_archive_orderbook
2126503,2026-05-28 02:24:15.546000+00:00,yes,0.5,,0.98,0.02,30.0,30.0,pmxt_archive_orderbook
2126503,2026-05-28 02:24:15.568000+00:00,yes,0.5,,0.98,0.02,30.0,30.0,pmxt_archive_orderbook
2126503,2026-05-28 02:24:15.570000+00:00,yes,0.5,,0.98,0.02,30.0,30.0,pmxt_archive_orderbook
2126503,2026-05-28 02:24:15.575000+00:00,yes,0.5,,0.98,0.02,30.0,30.0,pmxt_archive_orderbook
2126503,2026-05-28 02:24:15.579000+00:00,yes,0.5,,0.98,0.02,30.0,30.0,pmxt_archive_orderbook
2126503,2026-05-28 02:24:15.593000+00:00,yes,0.5,,0.98,0.02,30.0,30.0,pmxt_archive_orderbook
2126503,2026-05-28 02:24:15.649000+00:00,yes,0.5,,0.98,0.02,30.0,30.0,pmxt_archive_orderbook
2126503,2026-05-28 02:24:16.089000+00:00,yes,0.5,,0.98,0.02,30.0,30.0,pmxt_archive_orderbook
2126503,2026-05-28 02:24:16.372000+00:00,yes,0.5,,0.98,0.02,30.0,30.0,pmxt_archive_orderbook
2126503,2026-05-28 02:24:16.374000+00:00,yes,0.5,,0.98,0.02,30.0,30.0,pmxt_archive_orderbook
2126503,2026-05-28 02:24:17.291000+00:00,yes,0.5,,0.98,0.02,30.0,30.0,pmxt_archive_orderbook
2126503,2026-05-28 02:24:17.376000+00:00,yes,0.5,,0.98,0.02,30.0,30.0,pmxt_archive_orderbook
2126503,2026-05-28 02:24:17.622000+00:00,yes,0.5,,0.98,0.02,30.0,30.0,pmxt_archive_orderbook
2126503,2026-05-28 02:24:17.698000+00:00,yes,0.5,,0.98,0.02,30.0,30.0,pmxt_archive_orderbook
2126503,2026-05-28 02:24:17.789000+00:00,yes,0.5,,0.98,0.02,30.0,30.0,pmxt_archive_orderbook
2126503,2026-05-28 02:24:18.307000+00:00,yes,0.5,,0.98,0.02,30.0,30.0,pmxt_archive_orderbook
2126503,2026-05-28 02:24:18.313000+00:00,yes,0.5,,0.98,0.02,30.0,30.0,pmxt_archive_orderbook
2126503,2026-05-28 02:24:18.404000+00:00,yes,0.5,,0.98,0.02,30.0,30.0,pmxt_archive_orderbook
2126503,2026-05-28 02:24:18.407000+00:00,yes,0.5,,0.98,0.02,30.0,30.0,pmxt_archive_orderbook
2126503,2026-05-28 02:24:18.434000+00:00,yes,0.5,,0.98,0.02,30.0,30.0,pmxt_archive_orderbook
2126503,2026-05-28 02:24:18.439000+00:00,yes,0.5,,0.98,0.02,30.0,30.0,pmxt_archive_orderbook
2126503,2026-05-28 02:24:18.446000+00:00,yes,0.5,,0.98,0.02,30.0,30.0,pmxt_archive_orderbook
2126503,2026-05-28 02:24:18.453000+00:00,yes,0.5,,0.98,0.02,15030.0,30.0,pmxt_archive_orderbook
2126503,2026-05-28 02:24:18.483000+00:00,yes,0.5,,0.98,0.02,15022.0,15030.0,pmxt_archive_orderbook
2126503,2026-05-28 02:24:18.587000+00:00,yes,0.505,,0.99,0.02,50.0,15022.0,pmxt_archive_orderbook
2126503,2026-05-28 02:24:18.684000+00:00,yes,0.495,,0.98,0.01,15022.0,50.0,pmxt_archive_orderbook
2126503,2026-05-28 02:24:18.854000+00:00,yes,0.5,,0.98,0.02,15022.0,15000.0,pmxt_archive_orderbook
2126503,2026-05-28 02:24:18.975000+00:00,yes,0.5,,0.98,0.02,15022.0,15000.0,pmxt_archive_orderbook
2126503,2026-05-28 02:24:19.413000+00:00,yes,0.5,,0.98,0.02,15022.0,15022.0,pmxt_archive_orderbook
2126503,2026-05-28 02:24:19.481000+00:00,yes,0.5,,0.98,0.02,15022.0,15022.0,pmxt_archive_orderbook
2126503,2026-05-28 02:24:19.633000+00:00,yes,0.505,,0.99,0.02,10.1,15022.0,pmxt_archive_orderbook
2126503,2026-05-28 02:24:19.904000+00:00,yes,0.5,,0.99,0.01,10.1,10.1,pmxt_archive_orderbook
2126503,2026-05-28 02:24:20.563000+00:00,yes,0.5,,0.99,0.01,10.1,10.1,pmxt_archive_orderbook
2126503,2026-05-28 02:24:20.565000+00:00,yes,0.5,,0.99,0.01,10.1,10.1,pmxt_archive_orderbook
2126503,2026-05-28 02:24:20.569000+00:00,yes,0.5,,0.99,0.01,10.1,10.1,pmxt_archive_orderbook
2126503,2026-05-28 02:24:20.573000+00:00,yes,0.5,,0.99,0.01,10.1,10.1,pmxt_archive_orderbook
2126503,2026-05-28 02:24:20.575000+00:00,yes,0.5,,0.99,0.01,10.1,10.1,pmxt_archive_orderbook
2126503,2026-05-28 02:24:20.583000+00:00,yes,0.5,,0.99,0.01,10.1,10.1,pmxt_archive_orderbook
2126503,2026-05-28 02:24:20.602000+00:00,yes,0.5,,0.99,0.01,10.1,10.1,pmxt_archive_orderbook
2126503,2026-05-28 02:24:20.870000+00:00,yes,0.495,,0.98,0.01,15000.0,10.1,pmxt_archive_orderbook
2126503,2026-05-28 02:24:20.921000+00:00,yes,0.5,,0.98,0.02,15000.0,15000.0,pmxt_archive_orderbook
2126503,2026-05-28 02:24:20.922000+00:00,yes,0.5,,0.98,0.02,15000.0,15000.0,pmxt_archive_orderbook
2126503,2026-05-28 02:24:20.945000+00:00,yes,0.5,,0.98,0.02,15000.0,15000.0,pmxt_archive_orderbook
2126503,2026-05-28 02:24:20.971000+00:00,yes,0.5,,0.98,0.02,15000.0,15000.0,pmxt_archive_orderbook
2126503,2026-05-28 02:24:21+00:00,yes,0.495,,0.98,0.01,15000.0,43.0,pmxt_archive_orderbook
2126503,2026-05-28 02:24:21.012000+00:00,yes,0.495,,0.98,0.01,15000.0,43.0,pmxt_archive_orderbook
2126503,2026-05-28 02:24:21.135000+00:00,yes,0.5,,0.99,0.01,65.0,43.0,pmxt_archive_orderbook
2126503,2026-05-28 02:24:21.138000+00:00,yes,0.5,,0.99,0.01,65.0,65.0,pmxt_archive_orderbook
2126503,2026-05-28 02:24:21.143000+00:00,yes,0.5,,0.99,0.01,65.0,65.0,pmxt_archive_orderbook
2126503,2026-05-28 02:24:21.153000+00:00,yes,0.5,,0.99,0.01,65.0,65.0,pmxt_archive_orderbook
2126503,2026-05-28 02:24:21.154000+00:00,yes,0.5,,0.99,0.01,65.0,65.0,pmxt_archive_orderbook
2126503,2026-05-28 02:24:21.158000+00:00,yes,0.5,,0.99,0.01,65.0,65.0,pmxt_archive_orderbook
2126503,2026-05-28 02:24:21.159000+00:00,yes,0.5,,0.99,0.01,65.0,65.0,pmxt_archive_orderbook
2126503,2026-05-28 02:24:21.266000+00:00,yes,0.5,,0.99,0.01,65.0,65.0,pmxt_archive_orderbook
2126503,2026-05-28 02:24:21.305000+00:00,yes,0.5,,0.99,0.01,65.0,65.0,pmxt_archive_orderbook
2126503,2026-05-28 02:24:21.313000+00:00,yes,0.5,,0.99,0.01,65.0,65.0,pmxt_archive_orderbook
2126503,2026-05-28 02:24:21.448000+00:00,yes,0.5,,0.99,0.01,65.0,43.0,pmxt_archive_orderbook
2126503,2026-05-28 02:24:21.469000+00:00,yes,0.5,,0.99,0.01,43.0,43.0,pmxt_archive_orderbook
2126503,2026-05-28 02:24:21.494000+00:00,yes,0.5,,0.99,0.01,43.0,43.0,pmxt_archive_orderbook
2126503,2026-05-28 02:24:21.517000+00:00,yes,0.5,,0.99,0.01,43.0,43.0,pmxt_archive_orderbook
2126503,2026-05-28 02:24:21.520000+00:00,yes,0.5,,0.99,0.01,43.0,43.0,pmxt_archive_orderbook
2126503,2026-05-28 02:24:21.536000+00:00,yes,0.5,,0.99,0.01,43.0,43.0,pmxt_archive_orderbook
2126503,2026-05-28 02:24:21.558000+00:00,yes,0.5,,0.99,0.01,43.0,43.0,pmxt_archive_orderbook
2126503,2026-05-28 02:24:21.631000+00:00,yes,0.5,,0.99,0.01,43.0,43.0,pmxt_archive_orderbook
2126503,2026-05-28 02:24:21.685000+00:00,yes,0.5,,0.99,0.01,43.0,43.0,pmxt_archive_orderbook
2126503,2026-05-28 02:24:22.026000+00:00,yes,0.5,,0.99,0.01,43.0,43.0,pmxt_archive_orderbook
2126503,2026-05-28 02:24:22.050000+00:00,yes,0.5,,0.99,0.01,43.0,43.0,pmxt_archive_orderbook
2126503,2026-05-28 02:24:22.064000+00:00,yes,0.5,,0.99,0.01,43.0,43.0,pmxt_archive_orderbook
2126503,2026-05-28 02:24:22.114000+00:00,yes,0.5,,0.99,0.01,43.0,43.0,pmxt_archive_orderbook
2126503,2026-05-28 02:24:22.273000+00:00,yes,0.5,,0.99,0.01,43.0,43.0,pmxt_archive_orderbook
2126503,2026-05-28 02:24:22.300000+00:00,yes,0.5,,0.99,0.01,43.0,43.0,pmxt_archive_orderbook
2126503,2026-05-28 02:24:22.328000+00:00,yes,0.5,,0.99,0.01,43.0,43.0,pmxt_archive_orderbook
2126503,2026-05-28 02:24:22.349000+00:00,yes,0.5,,0.99,0.01,43.0,43.0,pmxt_archive_orderbook
2126503,2026-05-28 02:24:22.426000+00:00,yes,0.5,,0.99,0.01,43.0,43.0,pmxt_archive_orderbook
2126503,2026-05-28 02:24:22.538000+00:00,yes,0.5,,0.99,0.01,43.0,43.0,pmxt_archive_orderbook
2126503,2026-05-28 02:24:22.550000+00:00,yes,0.5,,0.99,0.01,43.0,43.0,pmxt_archive_orderbook
2126503,2026-05-28 02:24:22.557000+00:00,yes,0.5,,0.99,0.01,43.0,43.0,pmxt_archive_orderbook
2126503,2026-05-28 02:24:22.578000+00:00,yes,0.5,,0.99,0.01,43.0,43.0,pmxt_archive_orderbook
2126503,2026-05-28 02:24:22.580000+00:00,yes,0.5,,0.99,0.01,43.0,43.0,pmxt_archive_orderbook
2126503,2026-05-28 02:24:22.594000+00:00,yes,0.5,,0.99,0.01,43.0,43.0,pmxt_archive_orderbook
2126503,2026-05-28 02:24:22.749000+00:00,yes,0.5,,0.99,0.01,43.0,43.0,pmxt_archive_orderbook
2126503,2026-05-28 02:24:22.848000+00:00,yes,0.5,,0.99,0.01,43.0,43.0,pmxt_archive_orderbook
2126503,2026-05-28 02:24:22.851000+00:00,yes,0.5,,0.99,0.01,43.0,43.0,pmxt_archive_orderbook
2126503,2026-05-28 02:24:22.852000+00:00,yes,0.5,,0.99,0.01,43.0,43.0,pmxt_archive_orderbook
2126503,2026-05-28 02:24:22.858000+00:00,yes,0.5,,0.99,0.01,43.0,43.0,pmxt_archive_orderbook
2126503,2026-05-28 02:24:23.001000+00:00,yes,0.5,,0.99,0.01,43.0,43.0,pmxt_archive_orderbook
2126503,2026-05-28 02:24:23.010000+00:00,yes,0.5,,0.99,0.01,43.0,43.0,pmxt_archive_orderbook
2126503,2026-05-28 02:24:23.139000+00:00,yes,0.5,,0.99,0.01,43.0,43.0,pmxt_archive_orderbook
2126503,2026-05-28 02:24:23.425000+00:00,yes,0.5,,0.99,0.01,43.0,43.0,pmxt_archive_orderbook
2126503,2026-05-28 02:24:24.001000+00:00,yes,0.5,,0.99,0.01,43.0,43.0,pmxt_archive_orderbook
2126503,2026-05-28 02:24:24.034000+00:00,yes,0.5,,0.99,0.01,43.0,43.0,pmxt_archive_orderbook
2126503,2026-05-28 02:24:24.039000+00:00,yes,0.5,,0.99,0.01,43.0,43.0,pmxt_archive_orderbook
2126503,2026-05-28 02:24:24.043000+00:00,yes,0.5,,0.99,0.01,43.0,43.0,pmxt_archive_orderbook
2126503,2026-05-28 02:24:24.092000+00:00,yes,0.5,,0.99,0.01,43.0,43.0,pmxt_archive_orderbook
2126503,2026-05-28 02:24:24.095000+00:00,yes,0.5,,0.99,0.01,43.0,43.0,pmxt_archive_orderbook
2126503,2026-05-28 02:24:24.096000+00:00,yes,0.5,,0.99,0.01,43.0,43.0,pmxt_archive_orderbook
2126503,2026-05-28 02:24:24.339000+00:00,yes,0.5,,0.99,0.01,43.0,43.0,pmxt_archive_orderbook
2126503,2026-05-28 02:24:24.346000+00:00,yes,0.5,,0.99,0.01,43.0,43.0,pmxt_archive_orderbook
2126503,2026-05-28 02:24:24.443000+00:00,yes,0.5,,0.99,0.01,43.0,43.0,pmxt_archive_orderbook
2126503,2026-05-28 02:24:24.559000+00:00,yes,0.5,,0.99,0.01,43.0,43.0,pmxt_archive_orderbook
2126503,2026-05-28 02:24:24.629000+00:00,yes,0.5,,0.99,0.01,43.0,43.0,pmxt_archive_orderbook
2126503,2026-05-28 02:24:24.637000+00:00,yes,0.5,,0.99,0.01,43.0,43.0,pmxt_archive_orderbook
2126503,2026-05-28 02:24:24.694000+00:00,yes,0.5,,0.99,0.01,43.0,43.0,pmxt_archive_orderbook
2126503,2026-05-28 02:24:24.701000+00:00,yes,0.5,,0.99,0.01,43.0,43.0,pmxt_archive_orderbook
2126503,2026-05-28 02:24:24.713000+00:00,yes,0.5,,0.99,0.01,43.0,43.0,pmxt_archive_orderbook
2126503,2026-05-28 02:24:24.715000+00:00,yes,0.5,,0.99,0.01,43.0,43.0,pmxt_archive_orderbook
2126503,2026-05-28 02:24:24.722000+00:00,yes,0.5,,0.99,0.01,43.0,43.0,pmxt_archive_orderbook
2126503,2026-05-28 02:24:24.810000+00:00,yes,0.5,,0.99,0.01,43.0,43.0,pmxt_archive_orderbook
2126503,2026-05-28 02:24:24.828000+00:00,yes,0.5,,0.99,0.01,43.0,43.0,pmxt_archive_orderbook
2126503,2026-05-28 02:24:24.894000+00:00,yes,0.5,,0.99,0.01,43.0,43.0,pmxt_archive_orderbook
2126503,2026-05-28 02:24:24.899000+00:00,yes,0.5,,0.99,0.01,43.0,43.0,pmxt_archive_orderbook
2126503,2026-05-28 02:24:24.929000+00:00,yes,0.5,,0.99,0.01,43.0,43.0,pmxt_archive_orderbook
2126503,2026-05-28 02:24:24.974000+00:00,yes,0.5,,0.99,0.01,43.0,43.0,pmxt_archive_orderbook
2126503,2026-05-28 02:24:25.003000+00:00,yes,0.5,,0.99,0.01,43.0,43.0,pmxt_archive_orderbook
2126503,2026-05-28 02:24:25.004000+00:00,yes,0.5,,0.99,0.01,43.0,43.0,pmxt_archive_orderbook
2126503,2026-05-28 02:24:25.059000+00:00,yes,0.5,,0.99,0.01,43.0,43.0,pmxt_archive_orderbook
2126503,2026-05-28 02:24:25.062000+00:00,yes,0.5,,0.99,0.01,43.0,43.0,pmxt_archive_orderbook
2126503,2026-05-28 02:24:25.102000+00:00,yes,0.5,,0.99,0.01,43.0,43.0,pmxt_archive_orderbook
2126503,2026-05-28 02:24:25.104000+00:00,yes,0.5,,0.99,0.01,43.0,43.0,pmxt_archive_orderbook
2126503,2026-05-28 02:24:25.122000+00:00,yes,0.5,,0.99,0.01,43.0,43.0,pmxt_archive_orderbook
2126503,2026-05-28 02:24:25.126000+00:00,yes,0.5,,0.99,0.01,43.0,43.0,pmxt_archive_orderbook
2126503,2026-05-28 02:24:25.156000+00:00,yes,0.5,,0.99,0.01,43.0,43.0,pmxt_archive_orderbook
2126503,2026-05-28 02:24:25.163000+00:00,yes,0.5,,0.99,0.01,43.0,43.0,pmxt_archive_orderbook
2126503,2026-05-28 02:24:25.190000+00:00,yes,0.5,,0.99,0.01,43.0,43.0,pmxt_archive_orderbook
2126503,2026-05-28 02:24:25.498000+00:00,yes,0.5,,0.99,0.01,43.0,43.0,pmxt_archive_orderbook
2126503,2026-05-28 02:24:25.530000+00:00,yes,0.5,,0.99,0.01,43.0,43.0,pmxt_archive_orderbook
2126503,2026-05-28 02:24:25.543000+00:00,yes,0.5,,0.99,0.01,43.0,43.0,pmxt_archive_orderbook
2126503,2026-05-28 02:24:25.558000+00:00,yes,0.5,,0.99,0.01,43.0,43.0,pmxt_archive_orderbook
2126503,2026-05-28 02:24:25.594000+00:00,yes,0.5,,0.99,0.01,43.0,43.0,pmxt_archive_orderbook
2126503,2026-05-28 02:24:25.641000+00:00,yes,0.5,,0.99,0.01,43.0,43.0,pmxt_archive_orderbook
2126503,2026-05-28 02:24:25.691000+00:00,yes,0.5,,0.99,0.01,43.0,43.0,pmxt_archive_orderbook
2126503,2026-05-28 02:24:25.706000+00:00,yes,0.5,,0.99,0.01,43.0,43.0,pmxt_archive_orderbook
2126503,2026-05-28 02:24:25.770000+00:00,yes,0.5,,0.99,0.01,43.0,43.0,pmxt_archive_orderbook
2126503,2026-05-28 02:24:25.773000+00:00,yes,0.5,,0.99,0.01,43.0,43.0,pmxt_archive_orderbook
2126503,2026-05-28 02:24:25.799000+00:00,yes,0.5,,0.99,0.01,43.0,43.0,pmxt_archive_orderbook
2126503,2026-05-28 02:24:25.815000+00:00,yes,0.5,,0.99,0.01,43.0,43.0,pmxt_archive_orderbook
2126503,2026-05-28 02:24:25.821000+00:00,yes,0.5,,0.99,0.01,43.0,43.0,pmxt_archive_orderbook
2126503,2026-05-28 02:24:25.824000+00:00,yes,0.5,,0.99,0.01,43.0,43.0,pmxt_archive_orderbook
2126503,2026-05-28 02:24:25.830000+00:00,yes,0.5,,0.99,0.01,43.0,43.0,pmxt_archive_orderbook
2126503,2026-05-28 02:24:25.882000+00:00,yes,0.5,,0.99,0.01,43.0,43.0,pmxt_archive_orderbook
2126503,2026-05-28 02:24:25.884000+00:00,yes,0.5,,0.99,0.01,43.0,43.0,pmxt_archive_orderbook
2126503,2026-05-28 02:24:25.905000+00:00,yes,0.5,,0.99,0.01,43.0,43.0,pmxt_archive_orderbook
2126503,2026-05-28 02:24:25.975000+00:00,yes,0.5,,0.99,0.01,43.0,43.0,pmxt_archive_orderbook
2126503,2026-05-28 02:24:26.023000+00:00,yes,0.5,,0.99,0.01,43.0,43.0,pmxt_archive_orderbook
2126503,2026-05-28 02:24:26.077000+00:00,yes,0.5,,0.99,0.01,43.0,43.0,pmxt_archive_orderbook
2126503,2026-05-28 02:24:26.089000+00:00,yes,0.5,,0.99,0.01,43.0,43.0,pmxt_archive_orderbook
2126503,2026-05-28 02:24:26.118000+00:00,yes,0.5,,0.99,0.01,43.0,43.0,pmxt_archive_orderbook
2126503,2026-05-28 02:24:26.143000+00:00,yes,0.5,,0.99,0.01,43.0,43.0,pmxt_archive_orderbook
2126503,2026-05-28 02:24:26.174000+00:00,yes,0.5,,0.99,0.01,43.0,43.0,pmxt_archive_orderbook
2126503,2026-05-28 02:24:26.192000+00:00,yes,0.5,,0.99,0.01,43.0,43.0,pmxt_archive_orderbook
2126503,2026-05-28 02:24:26.454000+00:00,yes,0.5,,0.99,0.01,43.0,43.0,pmxt_archive_orderbook
2126503,2026-05-28 02:24:26.475000+00:00,yes,0.5,,0.99,0.01,43.0,43.0,pmxt_archive_orderbook
2126503,2026-05-28 02:24:26.523000+00:00,yes,0.5,,0.99,0.01,43.0,43.0,pmxt_archive_orderbook
2126503,2026-05-28 02:24:26.568000+00:00,yes,0.5,,0.99,0.01,43.0,43.0,pmxt_archive_orderbook
2126503,2026-05-28 02:24:26.580000+00:00,yes,0.5,,0.99,0.01,43.0,43.0,pmxt_archive_orderbook
2126503,2026-05-28 02:24:26.643000+00:00,yes,0.5,,0.99,0.01,43.0,43.0,pmxt_archive_orderbook
2126503,2026-05-28 02:24:26.703000+00:00,yes,0.5,,0.99,0.01,43.0,43.0,pmxt_archive_orderbook
2126503,2026-05-28 02:24:26.739000+00:00,yes,0.5,,0.99,0.01,43.0,43.0,pmxt_archive_orderbook
2126503,2026-05-28 02:24:26.851000+00:00,yes,0.5,,0.99,0.01,43.0,43.0,pmxt_archive_orderbook
2126503,2026-05-28 02:24:26.965000+00:00,yes,0.5,,0.99,0.01,43.0,43.0,pmxt_archive_orderbook
2126503,2026-05-28 02:24:27.097000+00:00,yes,0.5,,0.99,0.01,43.0,43.0,pmxt_archive_orderbook
2126503,2026-05-28 02:24:27.350000+00:00,yes,0.5,,0.99,0.01,43.0,43.0,pmxt_archive_orderbook
2126503,2026-05-28 02:24:27.389000+00:00,yes,0.5,,0.99,0.01,43.0,43.0,pmxt_archive_orderbook
2126503,2026-05-28 02:24:27.402000+00:00,yes,0.5,,0.99,0.01,43.0,43.0,pmxt_archive_orderbook
2126503,2026-05-28 02:24:27.404000+00:00,yes,0.5,,0.99,0.01,43.0,43.0,pmxt_archive_orderbook
2126503,2026-05-28 02:24:27.430000+00:00,yes,0.5,,0.99,0.01,43.0,43.0,pmxt_archive_orderbook
2126503,2026-05-28 02:24:27.464000+00:00,yes,0.5,,0.99,0.01,43.0,43.0,pmxt_archive_orderbook
2126503,2026-05-28 02:24:27.469000+00:00,yes,0.5,,0.99,0.01,43.0,43.0,pmxt_archive_orderbook
2126503,2026-05-28 02:24:27.483000+00:00,yes,0.5,,0.99,0.01,43.0,43.0,pmxt_archive_orderbook
2126503,2026-05-28 02:24:27.494000+00:00,yes,0.5,,0.99,0.01,43.0,43.0,pmxt_archive_orderbook
2126503,2026-05-28 02:24:27.587000+00:00,yes,0.5,,0.99,0.01,43.0,43.0,pmxt_archive_orderbook
2126503,2026-05-28 02:24:27.626000+00:00,yes,0.5,,0.99,0.01,43.0,43.0,pmxt_archive_orderbook
2126503,2026-05-28 02:24:27.759000+00:00,yes,0.5,,0.99,0.01,43.0,43.0,pmxt_archive_orderbook
2126503,2026-05-28 02:24:27.770000+00:00,yes,0.5,,0.99,0.01,43.0,43.0,pmxt_archive_orderbook
2126503,2026-05-28 02:24:27.787000+00:00,yes,0.5,,0.99,0.01,43.0,43.0,pmxt_archive_orderbook
2126503,2026-05-28 02:24:27.798000+00:00,yes,0.5,,0.99,0.01,43.0,43.0,pmxt_archive_orderbook
2126503,2026-05-28 02:24:27.876000+00:00,yes,0.5,,0.99,0.01,43.0,43.0,pmxt_archive_orderbook
2126503,2026-05-28 02:24:27.879000+00:00,yes,0.5,,0.99,0.01,43.0,43.0,pmxt_archive_orderbook
2126503,2026-05-28 02:24:27.953000+00:00,yes,0.5,,0.99,0.01,43.0,43.0,pmxt_archive_orderbook
2126503,2026-05-28 02:24:28.069000+00:00,yes,0.5,,0.99,0.01,43.0,43.0,pmxt_archive_orderbook
2126503,2026-05-28 02:24:28.095000+00:00,yes,0.5,,0.99,0.01,43.0,43.0,pmxt_archive_orderbook
2126503,2026-05-28 02:24:28.120000+00:00,yes,0.5,,0.99,0.01,43.0,43.0,pmxt_archive_orderbook
2126503,2026-05-28 02:24:28.122000+00:00,yes,0.5,,0.99,0.01,43.0,43.0,pmxt_archive_orderbook
2126503,2026-05-28 02:24:28.136000+00:00,yes,0.5,,0.99,0.01,43.0,43.0,pmxt_archive_orderbook
2126503,2026-05-28 02:24:28.187000+00:00,yes,0.5,,0.99,0.01,43.0,43.0,pmxt_archive_orderbook
2126503,2026-05-28 02:24:28.243000+00:00,yes,0.5,,0.99,0.01,43.0,43.0,pmxt_archive_orderbook
2126503,2026-05-28 02:24:28.381000+00:00,yes,0.5,,0.99,0.01,43.0,43.0,pmxt_archive_orderbook
2126503,2026-05-28 02:24:28.432000+00:00,yes,0.5,,0.99,0.01,43.0,43.0,pmxt_archive_orderbook
2126503,2026-05-28 02:24:28.532000+00:00,yes,0.5,,0.99,0.01,43.0,43.0,pmxt_archive_orderbook
2126503,2026-05-28 02:24:28.536000+00:00,yes,0.5,,0.99,0.01,43.0,43.0,pmxt_archive_orderbook
2126503,2026-05-28 02:24:28.599000+00:00,yes,0.5,,0.99,0.01,43.0,43.0,pmxt_archive_orderbook
2126503,2026-05-28 02:24:28.630000+00:00,yes,0.5,,0.99,0.01,43.0,43.0,pmxt_archive_orderbook
2126503,2026-05-28 02:24:28.774000+00:00,yes,0.5,,0.99,0.01,43.0,43.0,pmxt_archive_orderbook
2126503,2026-05-28 02:24:28.786000+00:00,yes,0.5,,0.99,0.01,43.0,43.0,pmxt_archive_orderbook
2126503,2026-05-28 02:24:28.861000+00:00,yes,0.5,,0.99,0.01,43.0,43.0,pmxt_archive_orderbook
2126503,2026-05-28 02:24:28.970000+00:00,yes,0.5,,0.99,0.01,43.0,43.0,pmxt_archive_orderbook
2126503,2026-05-28 02:24:29.572000+00:00,yes,0.5,,0.99,0.01,43.0,43.0,pmxt_archive_orderbook
2126503,2026-05-28 02:24:29.597000+00:00,yes,0.5,,0.99,0.01,43.0,43.0,pmxt_archive_orderbook
2126503,2026-05-28 02:24:29.834000+00:00,yes,0.5,,0.99,0.01,43.0,43.0,pmxt_archive_orderbook
2126503,2026-05-28 02:24:29.890000+00:00,yes,0.5,,0.99,0.01,43.0,43.0,pmxt_archive_orderbook
2126503,2026-05-28 02:24:39.069000+00:00,yes,0.5,,0.99,0.01,643.0,43.0,pmxt_archive_orderbook
2126503,2026-05-28 02:24:41.433000+00:00,yes,0.5,,0.99,0.01,643.0,643.0,pmxt_archive_orderbook
2126503,2026-05-28 02:24:46.841000+00:00,yes,0.5,,0.99,0.01,643.0,643.0,pmxt_archive_orderbook
2126503,2026-05-28 02:24:46.844000+00:00,yes,0.5,,0.99,0.01,643.0,643.0,pmxt_archive_orderbook
2126503,2026-05-28 02:24:46.848000+00:00,yes,0.5,,0.99,0.01,643.0,643.0,pmxt_archive_orderbook
2126503,2026-05-28 02:24:46.850000+00:00,yes,0.5,,0.99,0.01,643.0,643.0,pmxt_archive_orderbook
2126503,2026-05-28 02:24:48.068000+00:00,yes,0.5,,0.99,0.01,643.0,643.0,pmxt_archive_orderbook
2126503,2026-05-28 02:24:48.133000+00:00,yes,0.5,,0.99,0.01,643.0,643.0,pmxt_archive_orderbook
2126503,2026-05-28 02:25:03.005000+00:00,yes,0.5,,0.99,0.01,641.65,643.0,pmxt_archive_orderbook
2126503,2026-05-28 02:25:03.075000+00:00,yes,0.5,,0.99,0.01,600.0,600.0,pmxt_archive_orderbook
2126503,2026-05-28 02:25:04.001000+00:00,yes,0.5,,0.99,0.01,598.68,600.0,pmxt_archive_orderbook
2126503,2026-05-28 02:25:42.497000+00:00,yes,0.48,,0.95,0.01,1229.26,596.73,pmxt_archive_orderbook
2126503,2026-05-28 02:25:51.541000+00:00,yes,0.5,,0.99,0.01,2096.73,2096.73,pmxt_archive_orderbook
2126503,2026-05-28 02:25:51.597000+00:00,yes,0.5,,0.99,0.01,2135.47,2096.73,pmxt_archive_orderbook
2126503,2026-05-28 02:25:51.876000+00:00,yes,0.5,,0.99,0.01,5135.47,2135.47,pmxt_archive_orderbook
2126503,2026-05-28 02:25:53.191000+00:00,yes,0.5,,0.99,0.01,5135.47,5135.47,pmxt_archive_orderbook
2126503,2026-05-28 02:25:53.266000+00:00,yes,0.5,,0.99,0.01,5135.47,5135.47,pmxt_archive_orderbook
2126503,2026-05-28 02:26:06+00:00,yes,0.5,,0.99,0.01,5135.47,5135.47,pmxt_archive_orderbook
2126503,2026-05-28 02:26:12.675000+00:00,yes,0.5,,0.99,0.01,5135.47,5135.47,pmxt_archive_orderbook
2126503,2026-05-28 02:26:12.960000+00:00,yes,0.5,,0.99,0.01,5135.47,5135.47,pmxt_archive_orderbook
2126503,2026-05-28 02:26:12.965000+00:00,yes,0.5,,0.99,0.01,5135.47,5135.47,pmxt_archive_orderbook
2126503,2026-05-28 02:26:12.967000+00:00,yes,0.5,,0.99,0.01,5135.47,5135.47,pmxt_archive_orderbook
2126503,2026-05-28 02:26:23.328000+00:00,yes,0.5,,0.99,0.01,5135.47,5135.47,pmxt_archive_orderbook
2126503,2026-05-28 02:26:23.370000+00:00,yes,0.5,,0.99,0.01,5135.47,5135.47,pmxt_archive_orderbook
2126503,2026-05-28 02:26:23.405000+00:00,yes,0.5,,0.99,0.01,5135.47,5135.47,pmxt_archive_orderbook
2126503,2026-05-28 02:26:24.717000+00:00,yes,0.5,,0.99,0.01,5140.47,5135.47,pmxt_archive_orderbook
2126503,2026-05-28 02:26:32.238000+00:00,yes,0.5,,0.99,0.01,5140.47,5146.47,pmxt_archive_orderbook
2126503,2026-05-28 02:26:32.250000+00:00,yes,0.5,,0.99,0.01,5152.47,5152.47,pmxt_archive_orderbook
2126503,2026-05-28 02:26:32.274000+00:00,yes,0.5,,0.99,0.01,6252.47,5152.47,pmxt_archive_orderbook
2126503,2026-05-28 02:26:32.325000+00:00,yes,0.5,,0.99,0.01,7252.47,6252.47,pmxt_archive_orderbook
2126503,2026-05-28 02:26:32.336000+00:00,yes,0.5,,0.99,0.01,7297.47,7252.47,pmxt_archive_orderbook
2126503,2026-05-28 02:26:32.489000+00:00,yes,0.5,,0.99,0.01,7297.47,8307.59,pmxt_archive_orderbook
2126503,2026-05-28 02:26:32.999000+00:00,yes,0.5,,0.99,0.01,8307.59,8317.59,pmxt_archive_orderbook
2126503,2026-05-28 02:26:33.074000+00:00,yes,0.5,,0.99,0.01,12117.59,8317.59,pmxt_archive_orderbook
2126503,2026-05-28 02:26:33.729000+00:00,yes,0.5,,0.99,0.01,16317.59,16317.59,pmxt_archive_orderbook
2126503,2026-05-28 02:26:34.792000+00:00,yes,0.5,,0.99,0.01,16317.59,16317.59,pmxt_archive_orderbook
2126503,2026-05-28 02:26:34.918000+00:00,yes,0.5,,0.99,0.01,16337.59,16317.59,pmxt_archive_orderbook
2126503,2026-05-28 02:26:34.922000+00:00,yes,0.5,,0.99,0.01,16337.59,16337.59,pmxt_archive_orderbook
2126503,2026-05-28 02:26:34.962000+00:00,yes,0.5,,0.99,0.01,16337.59,16317.59,pmxt_archive_orderbook
2126503,2026-05-28 02:26:35.006000+00:00,yes,0.5,,0.99,0.01,16317.59,16317.59,pmxt_archive_orderbook
2126503,2026-05-28 02:26:35.245000+00:00,yes,0.5,,0.99,0.01,16317.59,19317.59,pmxt_archive_orderbook
2126503,2026-05-28 02:26:35.266000+00:00,yes,0.5,,0.99,0.01,23319.59,19317.59,pmxt_archive_orderbook
2126503,2026-05-28 02:26:35.268000+00:00,yes,0.5,,0.99,0.01,27323.59,27323.59,pmxt_archive_orderbook
2126503,2026-05-28 02:26:35.339000+00:00,yes,0.5,,0.99,0.01,31323.59,27323.59,pmxt_archive_orderbook
2126503,2026-05-28 02:26:39.007000+00:00,yes,0.5,,0.99,0.01,31323.59,31323.59,pmxt_archive_orderbook
2126503,2026-05-28 02:26:39.352000+00:00,yes,0.5,,0.99,0.01,31323.59,31323.59,pmxt_archive_orderbook
2126503,2026-05-28 02:26:41.308000+00:00,yes,0.5,,0.99,0.01,31323.59,31323.59,pmxt_archive_orderbook
2126503,2026-05-28 02:26:41.925000+00:00,yes,0.5,,0.99,0.01,31677.12,31323.59,pmxt_archive_orderbook
2126503,2026-05-28 02:26:41.948000+00:00,yes,0.5,,0.99,0.01,31677.12,31677.12,pmxt_archive_orderbook
2126503,2026-05-28 02:26:42.097000+00:00,yes,0.5,,0.99,0.01,31677.12,31677.12,pmxt_archive_orderbook
2126503,2026-05-28 02:26:42.102000+00:00,yes,0.5,,0.99,0.01,31677.12,31677.12,pmxt_archive_orderbook
2126503,2026-05-28 02:26:42.336000+00:00,yes,0.5,,0.99,0.01,31677.12,31677.12,pmxt_archive_orderbook
2126503,2026-05-28 02:26:42.367000+00:00,yes,0.5,,0.99,0.01,31323.59,31677.12,pmxt_archive_orderbook
2126503,2026-05-28 02:26:42.390000+00:00,yes,0.5,,0.99,0.01,31323.59,31323.59,pmxt_archive_orderbook
2126503,2026-05-28 02:26:42.446000+00:00,yes,0.5,,0.99,0.01,31323.59,31323.59,pmxt_archive_orderbook
2126503,2026-05-28 02:26:42.479000+00:00,yes,0.5,,0.99,0.01,31323.59,31323.59,pmxt_archive_orderbook
2126503,2026-05-28 02:26:42.484000+00:00,yes,0.5,,0.99,0.01,31323.59,31323.59,pmxt_archive_orderbook
2126503,2026-05-28 02:26:42.551000+00:00,yes,0.5,,0.99,0.01,31373.59,31373.59,pmxt_archive_orderbook
2126503,2026-05-28 02:26:42.562000+00:00,yes,0.5,,0.99,0.01,31423.59,31373.59,pmxt_archive_orderbook
2126503,2026-05-28 02:26:42.579000+00:00,yes,0.5,,0.99,0.01,31423.59,31423.59,pmxt_archive_orderbook
2126503,2026-05-28 02:26:42.591000+00:00,yes,0.5,,0.99,0.01,31423.59,31423.59,pmxt_archive_orderbook
2126503,2026-05-28 02:26:42.595000+00:00,yes,0.5,,0.99,0.01,31473.59,31423.59,pmxt_archive_orderbook
2126503,2026-05-28 02:26:42.636000+00:00,yes,0.5,,0.99,0.01,31473.59,31473.59,pmxt_archive_orderbook
2126503,2026-05-28 02:26:42.767000+00:00,yes,0.5,,0.99,0.01,31473.59,31473.59,pmxt_archive_orderbook
2126503,2026-05-28 02:26:42.826000+00:00,yes,0.5,,0.99,0.01,31473.59,31473.59,pmxt_archive_orderbook
2126503,2026-05-28 02:26:42.939000+00:00,yes,0.5,,0.99,0.01,31473.59,31473.59,pmxt_archive_orderbook
2126503,2026-05-28 02:26:43.110000+00:00,yes,0.5,,0.99,0.01,31473.59,31473.59,pmxt_archive_orderbook
2126503,2026-05-28 02:26:43.132000+00:00,yes,0.5,,0.99,0.01,31473.59,31473.59,pmxt_archive_orderbook
2126503,2026-05-28 02:26:43.170000+00:00,yes,0.5,,0.99,0.01,31473.59,31473.59,pmxt_archive_orderbook
2126503,2026-05-28 02:26:43.358000+00:00,yes,0.5,,0.99,0.01,31473.59,31473.59,pmxt_archive_orderbook
2126503,2026-05-28 02:26:43.499000+00:00,yes,0.5,,0.99,0.01,31473.59,31473.59,pmxt_archive_orderbook
2126503,2026-05-28 02:26:43.565000+00:00,yes,0.5,,0.99,0.01,31473.59,31473.59,pmxt_archive_orderbook
2126503,2026-05-28 02:26:43.571000+00:00,yes,0.5,,0.99,0.01,31473.59,31473.59,pmxt_archive_orderbook
2126503,2026-05-28 02:26:43.618000+00:00,yes,0.5,,0.99,0.01,31473.59,31473.59,pmxt_archive_orderbook
